watchman warning:  Recrawled this watch 15 times, most recently because:
MustScanSubDirs UserDroppedTo resolve, please review the information on
https://facebook.github.io/watchman/docs/troubleshooting.html#recrawl
To clear this warning, run:
`watchman watch-del '/Users/macmalona/Desktop/Proyecto/paktay/Paktay/packtay_mobile_front' ; watchman watch-project '/Users/macmalona/Desktop/Proyecto/paktay/Paktay/packtay_mobile_front'`

PASS __tests__/ReviewQueueForms.test.tsx
  ● Console

    console.error
      An update to ReviewQueueScreen inside a test was not wrapped in act(...).
      
      When testing, code that causes React state updates should be wrapped into act(...):
      
      act(() => {
        /* fire events that update state */
      });
      /* assert on the output */
      
      This ensures that you're testing the behavior the user would see in the browser. Learn more at https://react.dev/link/wrap-tests-with-act

      236 |     // otro comercio, y heredar la categoría del anterior es justo el error que la
      237 |     // pantalla existe para evitar.
    > 238 |     setError(null);
          |     ^
      239 |     setFocusId(null);
      240 |     setChosen(null);
      241 |     setIsPickingAll(false);

      at node_modules/react-test-renderer/cjs/react-test-renderer.development.js:14402:19
      at runWithFiberInDEV (node_modules/react-test-renderer/cjs/react-test-renderer.development.js:2315:13)
      at warnIfUpdatesNotWrappedWithActDEV (node_modules/react-test-renderer/cjs/react-test-renderer.development.js:14401:9)
      at scheduleUpdateOnFiber (node_modules/react-test-renderer/cjs/react-test-renderer.development.js:12086:9)
      at dispatchSetStateInternal (node_modules/react-test-renderer/cjs/react-test-renderer.development.js:6208:13)
      at dispatchSetState (node_modules/react-test-renderer/cjs/react-test-renderer.development.js:6165:7)
      at setError (src/features/wallet/screens/ReviewQueueScreen.tsx:238:5)
      at Object.next (src/features/wallet/screens/ReviewQueueScreen.tsx:296:7)
      at asyncGeneratorStep (node_modules/@babel/runtime/helpers/asyncToGenerator.js:3:17)
      at _next (node_modules/@babel/runtime/helpers/asyncToGenerator.js:17:9)

    console.error
      An update to ReviewQueueScreen inside a test was not wrapped in act(...).
      
      When testing, code that causes React state updates should be wrapped into act(...):
      
      act(() => {
        /* fire events that update state */
      });
      /* assert on the output */
      
      This ensures that you're testing the behavior the user would see in the browser. Learn more at https://react.dev/link/wrap-tests-with-act

      237 |     // pantalla existe para evitar.
      238 |     setError(null);
    > 239 |     setFocusId(null);
          |     ^
      240 |     setChosen(null);
      241 |     setIsPickingAll(false);
      242 |   };

      at node_modules/react-test-renderer/cjs/react-test-renderer.development.js:14402:19
      at runWithFiberInDEV (node_modules/react-test-renderer/cjs/react-test-renderer.development.js:2315:13)
      at warnIfUpdatesNotWrappedWithActDEV (node_modules/react-test-renderer/cjs/react-test-renderer.development.js:14401:9)
      at scheduleUpdateOnFiber (node_modules/react-test-renderer/cjs/react-test-renderer.development.js:12086:9)
      at dispatchSetStateInternal (node_modules/react-test-renderer/cjs/react-test-renderer.development.js:6208:13)
      at dispatchSetState (node_modules/react-test-renderer/cjs/react-test-renderer.development.js:6165:7)
      at setFocusId (src/features/wallet/screens/ReviewQueueScreen.tsx:239:5)
      at Object.next (src/features/wallet/screens/ReviewQueueScreen.tsx:296:7)
      at asyncGeneratorStep (node_modules/@babel/runtime/helpers/asyncToGenerator.js:3:17)
      at _next (node_modules/@babel/runtime/helpers/asyncToGenerator.js:17:9)

    console.error
      An update to ReviewQueueScreen inside a test was not wrapped in act(...).
      
      When testing, code that causes React state updates should be wrapped into act(...):
      
      act(() => {
        /* fire events that update state */
      });
      /* assert on the output */
      
      This ensures that you're testing the behavior the user would see in the browser. Learn more at https://react.dev/link/wrap-tests-with-act

      238 |     setError(null);
      239 |     setFocusId(null);
    > 240 |     setChosen(null);
          |     ^
      241 |     setIsPickingAll(false);
      242 |   };
      243 |

      at node_modules/react-test-renderer/cjs/react-test-renderer.development.js:14402:19
      at runWithFiberInDEV (node_modules/react-test-renderer/cjs/react-test-renderer.development.js:2315:13)
      at warnIfUpdatesNotWrappedWithActDEV (node_modules/react-test-renderer/cjs/react-test-renderer.development.js:14401:9)
      at scheduleUpdateOnFiber (node_modules/react-test-renderer/cjs/react-test-renderer.development.js:12086:9)
      at dispatchSetStateInternal (node_modules/react-test-renderer/cjs/react-test-renderer.development.js:6208:13)
      at dispatchSetState (node_modules/react-test-renderer/cjs/react-test-renderer.development.js:6165:7)
      at setChosen (src/features/wallet/screens/ReviewQueueScreen.tsx:240:5)
      at Object.next (src/features/wallet/screens/ReviewQueueScreen.tsx:296:7)
      at asyncGeneratorStep (node_modules/@babel/runtime/helpers/asyncToGenerator.js:3:17)
      at _next (node_modules/@babel/runtime/helpers/asyncToGenerator.js:17:9)

    console.error
      An update to ReviewQueueScreen inside a test was not wrapped in act(...).
      
      When testing, code that causes React state updates should be wrapped into act(...):
      
      act(() => {
        /* fire events that update state */
      });
      /* assert on the output */
      
      This ensures that you're testing the behavior the user would see in the browser. Learn more at https://react.dev/link/wrap-tests-with-act

      239 |     setFocusId(null);
      240 |     setChosen(null);
    > 241 |     setIsPickingAll(false);
          |     ^
      242 |   };
      243 |
      244 |   /**

      at node_modules/react-test-renderer/cjs/react-test-renderer.development.js:14402:19
      at runWithFiberInDEV (node_modules/react-test-renderer/cjs/react-test-renderer.development.js:2315:13)
      at warnIfUpdatesNotWrappedWithActDEV (node_modules/react-test-renderer/cjs/react-test-renderer.development.js:14401:9)
      at scheduleUpdateOnFiber (node_modules/react-test-renderer/cjs/react-test-renderer.development.js:12086:9)
      at dispatchSetStateInternal (node_modules/react-test-renderer/cjs/react-test-renderer.development.js:6208:13)
      at dispatchSetState (node_modules/react-test-renderer/cjs/react-test-renderer.development.js:6165:7)
      at setIsPickingAll (src/features/wallet/screens/ReviewQueueScreen.tsx:241:5)
      at Object.next (src/features/wallet/screens/ReviewQueueScreen.tsx:296:7)
      at asyncGeneratorStep (node_modules/@babel/runtime/helpers/asyncToGenerator.js:3:17)
      at _next (node_modules/@babel/runtime/helpers/asyncToGenerator.js:17:9)

    console.error
      An update to ReviewQueueScreen inside a test was not wrapped in act(...).
      
      When testing, code that causes React state updates should be wrapped into act(...):
      
      act(() => {
        /* fire events that update state */
      });
      /* assert on the output */
      
      This ensures that you're testing the behavior the user would see in the browser. Learn more at https://react.dev/link/wrap-tests-with-act

      297 |     } catch (failure) {
      298 |       setError(failure instanceof Error ? failure.message : 'No se pudo guardar el gasto. Inténtalo nuevamente.');
    > 299 |     } finally {saving.current = false; setIsSaving(false);}
          |                                        ^
      300 |   };
      301 |
      302 |   return (

      at node_modules/react-test-renderer/cjs/react-test-renderer.development.js:14402:19
      at runWithFiberInDEV (node_modules/react-test-renderer/cjs/react-test-renderer.development.js:2315:13)
      at warnIfUpdatesNotWrappedWithActDEV (node_modules/react-test-renderer/cjs/react-test-renderer.development.js:14401:9)
      at scheduleUpdateOnFiber (node_modules/react-test-renderer/cjs/react-test-renderer.development.js:12086:9)
      at dispatchSetStateInternal (node_modules/react-test-renderer/cjs/react-test-renderer.development.js:6208:13)
      at dispatchSetState (node_modules/react-test-renderer/cjs/react-test-renderer.development.js:6165:7)
      at Object.setIsSaving (src/features/wallet/screens/ReviewQueueScreen.tsx:299:40)
      at asyncGeneratorStep (node_modules/@babel/runtime/helpers/asyncToGenerator.js:3:17)
      at _next (node_modules/@babel/runtime/helpers/asyncToGenerator.js:17:9)

    console.error
      An update to ReviewQueueScreen inside a test was not wrapped in act(...).
      
      When testing, code that causes React state updates should be wrapped into act(...):
      
      act(() => {
        /* fire events that update state */
      });
      /* assert on the output */
      
      This ensures that you're testing the behavior the user would see in the browser. Learn more at https://react.dev/link/wrap-tests-with-act

      236 |     // otro comercio, y heredar la categoría del anterior es justo el error que la
      237 |     // pantalla existe para evitar.
    > 238 |     setError(null);
          |     ^
      239 |     setFocusId(null);
      240 |     setChosen(null);
      241 |     setIsPickingAll(false);

      at node_modules/react-test-renderer/cjs/react-test-renderer.development.js:14402:19
      at runWithFiberInDEV (node_modules/react-test-renderer/cjs/react-test-renderer.development.js:2315:13)
      at warnIfUpdatesNotWrappedWithActDEV (node_modules/react-test-renderer/cjs/react-test-renderer.development.js:14401:9)
      at scheduleUpdateOnFiber (node_modules/react-test-renderer/cjs/react-test-renderer.development.js:12086:9)
      at dispatchSetStateInternal (node_modules/react-test-renderer/cjs/react-test-renderer.development.js:6208:13)
      at dispatchSetState (node_modules/react-test-renderer/cjs/react-test-renderer.development.js:6165:7)
      at setError (src/features/wallet/screens/ReviewQueueScreen.tsx:238:5)
      at Object.next (src/features/wallet/screens/ReviewQueueScreen.tsx:296:7)
      at asyncGeneratorStep (node_modules/@babel/runtime/helpers/asyncToGenerator.js:3:17)
      at _next (node_modules/@babel/runtime/helpers/asyncToGenerator.js:17:9)

    console.error
      An update to ReviewQueueScreen inside a test was not wrapped in act(...).
      
      When testing, code that causes React state updates should be wrapped into act(...):
      
      act(() => {
        /* fire events that update state */
      });
      /* assert on the output */
      
      This ensures that you're testing the behavior the user would see in the browser. Learn more at https://react.dev/link/wrap-tests-with-act

      237 |     // pantalla existe para evitar.
      238 |     setError(null);
    > 239 |     setFocusId(null);
          |     ^
      240 |     setChosen(null);
      241 |     setIsPickingAll(false);
      242 |   };

      at node_modules/react-test-renderer/cjs/react-test-renderer.development.js:14402:19
      at runWithFiberInDEV (node_modules/react-test-renderer/cjs/react-test-renderer.development.js:2315:13)
      at warnIfUpdatesNotWrappedWithActDEV (node_modules/react-test-renderer/cjs/react-test-renderer.development.js:14401:9)
      at scheduleUpdateOnFiber (node_modules/react-test-renderer/cjs/react-test-renderer.development.js:12086:9)
      at dispatchSetStateInternal (node_modules/react-test-renderer/cjs/react-test-renderer.development.js:6208:13)
      at dispatchSetState (node_modules/react-test-renderer/cjs/react-test-renderer.development.js:6165:7)
      at setFocusId (src/features/wallet/screens/ReviewQueueScreen.tsx:239:5)
      at Object.next (src/features/wallet/screens/ReviewQueueScreen.tsx:296:7)
      at asyncGeneratorStep (node_modules/@babel/runtime/helpers/asyncToGenerator.js:3:17)
      at _next (node_modules/@babel/runtime/helpers/asyncToGenerator.js:17:9)

    console.error
      An update to ReviewQueueScreen inside a test was not wrapped in act(...).
      
      When testing, code that causes React state updates should be wrapped into act(...):
      
      act(() => {
        /* fire events that update state */
      });
      /* assert on the output */
      
      This ensures that you're testing the behavior the user would see in the browser. Learn more at https://react.dev/link/wrap-tests-with-act

      238 |     setError(null);
      239 |     setFocusId(null);
    > 240 |     setChosen(null);
          |     ^
      241 |     setIsPickingAll(false);
      242 |   };
      243 |

      at node_modules/react-test-renderer/cjs/react-test-renderer.development.js:14402:19
      at runWithFiberInDEV (node_modules/react-test-renderer/cjs/react-test-renderer.development.js:2315:13)
      at warnIfUpdatesNotWrappedWithActDEV (node_modules/react-test-renderer/cjs/react-test-renderer.development.js:14401:9)
      at scheduleUpdateOnFiber (node_modules/react-test-renderer/cjs/react-test-renderer.development.js:12086:9)
      at dispatchSetStateInternal (node_modules/react-test-renderer/cjs/react-test-renderer.development.js:6208:13)
      at dispatchSetState (node_modules/react-test-renderer/cjs/react-test-renderer.development.js:6165:7)
      at setChosen (src/features/wallet/screens/ReviewQueueScreen.tsx:240:5)
      at Object.next (src/features/wallet/screens/ReviewQueueScreen.tsx:296:7)
      at asyncGeneratorStep (node_modules/@babel/runtime/helpers/asyncToGenerator.js:3:17)
      at _next (node_modules/@babel/runtime/helpers/asyncToGenerator.js:17:9)

    console.error
      An update to ReviewQueueScreen inside a test was not wrapped in act(...).
      
      When testing, code that causes React state updates should be wrapped into act(...):
      
      act(() => {
        /* fire events that update state */
      });
      /* assert on the output */
      
      This ensures that you're testing the behavior the user would see in the browser. Learn more at https://react.dev/link/wrap-tests-with-act

      239 |     setFocusId(null);
      240 |     setChosen(null);
    > 241 |     setIsPickingAll(false);
          |     ^
      242 |   };
      243 |
      244 |   /**

      at node_modules/react-test-renderer/cjs/react-test-renderer.development.js:14402:19
      at runWithFiberInDEV (node_modules/react-test-renderer/cjs/react-test-renderer.development.js:2315:13)
      at warnIfUpdatesNotWrappedWithActDEV (node_modules/react-test-renderer/cjs/react-test-renderer.development.js:14401:9)
      at scheduleUpdateOnFiber (node_modules/react-test-renderer/cjs/react-test-renderer.development.js:12086:9)
      at dispatchSetStateInternal (node_modules/react-test-renderer/cjs/react-test-renderer.development.js:6208:13)
      at dispatchSetState (node_modules/react-test-renderer/cjs/react-test-renderer.development.js:6165:7)
      at setIsPickingAll (src/features/wallet/screens/ReviewQueueScreen.tsx:241:5)
      at Object.next (src/features/wallet/screens/ReviewQueueScreen.tsx:296:7)
      at asyncGeneratorStep (node_modules/@babel/runtime/helpers/asyncToGenerator.js:3:17)
      at _next (node_modules/@babel/runtime/helpers/asyncToGenerator.js:17:9)

    console.error
      An update to ReviewQueueScreen inside a test was not wrapped in act(...).
      
      When testing, code that causes React state updates should be wrapped into act(...):
      
      act(() => {
        /* fire events that update state */
      });
      /* assert on the output */
      
      This ensures that you're testing the behavior the user would see in the browser. Learn more at https://react.dev/link/wrap-tests-with-act

      297 |     } catch (failure) {
      298 |       setError(failure instanceof Error ? failure.message : 'No se pudo guardar el gasto. Inténtalo nuevamente.');
    > 299 |     } finally {saving.current = false; setIsSaving(false);}
          |                                        ^
      300 |   };
      301 |
      302 |   return (

      at node_modules/react-test-renderer/cjs/react-test-renderer.development.js:14402:19
      at runWithFiberInDEV (node_modules/react-test-renderer/cjs/react-test-renderer.development.js:2315:13)
      at warnIfUpdatesNotWrappedWithActDEV (node_modules/react-test-renderer/cjs/react-test-renderer.development.js:14401:9)
      at scheduleUpdateOnFiber (node_modules/react-test-renderer/cjs/react-test-renderer.development.js:12086:9)
      at dispatchSetStateInternal (node_modules/react-test-renderer/cjs/react-test-renderer.development.js:6208:13)
      at dispatchSetState (node_modules/react-test-renderer/cjs/react-test-renderer.development.js:6165:7)
      at Object.setIsSaving (src/features/wallet/screens/ReviewQueueScreen.tsx:299:40)
      at asyncGeneratorStep (node_modules/@babel/runtime/helpers/asyncToGenerator.js:3:17)
      at _next (node_modules/@babel/runtime/helpers/asyncToGenerator.js:17:9)

PASS __tests__/ProfileScreen.test.tsx
  ● Console

    console.warn
      [auth] Keychain no está enlazado en este binario; usando almacenamiento local hasta recompilar iOS.

      47 |   if (warnedMissingKeychain) return;
      48 |   warnedMissingKeychain = true;
    > 49 |   console.warn(
         |           ^
      50 |     '[auth] Keychain no está enlazado en este binario; usando almacenamiento local hasta recompilar iOS.',
      51 |   );
      52 | };

      at warn (src/features/auth/tokens.ts:49:11)
      at warnMissingKeychain (src/features/auth/tokens.ts:107:31)
      at asyncGeneratorStep (node_modules/@babel/runtime/helpers/asyncToGenerator.js:3:17)
      at _next (node_modules/@babel/runtime/helpers/asyncToGenerator.js:17:9)
      at node_modules/@babel/runtime/helpers/asyncToGenerator.js:22:7
      at node_modules/@babel/runtime/helpers/asyncToGenerator.js:14:12
      at apply (src/features/auth/tokens.ts:95:24)
      at src/features/expenses/categoryApi.ts:14:35
      at asyncGeneratorStep (node_modules/@babel/runtime/helpers/asyncToGenerator.js:3:17)
      at _next (node_modules/@babel/runtime/helpers/asyncToGenerator.js:17:9)
      at node_modules/@babel/runtime/helpers/asyncToGenerator.js:22:7
      at node_modules/@babel/runtime/helpers/asyncToGenerator.js:14:12
      at apply (src/features/expenses/categoryApi.ts:13:14)
      at request (src/features/expenses/categoryApi.ts:36:76)
      at src/features/profile/screens/ProfileScreen.tsx:149:28
      at Object.react_stack_bottom_frame (node_modules/react-test-renderer/cjs/react-test-renderer.development.js:15755:20)
      at runWithFiberInDEV (node_modules/react-test-renderer/cjs/react-test-renderer.development.js:2315:13)
      at commitHookEffectListMount (node_modules/react-test-renderer/cjs/react-test-renderer.development.js:9530:29)
      at commitHookPassiveMountEffects (node_modules/react-test-renderer/cjs/react-test-renderer.development.js:9617:11)
      at commitPassiveMountOnFiber (node_modules/react-test-renderer/cjs/react-test-renderer.development.js:11205:13)
      at recursivelyTraversePassiveMountEffects (node_modules/react-test-renderer/cjs/react-test-renderer.development.js:11160:11)
      at commitPassiveMountOnFiber (node_modules/react-test-renderer/cjs/react-test-renderer.development.js:11240:11)
      at flushPendingEffects (node_modules/react-test-renderer/cjs/react-test-renderer.development.js:14086:11)
      at performWorkOnRootViaSchedulerTask (node_modules/react-test-renderer/cjs/react-test-renderer.development.js:2896:11)
      at flushActQueue (node_modules/react/cjs/react.development.js:590:34)
      at Object.<anonymous>.process.env.NODE_ENV.exports.act (node_modules/react/cjs/react.development.js:884:10)
      at act (__tests__/ProfileScreen.test.tsx:48:27)
      at asyncGeneratorStep (node_modules/@babel/runtime/helpers/asyncToGenerator.js:3:17)
      at _next (node_modules/@babel/runtime/helpers/asyncToGenerator.js:17:9)
      at node_modules/@babel/runtime/helpers/asyncToGenerator.js:22:7
      at node_modules/@babel/runtime/helpers/asyncToGenerator.js:14:12
      at apply (__tests__/ProfileScreen.test.tsx:43:20)
      at Object.renderProfile (__tests__/ProfileScreen.test.tsx:101:22)
      at asyncGeneratorStep (node_modules/@babel/runtime/helpers/asyncToGenerator.js:3:17)
      at _next (node_modules/@babel/runtime/helpers/asyncToGenerator.js:17:9)
      at node_modules/@babel/runtime/helpers/asyncToGenerator.js:22:7
      at Object.<anonymous> (node_modules/@babel/runtime/helpers/asyncToGenerator.js:14:12)

PASS __tests__/AuthScreens.test.tsx
  ● Console

    console.info
      [http][auth] POST /api/v1/auth/login · iniciando

      at info (src/features/auth/api.ts:179:13)

    console.info
      [http][auth] POST /api/v1/auth/login · iniciando

      at info (src/features/auth/api.ts:179:13)

    console.info
      [http][auth] POST /api/v1/auth/login · completado · status=200

      at info (src/features/auth/api.ts:216:13)

    console.info
      [http][auth] POST /api/v1/auth/login · iniciando

      at info (src/features/auth/api.ts:179:13)

    console.info
      [http][auth] POST /api/v1/auth/register · iniciando

      at info (src/features/auth/api.ts:179:13)

    console.info
      [http][auth] POST /api/v1/auth/register · completado · status=201

      at info (src/features/auth/api.ts:216:13)

    console.info
      [http][auth] POST /api/v1/auth/login · iniciando

      at info (src/features/auth/api.ts:179:13)

    console.info
      [http][auth] POST /api/v1/auth/login · completado · status=200

      at info (src/features/auth/api.ts:216:13)

    console.info
      [http][auth] POST /api/v1/auth/register · iniciando

      at info (src/features/auth/api.ts:179:13)

PASS __tests__/ProfileSettingsScreens.test.tsx
PASS __tests__/CategoryScreens.test.tsx
PASS __tests__/AnimatedSplash.test.tsx
PASS __tests__/BankScreens.test.tsx
  ● Console

    console.warn
      [auth] Keychain no está enlazado en este binario; usando almacenamiento local hasta recompilar iOS.

      47 |   if (warnedMissingKeychain) return;
      48 |   warnedMissingKeychain = true;
    > 49 |   console.warn(
         |           ^
      50 |     '[auth] Keychain no está enlazado en este binario; usando almacenamiento local hasta recompilar iOS.',
      51 |   );
      52 | };

      at warn (src/features/auth/tokens.ts:49:11)
      at warnMissingKeychain (src/features/auth/tokens.ts:144:7)
      at asyncGeneratorStep (node_modules/@babel/runtime/helpers/asyncToGenerator.js:3:17)
      at _next (node_modules/@babel/runtime/helpers/asyncToGenerator.js:17:9)
      at node_modules/@babel/runtime/helpers/asyncToGenerator.js:22:7
      at node_modules/@babel/runtime/helpers/asyncToGenerator.js:14:12
      at apply (src/features/auth/tokens.ts:141:25)
      at Object.<anonymous> (__tests__/BankScreens.test.tsx:446:22)
      at asyncGeneratorStep (node_modules/@babel/runtime/helpers/asyncToGenerator.js:3:17)
      at _next (node_modules/@babel/runtime/helpers/asyncToGenerator.js:17:9)

    console.info
      [http][business] DELETE /api/v1/user/cards/pichincha:mastercard · eliminando tarjeta

      at info (src/features/expenses/userCardsApi.ts:148:13)

    console.info
      [http][business] DELETE /api/v1/user/cards/pichincha:mastercard · completado · status=204

      at info (src/features/expenses/userCardsApi.ts:158:13)

    console.info
      [http][business] DELETE /api/v1/user/cards/pichincha:mastercard · eliminando tarjeta

      at info (src/features/expenses/userCardsApi.ts:148:13)

    console.warn
      [http][business] DELETE /api/v1/user/cards/pichincha:mastercard · error HTTP · status=400

      153 |     if (!response.ok) {
      154 |       const body = await response.json().catch(() => null);
    > 155 |       console.warn(`[http][business] DELETE ${path} · error HTTP · status=${response.status}`);
          |               ^
      156 |       return {ok: false, message: typeof body?.message === 'string' ? body.message : `No pudimos eliminar la tarjeta (HTTP ${response.status}).`};
      157 |     }
      158 |     console.info(`[http][business] DELETE ${path} · completado · status=${response.status}`);

      at warn (src/features/expenses/userCardsApi.ts:155:15)
      at asyncGeneratorStep (node_modules/@babel/runtime/helpers/asyncToGenerator.js:3:17)
      at _next (node_modules/@babel/runtime/helpers/asyncToGenerator.js:17:9)

    console.info
      [http][business] PATCH /api/v1/user/cards/pichincha:mastercard/deactivate · desactivando tarjeta

      at info (src/features/expenses/userCardsApi.ts:49:13)

    console.info
      [http][business] PATCH /api/v1/user/cards/pichincha:mastercard/deactivate · completado · status=200

      at info (src/features/expenses/userCardsApi.ts:59:13)

    console.info
      [http][business] PATCH /api/v1/user/cards/pichincha:mastercard/activate · activando tarjeta

      at info (src/features/expenses/userCardsApi.ts:49:13)

    console.info
      [http][business] PATCH /api/v1/user/cards/pichincha:mastercard/activate · completado · status=200

      at info (src/features/expenses/userCardsApi.ts:59:13)

PASS __tests__/WalletShortcutScreen.test.tsx
PASS __tests__/MovementScreens.test.tsx
PASS __tests__/BudgetScreens.test.tsx
  ● Console

    console.warn
      [auth] Keychain no está enlazado en este binario; usando almacenamiento local hasta recompilar iOS.

      47 |   if (warnedMissingKeychain) return;
      48 |   warnedMissingKeychain = true;
    > 49 |   console.warn(
         |           ^
      50 |     '[auth] Keychain no está enlazado en este binario; usando almacenamiento local hasta recompilar iOS.',
      51 |   );
      52 | };

      at warn (src/features/auth/tokens.ts:49:11)
      at warnMissingKeychain (src/features/auth/tokens.ts:107:31)
      at asyncGeneratorStep (node_modules/@babel/runtime/helpers/asyncToGenerator.js:3:17)
      at _next (node_modules/@babel/runtime/helpers/asyncToGenerator.js:17:9)
      at node_modules/@babel/runtime/helpers/asyncToGenerator.js:22:7
      at node_modules/@babel/runtime/helpers/asyncToGenerator.js:14:12
      at apply (src/features/auth/tokens.ts:95:24)
      at src/features/profile/accountApi.ts:11:35
      at asyncGeneratorStep (node_modules/@babel/runtime/helpers/asyncToGenerator.js:3:17)
      at _next (node_modules/@babel/runtime/helpers/asyncToGenerator.js:17:9)
      at node_modules/@babel/runtime/helpers/asyncToGenerator.js:22:7
      at node_modules/@babel/runtime/helpers/asyncToGenerator.js:14:12
      at apply (src/features/profile/accountApi.ts:10:20)
      at authorization (src/features/profile/accountApi.ts:80:22)
      at asyncGeneratorStep (node_modules/@babel/runtime/helpers/asyncToGenerator.js:3:17)
      at _next (node_modules/@babel/runtime/helpers/asyncToGenerator.js:17:9)
      at node_modules/@babel/runtime/helpers/asyncToGenerator.js:22:7
      at node_modules/@babel/runtime/helpers/asyncToGenerator.js:14:12
      at apply (src/features/profile/accountApi.ts:79:30)
      at src/shared/hooks/useProfile.ts:30:44
      at asyncGeneratorStep (node_modules/@babel/runtime/helpers/asyncToGenerator.js:3:17)
      at _next (node_modules/@babel/runtime/helpers/asyncToGenerator.js:17:9)

    console.error
      An update to BudgetsScreen inside a test was not wrapped in act(...).
      
      When testing, code that causes React state updates should be wrapped into act(...):
      
      act(() => {
        /* fire events that update state */
      });
      /* assert on the output */
      
      This ensures that you're testing the behavior the user would see in the browser. Learn more at https://react.dev/link/wrap-tests-with-act

       95 |     void getCurrentBudget().then(result => {
       96 |       if (!mounted) return;
    >  97 |       if (result.ok) setRemoteBudget(result.data);
          |                      ^
       98 |       setRemoteLoaded(true);
       99 |     });
      100 |     return () => {

      at node_modules/react-test-renderer/cjs/react-test-renderer.development.js:14402:19
      at runWithFiberInDEV (node_modules/react-test-renderer/cjs/react-test-renderer.development.js:2315:13)
      at warnIfUpdatesNotWrappedWithActDEV (node_modules/react-test-renderer/cjs/react-test-renderer.development.js:14401:9)
      at scheduleUpdateOnFiber (node_modules/react-test-renderer/cjs/react-test-renderer.development.js:12086:9)
      at dispatchSetStateInternal (node_modules/react-test-renderer/cjs/react-test-renderer.development.js:6208:13)
      at dispatchSetState (node_modules/react-test-renderer/cjs/react-test-renderer.development.js:6165:7)
      at setRemoteBudget (src/features/expenses/screens/BudgetsScreen.tsx:97:22)

    console.error
      An update to BudgetsScreen inside a test was not wrapped in act(...).
      
      When testing, code that causes React state updates should be wrapped into act(...):
      
      act(() => {
        /* fire events that update state */
      });
      /* assert on the output */
      
      This ensures that you're testing the behavior the user would see in the browser. Learn more at https://react.dev/link/wrap-tests-with-act

       96 |       if (!mounted) return;
       97 |       if (result.ok) setRemoteBudget(result.data);
    >  98 |       setRemoteLoaded(true);
          |       ^
       99 |     });
      100 |     return () => {
      101 |       mounted = false;

      at node_modules/react-test-renderer/cjs/react-test-renderer.development.js:14402:19
      at runWithFiberInDEV (node_modules/react-test-renderer/cjs/react-test-renderer.development.js:2315:13)
      at warnIfUpdatesNotWrappedWithActDEV (node_modules/react-test-renderer/cjs/react-test-renderer.development.js:14401:9)
      at scheduleUpdateOnFiber (node_modules/react-test-renderer/cjs/react-test-renderer.development.js:12086:9)
      at dispatchSetStateInternal (node_modules/react-test-renderer/cjs/react-test-renderer.development.js:6208:13)
      at dispatchSetState (node_modules/react-test-renderer/cjs/react-test-renderer.development.js:6165:7)
      at setRemoteLoaded (src/features/expenses/screens/BudgetsScreen.tsx:98:7)

    console.error
      An update to BudgetsScreen inside a test was not wrapped in act(...).
      
      When testing, code that causes React state updates should be wrapped into act(...):
      
      act(() => {
        /* fire events that update state */
      });
      /* assert on the output */
      
      This ensures that you're testing the behavior the user would see in the browser. Learn more at https://react.dev/link/wrap-tests-with-act

       95 |     void getCurrentBudget().then(result => {
       96 |       if (!mounted) return;
    >  97 |       if (result.ok) setRemoteBudget(result.data);
          |                      ^
       98 |       setRemoteLoaded(true);
       99 |     });
      100 |     return () => {

      at node_modules/react-test-renderer/cjs/react-test-renderer.development.js:14402:19
      at runWithFiberInDEV (node_modules/react-test-renderer/cjs/react-test-renderer.development.js:2315:13)
      at warnIfUpdatesNotWrappedWithActDEV (node_modules/react-test-renderer/cjs/react-test-renderer.development.js:14401:9)
      at scheduleUpdateOnFiber (node_modules/react-test-renderer/cjs/react-test-renderer.development.js:12086:9)
      at dispatchSetStateInternal (node_modules/react-test-renderer/cjs/react-test-renderer.development.js:6208:13)
      at dispatchSetState (node_modules/react-test-renderer/cjs/react-test-renderer.development.js:6165:7)
      at setRemoteBudget (src/features/expenses/screens/BudgetsScreen.tsx:97:22)

    console.error
      An update to BudgetsScreen inside a test was not wrapped in act(...).
      
      When testing, code that causes React state updates should be wrapped into act(...):
      
      act(() => {
        /* fire events that update state */
      });
      /* assert on the output */
      
      This ensures that you're testing the behavior the user would see in the browser. Learn more at https://react.dev/link/wrap-tests-with-act

       96 |       if (!mounted) return;
       97 |       if (result.ok) setRemoteBudget(result.data);
    >  98 |       setRemoteLoaded(true);
          |       ^
       99 |     });
      100 |     return () => {
      101 |       mounted = false;

      at node_modules/react-test-renderer/cjs/react-test-renderer.development.js:14402:19
      at runWithFiberInDEV (node_modules/react-test-renderer/cjs/react-test-renderer.development.js:2315:13)
      at warnIfUpdatesNotWrappedWithActDEV (node_modules/react-test-renderer/cjs/react-test-renderer.development.js:14401:9)
      at scheduleUpdateOnFiber (node_modules/react-test-renderer/cjs/react-test-renderer.development.js:12086:9)
      at dispatchSetStateInternal (node_modules/react-test-renderer/cjs/react-test-renderer.development.js:6208:13)
      at dispatchSetState (node_modules/react-test-renderer/cjs/react-test-renderer.development.js:6165:7)
      at setRemoteLoaded (src/features/expenses/screens/BudgetsScreen.tsx:98:7)

    console.error
      An update to BudgetsScreen inside a test was not wrapped in act(...).
      
      When testing, code that causes React state updates should be wrapped into act(...):
      
      act(() => {
        /* fire events that update state */
      });
      /* assert on the output */
      
      This ensures that you're testing the behavior the user would see in the browser. Learn more at https://react.dev/link/wrap-tests-with-act

       95 |     void getCurrentBudget().then(result => {
       96 |       if (!mounted) return;
    >  97 |       if (result.ok) setRemoteBudget(result.data);
          |                      ^
       98 |       setRemoteLoaded(true);
       99 |     });
      100 |     return () => {

      at node_modules/react-test-renderer/cjs/react-test-renderer.development.js:14402:19
      at runWithFiberInDEV (node_modules/react-test-renderer/cjs/react-test-renderer.development.js:2315:13)
      at warnIfUpdatesNotWrappedWithActDEV (node_modules/react-test-renderer/cjs/react-test-renderer.development.js:14401:9)
      at scheduleUpdateOnFiber (node_modules/react-test-renderer/cjs/react-test-renderer.development.js:12086:9)
      at dispatchSetStateInternal (node_modules/react-test-renderer/cjs/react-test-renderer.development.js:6208:13)
      at dispatchSetState (node_modules/react-test-renderer/cjs/react-test-renderer.development.js:6165:7)
      at setRemoteBudget (src/features/expenses/screens/BudgetsScreen.tsx:97:22)

    console.error
      An update to BudgetsScreen inside a test was not wrapped in act(...).
      
      When testing, code that causes React state updates should be wrapped into act(...):
      
      act(() => {
        /* fire events that update state */
      });
      /* assert on the output */
      
      This ensures that you're testing the behavior the user would see in the browser. Learn more at https://react.dev/link/wrap-tests-with-act

       96 |       if (!mounted) return;
       97 |       if (result.ok) setRemoteBudget(result.data);
    >  98 |       setRemoteLoaded(true);
          |       ^
       99 |     });
      100 |     return () => {
      101 |       mounted = false;

      at node_modules/react-test-renderer/cjs/react-test-renderer.development.js:14402:19
      at runWithFiberInDEV (node_modules/react-test-renderer/cjs/react-test-renderer.development.js:2315:13)
      at warnIfUpdatesNotWrappedWithActDEV (node_modules/react-test-renderer/cjs/react-test-renderer.development.js:14401:9)
      at scheduleUpdateOnFiber (node_modules/react-test-renderer/cjs/react-test-renderer.development.js:12086:9)
      at dispatchSetStateInternal (node_modules/react-test-renderer/cjs/react-test-renderer.development.js:6208:13)
      at dispatchSetState (node_modules/react-test-renderer/cjs/react-test-renderer.development.js:6165:7)
      at setRemoteLoaded (src/features/expenses/screens/BudgetsScreen.tsx:98:7)

    console.error
      An update to BudgetsScreen inside a test was not wrapped in act(...).
      
      When testing, code that causes React state updates should be wrapped into act(...):
      
      act(() => {
        /* fire events that update state */
      });
      /* assert on the output */
      
      This ensures that you're testing the behavior the user would see in the browser. Learn more at https://react.dev/link/wrap-tests-with-act

       95 |     void getCurrentBudget().then(result => {
       96 |       if (!mounted) return;
    >  97 |       if (result.ok) setRemoteBudget(result.data);
          |                      ^
       98 |       setRemoteLoaded(true);
       99 |     });
      100 |     return () => {

      at node_modules/react-test-renderer/cjs/react-test-renderer.development.js:14402:19
      at runWithFiberInDEV (node_modules/react-test-renderer/cjs/react-test-renderer.development.js:2315:13)
      at warnIfUpdatesNotWrappedWithActDEV (node_modules/react-test-renderer/cjs/react-test-renderer.development.js:14401:9)
      at scheduleUpdateOnFiber (node_modules/react-test-renderer/cjs/react-test-renderer.development.js:12086:9)
      at dispatchSetStateInternal (node_modules/react-test-renderer/cjs/react-test-renderer.development.js:6208:13)
      at dispatchSetState (node_modules/react-test-renderer/cjs/react-test-renderer.development.js:6165:7)
      at setRemoteBudget (src/features/expenses/screens/BudgetsScreen.tsx:97:22)

    console.error
      An update to BudgetsScreen inside a test was not wrapped in act(...).
      
      When testing, code that causes React state updates should be wrapped into act(...):
      
      act(() => {
        /* fire events that update state */
      });
      /* assert on the output */
      
      This ensures that you're testing the behavior the user would see in the browser. Learn more at https://react.dev/link/wrap-tests-with-act

       96 |       if (!mounted) return;
       97 |       if (result.ok) setRemoteBudget(result.data);
    >  98 |       setRemoteLoaded(true);
          |       ^
       99 |     });
      100 |     return () => {
      101 |       mounted = false;

      at node_modules/react-test-renderer/cjs/react-test-renderer.development.js:14402:19
      at runWithFiberInDEV (node_modules/react-test-renderer/cjs/react-test-renderer.development.js:2315:13)
      at warnIfUpdatesNotWrappedWithActDEV (node_modules/react-test-renderer/cjs/react-test-renderer.development.js:14401:9)
      at scheduleUpdateOnFiber (node_modules/react-test-renderer/cjs/react-test-renderer.development.js:12086:9)
      at dispatchSetStateInternal (node_modules/react-test-renderer/cjs/react-test-renderer.development.js:6208:13)
      at dispatchSetState (node_modules/react-test-renderer/cjs/react-test-renderer.development.js:6165:7)
      at setRemoteLoaded (src/features/expenses/screens/BudgetsScreen.tsx:98:7)

    console.error
      An update to BudgetsScreen inside a test was not wrapped in act(...).
      
      When testing, code that causes React state updates should be wrapped into act(...):
      
      act(() => {
        /* fire events that update state */
      });
      /* assert on the output */
      
      This ensures that you're testing the behavior the user would see in the browser. Learn more at https://react.dev/link/wrap-tests-with-act

       95 |     void getCurrentBudget().then(result => {
       96 |       if (!mounted) return;
    >  97 |       if (result.ok) setRemoteBudget(result.data);
          |                      ^
       98 |       setRemoteLoaded(true);
       99 |     });
      100 |     return () => {

      at node_modules/react-test-renderer/cjs/react-test-renderer.development.js:14402:19
      at runWithFiberInDEV (node_modules/react-test-renderer/cjs/react-test-renderer.development.js:2315:13)
      at warnIfUpdatesNotWrappedWithActDEV (node_modules/react-test-renderer/cjs/react-test-renderer.development.js:14401:9)
      at scheduleUpdateOnFiber (node_modules/react-test-renderer/cjs/react-test-renderer.development.js:12086:9)
      at dispatchSetStateInternal (node_modules/react-test-renderer/cjs/react-test-renderer.development.js:6208:13)
      at dispatchSetState (node_modules/react-test-renderer/cjs/react-test-renderer.development.js:6165:7)
      at setRemoteBudget (src/features/expenses/screens/BudgetsScreen.tsx:97:22)

    console.error
      An update to BudgetsScreen inside a test was not wrapped in act(...).
      
      When testing, code that causes React state updates should be wrapped into act(...):
      
      act(() => {
        /* fire events that update state */
      });
      /* assert on the output */
      
      This ensures that you're testing the behavior the user would see in the browser. Learn more at https://react.dev/link/wrap-tests-with-act

       96 |       if (!mounted) return;
       97 |       if (result.ok) setRemoteBudget(result.data);
    >  98 |       setRemoteLoaded(true);
          |       ^
       99 |     });
      100 |     return () => {
      101 |       mounted = false;

      at node_modules/react-test-renderer/cjs/react-test-renderer.development.js:14402:19
      at runWithFiberInDEV (node_modules/react-test-renderer/cjs/react-test-renderer.development.js:2315:13)
      at warnIfUpdatesNotWrappedWithActDEV (node_modules/react-test-renderer/cjs/react-test-renderer.development.js:14401:9)
      at scheduleUpdateOnFiber (node_modules/react-test-renderer/cjs/react-test-renderer.development.js:12086:9)
      at dispatchSetStateInternal (node_modules/react-test-renderer/cjs/react-test-renderer.development.js:6208:13)
      at dispatchSetState (node_modules/react-test-renderer/cjs/react-test-renderer.development.js:6165:7)
      at setRemoteLoaded (src/features/expenses/screens/BudgetsScreen.tsx:98:7)

    console.error
      An update to BudgetsScreen inside a test was not wrapped in act(...).
      
      When testing, code that causes React state updates should be wrapped into act(...):
      
      act(() => {
        /* fire events that update state */
      });
      /* assert on the output */
      
      This ensures that you're testing the behavior the user would see in the browser. Learn more at https://react.dev/link/wrap-tests-with-act

       95 |     void getCurrentBudget().then(result => {
       96 |       if (!mounted) return;
    >  97 |       if (result.ok) setRemoteBudget(result.data);
          |                      ^
       98 |       setRemoteLoaded(true);
       99 |     });
      100 |     return () => {

      at node_modules/react-test-renderer/cjs/react-test-renderer.development.js:14402:19
      at runWithFiberInDEV (node_modules/react-test-renderer/cjs/react-test-renderer.development.js:2315:13)
      at warnIfUpdatesNotWrappedWithActDEV (node_modules/react-test-renderer/cjs/react-test-renderer.development.js:14401:9)
      at scheduleUpdateOnFiber (node_modules/react-test-renderer/cjs/react-test-renderer.development.js:12086:9)
      at dispatchSetStateInternal (node_modules/react-test-renderer/cjs/react-test-renderer.development.js:6208:13)
      at dispatchSetState (node_modules/react-test-renderer/cjs/react-test-renderer.development.js:6165:7)
      at setRemoteBudget (src/features/expenses/screens/BudgetsScreen.tsx:97:22)

    console.error
      An update to BudgetsScreen inside a test was not wrapped in act(...).
      
      When testing, code that causes React state updates should be wrapped into act(...):
      
      act(() => {
        /* fire events that update state */
      });
      /* assert on the output */
      
      This ensures that you're testing the behavior the user would see in the browser. Learn more at https://react.dev/link/wrap-tests-with-act

       96 |       if (!mounted) return;
       97 |       if (result.ok) setRemoteBudget(result.data);
    >  98 |       setRemoteLoaded(true);
          |       ^
       99 |     });
      100 |     return () => {
      101 |       mounted = false;

      at node_modules/react-test-renderer/cjs/react-test-renderer.development.js:14402:19
      at runWithFiberInDEV (node_modules/react-test-renderer/cjs/react-test-renderer.development.js:2315:13)
      at warnIfUpdatesNotWrappedWithActDEV (node_modules/react-test-renderer/cjs/react-test-renderer.development.js:14401:9)
      at scheduleUpdateOnFiber (node_modules/react-test-renderer/cjs/react-test-renderer.development.js:12086:9)
      at dispatchSetStateInternal (node_modules/react-test-renderer/cjs/react-test-renderer.development.js:6208:13)
      at dispatchSetState (node_modules/react-test-renderer/cjs/react-test-renderer.development.js:6165:7)
      at setRemoteLoaded (src/features/expenses/screens/BudgetsScreen.tsx:98:7)

    console.error
      An update to BudgetsScreen inside a test was not wrapped in act(...).
      
      When testing, code that causes React state updates should be wrapped into act(...):
      
      act(() => {
        /* fire events that update state */
      });
      /* assert on the output */
      
      This ensures that you're testing the behavior the user would see in the browser. Learn more at https://react.dev/link/wrap-tests-with-act

       95 |     void getCurrentBudget().then(result => {
       96 |       if (!mounted) return;
    >  97 |       if (result.ok) setRemoteBudget(result.data);
          |                      ^
       98 |       setRemoteLoaded(true);
       99 |     });
      100 |     return () => {

      at node_modules/react-test-renderer/cjs/react-test-renderer.development.js:14402:19
      at runWithFiberInDEV (node_modules/react-test-renderer/cjs/react-test-renderer.development.js:2315:13)
      at warnIfUpdatesNotWrappedWithActDEV (node_modules/react-test-renderer/cjs/react-test-renderer.development.js:14401:9)
      at scheduleUpdateOnFiber (node_modules/react-test-renderer/cjs/react-test-renderer.development.js:12086:9)
      at dispatchSetStateInternal (node_modules/react-test-renderer/cjs/react-test-renderer.development.js:6208:13)
      at dispatchSetState (node_modules/react-test-renderer/cjs/react-test-renderer.development.js:6165:7)
      at setRemoteBudget (src/features/expenses/screens/BudgetsScreen.tsx:97:22)

    console.error
      An update to BudgetsScreen inside a test was not wrapped in act(...).
      
      When testing, code that causes React state updates should be wrapped into act(...):
      
      act(() => {
        /* fire events that update state */
      });
      /* assert on the output */
      
      This ensures that you're testing the behavior the user would see in the browser. Learn more at https://react.dev/link/wrap-tests-with-act

       96 |       if (!mounted) return;
       97 |       if (result.ok) setRemoteBudget(result.data);
    >  98 |       setRemoteLoaded(true);
          |       ^
       99 |     });
      100 |     return () => {
      101 |       mounted = false;

      at node_modules/react-test-renderer/cjs/react-test-renderer.development.js:14402:19
      at runWithFiberInDEV (node_modules/react-test-renderer/cjs/react-test-renderer.development.js:2315:13)
      at warnIfUpdatesNotWrappedWithActDEV (node_modules/react-test-renderer/cjs/react-test-renderer.development.js:14401:9)
      at scheduleUpdateOnFiber (node_modules/react-test-renderer/cjs/react-test-renderer.development.js:12086:9)
      at dispatchSetStateInternal (node_modules/react-test-renderer/cjs/react-test-renderer.development.js:6208:13)
      at dispatchSetState (node_modules/react-test-renderer/cjs/react-test-renderer.development.js:6165:7)
      at setRemoteLoaded (src/features/expenses/screens/BudgetsScreen.tsx:98:7)

    console.error
      An update to EditBudgetsScreen inside a test was not wrapped in act(...).
      
      When testing, code that causes React state updates should be wrapped into act(...):
      
      act(() => {
        /* fire events that update state */
      });
      /* assert on the output */
      
      This ensures that you're testing the behavior the user would see in the browser. Learn more at https://react.dev/link/wrap-tests-with-act

       95 |   useEffect(() => {
       96 |     void listSystemCategories().then(result => {
    >  97 |       if (result.ok) setSystemCatalog(result.data.filter(item => item.active));
          |                      ^
       98 |     });
       99 |     void getCurrentBudget().then(result => {
      100 |       if (result.ok) setRecurrence(result.data.recurrence);

      at node_modules/react-test-renderer/cjs/react-test-renderer.development.js:14402:19
      at runWithFiberInDEV (node_modules/react-test-renderer/cjs/react-test-renderer.development.js:2315:13)
      at warnIfUpdatesNotWrappedWithActDEV (node_modules/react-test-renderer/cjs/react-test-renderer.development.js:14401:9)
      at scheduleUpdateOnFiber (node_modules/react-test-renderer/cjs/react-test-renderer.development.js:12086:9)
      at dispatchSetStateInternal (node_modules/react-test-renderer/cjs/react-test-renderer.development.js:6208:13)
      at dispatchSetState (node_modules/react-test-renderer/cjs/react-test-renderer.development.js:6165:7)
      at setSystemCatalog (src/features/expenses/screens/EditBudgetsScreen.tsx:97:22)

    console.error
      An update to EditBudgetsScreen inside a test was not wrapped in act(...).
      
      When testing, code that causes React state updates should be wrapped into act(...):
      
      act(() => {
        /* fire events that update state */
      });
      /* assert on the output */
      
      This ensures that you're testing the behavior the user would see in the browser. Learn more at https://react.dev/link/wrap-tests-with-act

       98 |     });
       99 |     void getCurrentBudget().then(result => {
    > 100 |       if (result.ok) setRecurrence(result.data.recurrence);
          |                      ^
      101 |     });
      102 |   }, []);
      103 |

      at node_modules/react-test-renderer/cjs/react-test-renderer.development.js:14402:19
      at runWithFiberInDEV (node_modules/react-test-renderer/cjs/react-test-renderer.development.js:2315:13)
      at warnIfUpdatesNotWrappedWithActDEV (node_modules/react-test-renderer/cjs/react-test-renderer.development.js:14401:9)
      at scheduleUpdateOnFiber (node_modules/react-test-renderer/cjs/react-test-renderer.development.js:12086:9)
      at dispatchSetStateInternal (node_modules/react-test-renderer/cjs/react-test-renderer.development.js:6208:13)
      at dispatchSetState (node_modules/react-test-renderer/cjs/react-test-renderer.development.js:6165:7)
      at setRecurrence (src/features/expenses/screens/EditBudgetsScreen.tsx:100:22)

    console.error
      An update to EditBudgetsScreen inside a test was not wrapped in act(...).
      
      When testing, code that causes React state updates should be wrapped into act(...):
      
      act(() => {
        /* fire events that update state */
      });
      /* assert on the output */
      
      This ensures that you're testing the behavior the user would see in the browser. Learn more at https://react.dev/link/wrap-tests-with-act

       95 |   useEffect(() => {
       96 |     void listSystemCategories().then(result => {
    >  97 |       if (result.ok) setSystemCatalog(result.data.filter(item => item.active));
          |                      ^
       98 |     });
       99 |     void getCurrentBudget().then(result => {
      100 |       if (result.ok) setRecurrence(result.data.recurrence);

      at node_modules/react-test-renderer/cjs/react-test-renderer.development.js:14402:19
      at runWithFiberInDEV (node_modules/react-test-renderer/cjs/react-test-renderer.development.js:2315:13)
      at warnIfUpdatesNotWrappedWithActDEV (node_modules/react-test-renderer/cjs/react-test-renderer.development.js:14401:9)
      at scheduleUpdateOnFiber (node_modules/react-test-renderer/cjs/react-test-renderer.development.js:12086:9)
      at dispatchSetStateInternal (node_modules/react-test-renderer/cjs/react-test-renderer.development.js:6208:13)
      at dispatchSetState (node_modules/react-test-renderer/cjs/react-test-renderer.development.js:6165:7)
      at setSystemCatalog (src/features/expenses/screens/EditBudgetsScreen.tsx:97:22)

    console.error
      An update to EditBudgetsScreen inside a test was not wrapped in act(...).
      
      When testing, code that causes React state updates should be wrapped into act(...):
      
      act(() => {
        /* fire events that update state */
      });
      /* assert on the output */
      
      This ensures that you're testing the behavior the user would see in the browser. Learn more at https://react.dev/link/wrap-tests-with-act

       98 |     });
       99 |     void getCurrentBudget().then(result => {
    > 100 |       if (result.ok) setRecurrence(result.data.recurrence);
          |                      ^
      101 |     });
      102 |   }, []);
      103 |

      at node_modules/react-test-renderer/cjs/react-test-renderer.development.js:14402:19
      at runWithFiberInDEV (node_modules/react-test-renderer/cjs/react-test-renderer.development.js:2315:13)
      at warnIfUpdatesNotWrappedWithActDEV (node_modules/react-test-renderer/cjs/react-test-renderer.development.js:14401:9)
      at scheduleUpdateOnFiber (node_modules/react-test-renderer/cjs/react-test-renderer.development.js:12086:9)
      at dispatchSetStateInternal (node_modules/react-test-renderer/cjs/react-test-renderer.development.js:6208:13)
      at dispatchSetState (node_modules/react-test-renderer/cjs/react-test-renderer.development.js:6165:7)
      at setRecurrence (src/features/expenses/screens/EditBudgetsScreen.tsx:100:22)

    console.error
      Encountered two children with the same key, `subscripciones`. Keys should be unique so that components maintain their identity across updates. Non-unique keys may cause children to be duplicated and/or omitted — the behavior is unsupported and could change in a future version.

      244 |   }
      245 |
    > 246 |   await ReactTestRenderer.act(() => {
          |                           ^
      247 |     target.props.onPress();
      248 |   });
      249 |   await ReactTestRenderer.act(async () => {});

      at node_modules/react-test-renderer/cjs/react-test-renderer.development.js:3716:23
      at runWithFiberInDEV (node_modules/react-test-renderer/cjs/react-test-renderer.development.js:2315:13)
      at warnOnInvalidKey (node_modules/react-test-renderer/cjs/react-test-renderer.development.js:3715:13)
      at reconcileChildrenArray (node_modules/react-test-renderer/cjs/react-test-renderer.development.js:3782:31)
      at reconcileChildFibersImpl (node_modules/react-test-renderer/cjs/react-test-renderer.development.js:4097:30)
      at node_modules/react-test-renderer/cjs/react-test-renderer.development.js:4202:33
      at reconcileChildren (node_modules/react-test-renderer/cjs/react-test-renderer.development.js:6684:13)
      at beginWork (node_modules/react-test-renderer/cjs/react-test-renderer.development.js:8620:13)
      at runWithFiberInDEV (node_modules/react-test-renderer/cjs/react-test-renderer.development.js:2315:13)
      at performUnitOfWork (node_modules/react-test-renderer/cjs/react-test-renderer.development.js:13224:22)
      at workLoopSync (node_modules/react-test-renderer/cjs/react-test-renderer.development.js:13068:41)
      at renderRootSync (node_modules/react-test-renderer/cjs/react-test-renderer.development.js:13049:11)
      at performWorkOnRoot (node_modules/react-test-renderer/cjs/react-test-renderer.development.js:12181:11)
      at performWorkOnRootViaSchedulerTask (node_modules/react-test-renderer/cjs/react-test-renderer.development.js:2908:7)
      at flushActQueue (node_modules/react/cjs/react.development.js:590:34)
      at Object.<anonymous>.process.env.NODE_ENV.exports.act (node_modules/react/cjs/react.development.js:884:10)
      at act (__tests__/BudgetScreens.test.tsx:246:27)
      at asyncGeneratorStep (node_modules/@babel/runtime/helpers/asyncToGenerator.js:3:17)
      at _next (node_modules/@babel/runtime/helpers/asyncToGenerator.js:17:9)
      at node_modules/@babel/runtime/helpers/asyncToGenerator.js:22:7
      at node_modules/@babel/runtime/helpers/asyncToGenerator.js:14:12
      at apply (__tests__/BudgetScreens.test.tsx:239:12)
      at press (__tests__/BudgetScreens.test.tsx:193:11)
      at asyncGeneratorStep (node_modules/@babel/runtime/helpers/asyncToGenerator.js:3:17)
      at _next (node_modules/@babel/runtime/helpers/asyncToGenerator.js:17:9)
      at node_modules/@babel/runtime/helpers/asyncToGenerator.js:22:7
      at node_modules/@babel/runtime/helpers/asyncToGenerator.js:14:12
      at apply (__tests__/BudgetScreens.test.tsx:190:21)
      at Object.openCategories (__tests__/BudgetScreens.test.tsx:465:11)
      at asyncGeneratorStep (node_modules/@babel/runtime/helpers/asyncToGenerator.js:3:17)
      at _next (node_modules/@babel/runtime/helpers/asyncToGenerator.js:17:9)

    console.error
      Encountered two children with the same key, `subscripciones`. Keys should be unique so that components maintain their identity across updates. Non-unique keys may cause children to be duplicated and/or omitted — the behavior is unsupported and could change in a future version.

      244 |   }
      245 |
    > 246 |   await ReactTestRenderer.act(() => {
          |                           ^
      247 |     target.props.onPress();
      248 |   });
      249 |   await ReactTestRenderer.act(async () => {});

      at node_modules/react-test-renderer/cjs/react-test-renderer.development.js:3716:23
      at runWithFiberInDEV (node_modules/react-test-renderer/cjs/react-test-renderer.development.js:2315:13)
      at warnOnInvalidKey (node_modules/react-test-renderer/cjs/react-test-renderer.development.js:3715:13)
      at reconcileChildrenArray (node_modules/react-test-renderer/cjs/react-test-renderer.development.js:3757:23)
      at reconcileChildFibersImpl (node_modules/react-test-renderer/cjs/react-test-renderer.development.js:4097:30)
      at node_modules/react-test-renderer/cjs/react-test-renderer.development.js:4202:33
      at reconcileChildren (node_modules/react-test-renderer/cjs/react-test-renderer.development.js:6685:13)
      at beginWork (node_modules/react-test-renderer/cjs/react-test-renderer.development.js:8620:13)
      at runWithFiberInDEV (node_modules/react-test-renderer/cjs/react-test-renderer.development.js:2315:13)
      at performUnitOfWork (node_modules/react-test-renderer/cjs/react-test-renderer.development.js:13224:22)
      at workLoopSync (node_modules/react-test-renderer/cjs/react-test-renderer.development.js:13068:41)
      at renderRootSync (node_modules/react-test-renderer/cjs/react-test-renderer.development.js:13049:11)
      at performWorkOnRoot (node_modules/react-test-renderer/cjs/react-test-renderer.development.js:12181:11)
      at performWorkOnRootViaSchedulerTask (node_modules/react-test-renderer/cjs/react-test-renderer.development.js:2908:7)
      at flushActQueue (node_modules/react/cjs/react.development.js:590:34)
      at Object.<anonymous>.process.env.NODE_ENV.exports.act (node_modules/react/cjs/react.development.js:884:10)
      at act (__tests__/BudgetScreens.test.tsx:246:27)
      at asyncGeneratorStep (node_modules/@babel/runtime/helpers/asyncToGenerator.js:3:17)
      at _next (node_modules/@babel/runtime/helpers/asyncToGenerator.js:17:9)
      at node_modules/@babel/runtime/helpers/asyncToGenerator.js:22:7
      at node_modules/@babel/runtime/helpers/asyncToGenerator.js:14:12
      at apply (__tests__/BudgetScreens.test.tsx:239:12)
      at press (__tests__/BudgetScreens.test.tsx:278:11)
      at asyncGeneratorStep (node_modules/@babel/runtime/helpers/asyncToGenerator.js:3:17)
      at _next (node_modules/@babel/runtime/helpers/asyncToGenerator.js:17:9)
      at node_modules/@babel/runtime/helpers/asyncToGenerator.js:22:7
      at node_modules/@babel/runtime/helpers/asyncToGenerator.js:14:12
      at apply (__tests__/BudgetScreens.test.tsx:275:21)
      at Object.toggleCategory (__tests__/BudgetScreens.test.tsx:466:11)
      at asyncGeneratorStep (node_modules/@babel/runtime/helpers/asyncToGenerator.js:3:17)
      at _next (node_modules/@babel/runtime/helpers/asyncToGenerator.js:17:9)

    console.error
      An update to EditBudgetsScreen inside a test was not wrapped in act(...).
      
      When testing, code that causes React state updates should be wrapped into act(...):
      
      act(() => {
        /* fire events that update state */
      });
      /* assert on the output */
      
      This ensures that you're testing the behavior the user would see in the browser. Learn more at https://react.dev/link/wrap-tests-with-act

       95 |   useEffect(() => {
       96 |     void listSystemCategories().then(result => {
    >  97 |       if (result.ok) setSystemCatalog(result.data.filter(item => item.active));
          |                      ^
       98 |     });
       99 |     void getCurrentBudget().then(result => {
      100 |       if (result.ok) setRecurrence(result.data.recurrence);

      at node_modules/react-test-renderer/cjs/react-test-renderer.development.js:14402:19
      at runWithFiberInDEV (node_modules/react-test-renderer/cjs/react-test-renderer.development.js:2315:13)
      at warnIfUpdatesNotWrappedWithActDEV (node_modules/react-test-renderer/cjs/react-test-renderer.development.js:14401:9)
      at scheduleUpdateOnFiber (node_modules/react-test-renderer/cjs/react-test-renderer.development.js:12086:9)
      at dispatchSetStateInternal (node_modules/react-test-renderer/cjs/react-test-renderer.development.js:6208:13)
      at dispatchSetState (node_modules/react-test-renderer/cjs/react-test-renderer.development.js:6165:7)
      at setSystemCatalog (src/features/expenses/screens/EditBudgetsScreen.tsx:97:22)

    console.error
      An update to EditBudgetsScreen inside a test was not wrapped in act(...).
      
      When testing, code that causes React state updates should be wrapped into act(...):
      
      act(() => {
        /* fire events that update state */
      });
      /* assert on the output */
      
      This ensures that you're testing the behavior the user would see in the browser. Learn more at https://react.dev/link/wrap-tests-with-act

       98 |     });
       99 |     void getCurrentBudget().then(result => {
    > 100 |       if (result.ok) setRecurrence(result.data.recurrence);
          |                      ^
      101 |     });
      102 |   }, []);
      103 |

      at node_modules/react-test-renderer/cjs/react-test-renderer.development.js:14402:19
      at runWithFiberInDEV (node_modules/react-test-renderer/cjs/react-test-renderer.development.js:2315:13)
      at warnIfUpdatesNotWrappedWithActDEV (node_modules/react-test-renderer/cjs/react-test-renderer.development.js:14401:9)
      at scheduleUpdateOnFiber (node_modules/react-test-renderer/cjs/react-test-renderer.development.js:12086:9)
      at dispatchSetStateInternal (node_modules/react-test-renderer/cjs/react-test-renderer.development.js:6208:13)
      at dispatchSetState (node_modules/react-test-renderer/cjs/react-test-renderer.development.js:6165:7)
      at setRecurrence (src/features/expenses/screens/EditBudgetsScreen.tsx:100:22)

    console.error
      An update to EditBudgetsScreen inside a test was not wrapped in act(...).
      
      When testing, code that causes React state updates should be wrapped into act(...):
      
      act(() => {
        /* fire events that update state */
      });
      /* assert on the output */
      
      This ensures that you're testing the behavior the user would see in the browser. Learn more at https://react.dev/link/wrap-tests-with-act

       95 |   useEffect(() => {
       96 |     void listSystemCategories().then(result => {
    >  97 |       if (result.ok) setSystemCatalog(result.data.filter(item => item.active));
          |                      ^
       98 |     });
       99 |     void getCurrentBudget().then(result => {
      100 |       if (result.ok) setRecurrence(result.data.recurrence);

      at node_modules/react-test-renderer/cjs/react-test-renderer.development.js:14402:19
      at runWithFiberInDEV (node_modules/react-test-renderer/cjs/react-test-renderer.development.js:2315:13)
      at warnIfUpdatesNotWrappedWithActDEV (node_modules/react-test-renderer/cjs/react-test-renderer.development.js:14401:9)
      at scheduleUpdateOnFiber (node_modules/react-test-renderer/cjs/react-test-renderer.development.js:12086:9)
      at dispatchSetStateInternal (node_modules/react-test-renderer/cjs/react-test-renderer.development.js:6208:13)
      at dispatchSetState (node_modules/react-test-renderer/cjs/react-test-renderer.development.js:6165:7)
      at setSystemCatalog (src/features/expenses/screens/EditBudgetsScreen.tsx:97:22)

    console.error
      An update to EditBudgetsScreen inside a test was not wrapped in act(...).
      
      When testing, code that causes React state updates should be wrapped into act(...):
      
      act(() => {
        /* fire events that update state */
      });
      /* assert on the output */
      
      This ensures that you're testing the behavior the user would see in the browser. Learn more at https://react.dev/link/wrap-tests-with-act

       98 |     });
       99 |     void getCurrentBudget().then(result => {
    > 100 |       if (result.ok) setRecurrence(result.data.recurrence);
          |                      ^
      101 |     });
      102 |   }, []);
      103 |

      at node_modules/react-test-renderer/cjs/react-test-renderer.development.js:14402:19
      at runWithFiberInDEV (node_modules/react-test-renderer/cjs/react-test-renderer.development.js:2315:13)
      at warnIfUpdatesNotWrappedWithActDEV (node_modules/react-test-renderer/cjs/react-test-renderer.development.js:14401:9)
      at scheduleUpdateOnFiber (node_modules/react-test-renderer/cjs/react-test-renderer.development.js:12086:9)
      at dispatchSetStateInternal (node_modules/react-test-renderer/cjs/react-test-renderer.development.js:6208:13)
      at dispatchSetState (node_modules/react-test-renderer/cjs/react-test-renderer.development.js:6165:7)
      at setRecurrence (src/features/expenses/screens/EditBudgetsScreen.tsx:100:22)

    console.error
      Encountered two children with the same key, `subscripciones`. Keys should be unique so that components maintain their identity across updates. Non-unique keys may cause children to be duplicated and/or omitted — the behavior is unsupported and could change in a future version.

      244 |   }
      245 |
    > 246 |   await ReactTestRenderer.act(() => {
          |                           ^
      247 |     target.props.onPress();
      248 |   });
      249 |   await ReactTestRenderer.act(async () => {});

      at node_modules/react-test-renderer/cjs/react-test-renderer.development.js:3716:23
      at runWithFiberInDEV (node_modules/react-test-renderer/cjs/react-test-renderer.development.js:2315:13)
      at warnOnInvalidKey (node_modules/react-test-renderer/cjs/react-test-renderer.development.js:3715:13)
      at reconcileChildrenArray (node_modules/react-test-renderer/cjs/react-test-renderer.development.js:3782:31)
      at reconcileChildFibersImpl (node_modules/react-test-renderer/cjs/react-test-renderer.development.js:4097:30)
      at node_modules/react-test-renderer/cjs/react-test-renderer.development.js:4202:33
      at reconcileChildren (node_modules/react-test-renderer/cjs/react-test-renderer.development.js:6684:13)
      at beginWork (node_modules/react-test-renderer/cjs/react-test-renderer.development.js:8620:13)
      at runWithFiberInDEV (node_modules/react-test-renderer/cjs/react-test-renderer.development.js:2315:13)
      at performUnitOfWork (node_modules/react-test-renderer/cjs/react-test-renderer.development.js:13224:22)
      at workLoopSync (node_modules/react-test-renderer/cjs/react-test-renderer.development.js:13068:41)
      at renderRootSync (node_modules/react-test-renderer/cjs/react-test-renderer.development.js:13049:11)
      at performWorkOnRoot (node_modules/react-test-renderer/cjs/react-test-renderer.development.js:12181:11)
      at performWorkOnRootViaSchedulerTask (node_modules/react-test-renderer/cjs/react-test-renderer.development.js:2908:7)
      at flushActQueue (node_modules/react/cjs/react.development.js:590:34)
      at Object.<anonymous>.process.env.NODE_ENV.exports.act (node_modules/react/cjs/react.development.js:884:10)
      at act (__tests__/BudgetScreens.test.tsx:246:27)
      at asyncGeneratorStep (node_modules/@babel/runtime/helpers/asyncToGenerator.js:3:17)
      at _next (node_modules/@babel/runtime/helpers/asyncToGenerator.js:17:9)
      at node_modules/@babel/runtime/helpers/asyncToGenerator.js:22:7
      at node_modules/@babel/runtime/helpers/asyncToGenerator.js:14:12
      at apply (__tests__/BudgetScreens.test.tsx:239:12)
      at press (__tests__/BudgetScreens.test.tsx:193:11)
      at asyncGeneratorStep (node_modules/@babel/runtime/helpers/asyncToGenerator.js:3:17)
      at _next (node_modules/@babel/runtime/helpers/asyncToGenerator.js:17:9)
      at node_modules/@babel/runtime/helpers/asyncToGenerator.js:22:7
      at node_modules/@babel/runtime/helpers/asyncToGenerator.js:14:12
      at apply (__tests__/BudgetScreens.test.tsx:190:21)
      at openCategories (__tests__/BudgetScreens.test.tsx:203:9)
      at asyncGeneratorStep (node_modules/@babel/runtime/helpers/asyncToGenerator.js:3:17)
      at _next (node_modules/@babel/runtime/helpers/asyncToGenerator.js:17:9)
      at node_modules/@babel/runtime/helpers/asyncToGenerator.js:22:7
      at node_modules/@babel/runtime/helpers/asyncToGenerator.js:14:12
      at apply (__tests__/BudgetScreens.test.tsx:202:16)
      at Object.editLimit (__tests__/BudgetScreens.test.tsx:496:11)
      at asyncGeneratorStep (node_modules/@babel/runtime/helpers/asyncToGenerator.js:3:17)
      at _next (node_modules/@babel/runtime/helpers/asyncToGenerator.js:17:9)

    console.error
      Encountered two children with the same key, `subscripciones`. Keys should be unique so that components maintain their identity across updates. Non-unique keys may cause children to be duplicated and/or omitted — the behavior is unsupported and could change in a future version.

      244 |   }
      245 |
    > 246 |   await ReactTestRenderer.act(() => {
          |                           ^
      247 |     target.props.onPress();
      248 |   });
      249 |   await ReactTestRenderer.act(async () => {});

      at node_modules/react-test-renderer/cjs/react-test-renderer.development.js:3716:23
      at runWithFiberInDEV (node_modules/react-test-renderer/cjs/react-test-renderer.development.js:2315:13)
      at warnOnInvalidKey (node_modules/react-test-renderer/cjs/react-test-renderer.development.js:3715:13)
      at reconcileChildrenArray (node_modules/react-test-renderer/cjs/react-test-renderer.development.js:3757:23)
      at reconcileChildFibersImpl (node_modules/react-test-renderer/cjs/react-test-renderer.development.js:4097:30)
      at node_modules/react-test-renderer/cjs/react-test-renderer.development.js:4202:33
      at reconcileChildren (node_modules/react-test-renderer/cjs/react-test-renderer.development.js:6685:13)
      at beginWork (node_modules/react-test-renderer/cjs/react-test-renderer.development.js:8620:13)
      at runWithFiberInDEV (node_modules/react-test-renderer/cjs/react-test-renderer.development.js:2315:13)
      at performUnitOfWork (node_modules/react-test-renderer/cjs/react-test-renderer.development.js:13224:22)
      at workLoopSync (node_modules/react-test-renderer/cjs/react-test-renderer.development.js:13068:41)
      at renderRootSync (node_modules/react-test-renderer/cjs/react-test-renderer.development.js:13049:11)
      at performWorkOnRoot (node_modules/react-test-renderer/cjs/react-test-renderer.development.js:12181:11)
      at performWorkOnRootViaSchedulerTask (node_modules/react-test-renderer/cjs/react-test-renderer.development.js:2908:7)
      at flushActQueue (node_modules/react/cjs/react.development.js:590:34)
      at Object.<anonymous>.process.env.NODE_ENV.exports.act (node_modules/react/cjs/react.development.js:884:10)
      at act (__tests__/BudgetScreens.test.tsx:246:27)
      at asyncGeneratorStep (node_modules/@babel/runtime/helpers/asyncToGenerator.js:3:17)
      at _next (node_modules/@babel/runtime/helpers/asyncToGenerator.js:17:9)
      at node_modules/@babel/runtime/helpers/asyncToGenerator.js:22:7
      at node_modules/@babel/runtime/helpers/asyncToGenerator.js:14:12
      at apply (__tests__/BudgetScreens.test.tsx:239:12)
      at press (__tests__/BudgetScreens.test.tsx:278:11)
      at asyncGeneratorStep (node_modules/@babel/runtime/helpers/asyncToGenerator.js:3:17)
      at _next (node_modules/@babel/runtime/helpers/asyncToGenerator.js:17:9)
      at node_modules/@babel/runtime/helpers/asyncToGenerator.js:22:7
      at node_modules/@babel/runtime/helpers/asyncToGenerator.js:14:12
      at apply (__tests__/BudgetScreens.test.tsx:275:21)
      at toggleCategory (__tests__/BudgetScreens.test.tsx:206:11)
      at asyncGeneratorStep (node_modules/@babel/runtime/helpers/asyncToGenerator.js:3:17)
      at _next (node_modules/@babel/runtime/helpers/asyncToGenerator.js:17:9)

    console.error
      Encountered two children with the same key, `subscripciones`. Keys should be unique so that components maintain their identity across updates. Non-unique keys may cause children to be duplicated and/or omitted — the behavior is unsupported and could change in a future version.

      244 |   }
      245 |
    > 246 |   await ReactTestRenderer.act(() => {
          |                           ^
      247 |     target.props.onPress();
      248 |   });
      249 |   await ReactTestRenderer.act(async () => {});

      at node_modules/react-test-renderer/cjs/react-test-renderer.development.js:3716:23
      at runWithFiberInDEV (node_modules/react-test-renderer/cjs/react-test-renderer.development.js:2315:13)
      at warnOnInvalidKey (node_modules/react-test-renderer/cjs/react-test-renderer.development.js:3715:13)
      at reconcileChildrenArray (node_modules/react-test-renderer/cjs/react-test-renderer.development.js:3757:23)
      at reconcileChildFibersImpl (node_modules/react-test-renderer/cjs/react-test-renderer.development.js:4097:30)
      at node_modules/react-test-renderer/cjs/react-test-renderer.development.js:4202:33
      at reconcileChildren (node_modules/react-test-renderer/cjs/react-test-renderer.development.js:6685:13)
      at beginWork (node_modules/react-test-renderer/cjs/react-test-renderer.development.js:8620:13)
      at runWithFiberInDEV (node_modules/react-test-renderer/cjs/react-test-renderer.development.js:2315:13)
      at performUnitOfWork (node_modules/react-test-renderer/cjs/react-test-renderer.development.js:13224:22)
      at workLoopSync (node_modules/react-test-renderer/cjs/react-test-renderer.development.js:13068:41)
      at renderRootSync (node_modules/react-test-renderer/cjs/react-test-renderer.development.js:13049:11)
      at performWorkOnRoot (node_modules/react-test-renderer/cjs/react-test-renderer.development.js:12181:11)
      at performWorkOnRootViaSchedulerTask (node_modules/react-test-renderer/cjs/react-test-renderer.development.js:2908:7)
      at flushActQueue (node_modules/react/cjs/react.development.js:590:34)
      at Object.<anonymous>.process.env.NODE_ENV.exports.act (node_modules/react/cjs/react.development.js:884:10)
      at act (__tests__/BudgetScreens.test.tsx:246:27)
      at asyncGeneratorStep (node_modules/@babel/runtime/helpers/asyncToGenerator.js:3:17)
      at _next (node_modules/@babel/runtime/helpers/asyncToGenerator.js:17:9)
      at node_modules/@babel/runtime/helpers/asyncToGenerator.js:22:7
      at node_modules/@babel/runtime/helpers/asyncToGenerator.js:14:12
      at apply (__tests__/BudgetScreens.test.tsx:239:12)
      at press (__tests__/BudgetScreens.test.tsx:208:9)
      at asyncGeneratorStep (node_modules/@babel/runtime/helpers/asyncToGenerator.js:3:17)
      at _next (node_modules/@babel/runtime/helpers/asyncToGenerator.js:17:9)

    console.error
      Encountered two children with the same key, `subscripciones`. Keys should be unique so that components maintain their identity across updates. Non-unique keys may cause children to be duplicated and/or omitted — the behavior is unsupported and could change in a future version.

      178 |   }
      179 |
    > 180 |   await ReactTestRenderer.act(() => {
          |                           ^
      181 |     field.props.onChangeText(text);
      182 |   });
      183 |   await ReactTestRenderer.act(async () => {});

      at node_modules/react-test-renderer/cjs/react-test-renderer.development.js:3716:23
      at runWithFiberInDEV (node_modules/react-test-renderer/cjs/react-test-renderer.development.js:2315:13)
      at warnOnInvalidKey (node_modules/react-test-renderer/cjs/react-test-renderer.development.js:3715:13)
      at reconcileChildrenArray (node_modules/react-test-renderer/cjs/react-test-renderer.development.js:3757:23)
      at reconcileChildFibersImpl (node_modules/react-test-renderer/cjs/react-test-renderer.development.js:4097:30)
      at node_modules/react-test-renderer/cjs/react-test-renderer.development.js:4202:33
      at reconcileChildren (node_modules/react-test-renderer/cjs/react-test-renderer.development.js:6685:13)
      at beginWork (node_modules/react-test-renderer/cjs/react-test-renderer.development.js:8620:13)
      at runWithFiberInDEV (node_modules/react-test-renderer/cjs/react-test-renderer.development.js:2315:13)
      at performUnitOfWork (node_modules/react-test-renderer/cjs/react-test-renderer.development.js:13224:22)
      at workLoopSync (node_modules/react-test-renderer/cjs/react-test-renderer.development.js:13068:41)
      at renderRootSync (node_modules/react-test-renderer/cjs/react-test-renderer.development.js:13049:11)
      at performWorkOnRoot (node_modules/react-test-renderer/cjs/react-test-renderer.development.js:12181:11)
      at performWorkOnRootViaSchedulerTask (node_modules/react-test-renderer/cjs/react-test-renderer.development.js:2908:7)
      at flushActQueue (node_modules/react/cjs/react.development.js:590:34)
      at Object.<anonymous>.process.env.NODE_ENV.exports.act (node_modules/react/cjs/react.development.js:884:10)
      at act (__tests__/BudgetScreens.test.tsx:180:27)
      at asyncGeneratorStep (node_modules/@babel/runtime/helpers/asyncToGenerator.js:3:17)
      at _next (node_modules/@babel/runtime/helpers/asyncToGenerator.js:17:9)
      at node_modules/@babel/runtime/helpers/asyncToGenerator.js:22:7
      at node_modules/@babel/runtime/helpers/asyncToGenerator.js:14:12
      at apply (__tests__/BudgetScreens.test.tsx:173:11)
      at Object.type (__tests__/BudgetScreens.test.tsx:497:11)
      at asyncGeneratorStep (node_modules/@babel/runtime/helpers/asyncToGenerator.js:3:17)
      at _next (node_modules/@babel/runtime/helpers/asyncToGenerator.js:17:9)

    console.error
      Encountered two children with the same key, `subscripciones`. Keys should be unique so that components maintain their identity across updates. Non-unique keys may cause children to be duplicated and/or omitted — the behavior is unsupported and could change in a future version.

      244 |   }
      245 |
    > 246 |   await ReactTestRenderer.act(() => {
          |                           ^
      247 |     target.props.onPress();
      248 |   });
      249 |   await ReactTestRenderer.act(async () => {});

      at node_modules/react-test-renderer/cjs/react-test-renderer.development.js:3716:23
      at runWithFiberInDEV (node_modules/react-test-renderer/cjs/react-test-renderer.development.js:2315:13)
      at warnOnInvalidKey (node_modules/react-test-renderer/cjs/react-test-renderer.development.js:3715:13)
      at reconcileChildrenArray (node_modules/react-test-renderer/cjs/react-test-renderer.development.js:3757:23)
      at reconcileChildFibersImpl (node_modules/react-test-renderer/cjs/react-test-renderer.development.js:4097:30)
      at node_modules/react-test-renderer/cjs/react-test-renderer.development.js:4202:33
      at reconcileChildren (node_modules/react-test-renderer/cjs/react-test-renderer.development.js:6685:13)
      at beginWork (node_modules/react-test-renderer/cjs/react-test-renderer.development.js:8620:13)
      at runWithFiberInDEV (node_modules/react-test-renderer/cjs/react-test-renderer.development.js:2315:13)
      at performUnitOfWork (node_modules/react-test-renderer/cjs/react-test-renderer.development.js:13224:22)
      at workLoopSync (node_modules/react-test-renderer/cjs/react-test-renderer.development.js:13068:41)
      at renderRootSync (node_modules/react-test-renderer/cjs/react-test-renderer.development.js:13049:11)
      at performWorkOnRoot (node_modules/react-test-renderer/cjs/react-test-renderer.development.js:12181:11)
      at performWorkOnRootViaSchedulerTask (node_modules/react-test-renderer/cjs/react-test-renderer.development.js:2908:7)
      at flushActQueue (node_modules/react/cjs/react.development.js:590:34)
      at Object.<anonymous>.process.env.NODE_ENV.exports.act (node_modules/react/cjs/react.development.js:884:10)
      at act (__tests__/BudgetScreens.test.tsx:246:27)
      at asyncGeneratorStep (node_modules/@babel/runtime/helpers/asyncToGenerator.js:3:17)
      at _next (node_modules/@babel/runtime/helpers/asyncToGenerator.js:17:9)
      at node_modules/@babel/runtime/helpers/asyncToGenerator.js:22:7
      at node_modules/@babel/runtime/helpers/asyncToGenerator.js:14:12
      at apply (__tests__/BudgetScreens.test.tsx:239:12)
      at Object.press (__tests__/BudgetScreens.test.tsx:505:11)
      at asyncGeneratorStep (node_modules/@babel/runtime/helpers/asyncToGenerator.js:3:17)
      at _next (node_modules/@babel/runtime/helpers/asyncToGenerator.js:17:9)

    console.error
      Encountered two children with the same key, `subscripciones`. Keys should be unique so that components maintain their identity across updates. Non-unique keys may cause children to be duplicated and/or omitted — the behavior is unsupported and could change in a future version.

      244 |   }
      245 |
    > 246 |   await ReactTestRenderer.act(() => {
          |                           ^
      247 |     target.props.onPress();
      248 |   });
      249 |   await ReactTestRenderer.act(async () => {});

      at node_modules/react-test-renderer/cjs/react-test-renderer.development.js:3716:23
      at runWithFiberInDEV (node_modules/react-test-renderer/cjs/react-test-renderer.development.js:2315:13)
      at warnOnInvalidKey (node_modules/react-test-renderer/cjs/react-test-renderer.development.js:3715:13)
      at reconcileChildrenArray (node_modules/react-test-renderer/cjs/react-test-renderer.development.js:3757:23)
      at reconcileChildFibersImpl (node_modules/react-test-renderer/cjs/react-test-renderer.development.js:4097:30)
      at node_modules/react-test-renderer/cjs/react-test-renderer.development.js:4202:33
      at reconcileChildren (node_modules/react-test-renderer/cjs/react-test-renderer.development.js:6685:13)
      at beginWork (node_modules/react-test-renderer/cjs/react-test-renderer.development.js:8620:13)
      at runWithFiberInDEV (node_modules/react-test-renderer/cjs/react-test-renderer.development.js:2315:13)
      at performUnitOfWork (node_modules/react-test-renderer/cjs/react-test-renderer.development.js:13224:22)
      at workLoopSync (node_modules/react-test-renderer/cjs/react-test-renderer.development.js:13068:41)
      at renderRootSync (node_modules/react-test-renderer/cjs/react-test-renderer.development.js:13049:11)
      at performWorkOnRoot (node_modules/react-test-renderer/cjs/react-test-renderer.development.js:12181:11)
      at performWorkOnRootViaSchedulerTask (node_modules/react-test-renderer/cjs/react-test-renderer.development.js:2908:7)
      at flushActQueue (node_modules/react/cjs/react.development.js:590:34)
      at Object.<anonymous>.process.env.NODE_ENV.exports.act (node_modules/react/cjs/react.development.js:884:10)
      at act (__tests__/BudgetScreens.test.tsx:246:27)
      at asyncGeneratorStep (node_modules/@babel/runtime/helpers/asyncToGenerator.js:3:17)
      at _next (node_modules/@babel/runtime/helpers/asyncToGenerator.js:17:9)
      at node_modules/@babel/runtime/helpers/asyncToGenerator.js:22:7
      at node_modules/@babel/runtime/helpers/asyncToGenerator.js:14:12
      at apply (__tests__/BudgetScreens.test.tsx:239:12)
      at Object.press (__tests__/BudgetScreens.test.tsx:508:11)
      at asyncGeneratorStep (node_modules/@babel/runtime/helpers/asyncToGenerator.js:3:17)
      at _next (node_modules/@babel/runtime/helpers/asyncToGenerator.js:17:9)

    console.error
      An update to EditBudgetsScreen inside a test was not wrapped in act(...).
      
      When testing, code that causes React state updates should be wrapped into act(...):
      
      act(() => {
        /* fire events that update state */
      });
      /* assert on the output */
      
      This ensures that you're testing the behavior the user would see in the browser. Learn more at https://react.dev/link/wrap-tests-with-act

       95 |   useEffect(() => {
       96 |     void listSystemCategories().then(result => {
    >  97 |       if (result.ok) setSystemCatalog(result.data.filter(item => item.active));
          |                      ^
       98 |     });
       99 |     void getCurrentBudget().then(result => {
      100 |       if (result.ok) setRecurrence(result.data.recurrence);

      at node_modules/react-test-renderer/cjs/react-test-renderer.development.js:14402:19
      at runWithFiberInDEV (node_modules/react-test-renderer/cjs/react-test-renderer.development.js:2315:13)
      at warnIfUpdatesNotWrappedWithActDEV (node_modules/react-test-renderer/cjs/react-test-renderer.development.js:14401:9)
      at scheduleUpdateOnFiber (node_modules/react-test-renderer/cjs/react-test-renderer.development.js:12086:9)
      at dispatchSetStateInternal (node_modules/react-test-renderer/cjs/react-test-renderer.development.js:6208:13)
      at dispatchSetState (node_modules/react-test-renderer/cjs/react-test-renderer.development.js:6165:7)
      at setSystemCatalog (src/features/expenses/screens/EditBudgetsScreen.tsx:97:22)

    console.error
      An update to EditBudgetsScreen inside a test was not wrapped in act(...).
      
      When testing, code that causes React state updates should be wrapped into act(...):
      
      act(() => {
        /* fire events that update state */
      });
      /* assert on the output */
      
      This ensures that you're testing the behavior the user would see in the browser. Learn more at https://react.dev/link/wrap-tests-with-act

       98 |     });
       99 |     void getCurrentBudget().then(result => {
    > 100 |       if (result.ok) setRecurrence(result.data.recurrence);
          |                      ^
      101 |     });
      102 |   }, []);
      103 |

      at node_modules/react-test-renderer/cjs/react-test-renderer.development.js:14402:19
      at runWithFiberInDEV (node_modules/react-test-renderer/cjs/react-test-renderer.development.js:2315:13)
      at warnIfUpdatesNotWrappedWithActDEV (node_modules/react-test-renderer/cjs/react-test-renderer.development.js:14401:9)
      at scheduleUpdateOnFiber (node_modules/react-test-renderer/cjs/react-test-renderer.development.js:12086:9)
      at dispatchSetStateInternal (node_modules/react-test-renderer/cjs/react-test-renderer.development.js:6208:13)
      at dispatchSetState (node_modules/react-test-renderer/cjs/react-test-renderer.development.js:6165:7)
      at setRecurrence (src/features/expenses/screens/EditBudgetsScreen.tsx:100:22)

    console.error
      An update to EditBudgetsScreen inside a test was not wrapped in act(...).
      
      When testing, code that causes React state updates should be wrapped into act(...):
      
      act(() => {
        /* fire events that update state */
      });
      /* assert on the output */
      
      This ensures that you're testing the behavior the user would see in the browser. Learn more at https://react.dev/link/wrap-tests-with-act

       95 |   useEffect(() => {
       96 |     void listSystemCategories().then(result => {
    >  97 |       if (result.ok) setSystemCatalog(result.data.filter(item => item.active));
          |                      ^
       98 |     });
       99 |     void getCurrentBudget().then(result => {
      100 |       if (result.ok) setRecurrence(result.data.recurrence);

      at node_modules/react-test-renderer/cjs/react-test-renderer.development.js:14402:19
      at runWithFiberInDEV (node_modules/react-test-renderer/cjs/react-test-renderer.development.js:2315:13)
      at warnIfUpdatesNotWrappedWithActDEV (node_modules/react-test-renderer/cjs/react-test-renderer.development.js:14401:9)
      at scheduleUpdateOnFiber (node_modules/react-test-renderer/cjs/react-test-renderer.development.js:12086:9)
      at dispatchSetStateInternal (node_modules/react-test-renderer/cjs/react-test-renderer.development.js:6208:13)
      at dispatchSetState (node_modules/react-test-renderer/cjs/react-test-renderer.development.js:6165:7)
      at setSystemCatalog (src/features/expenses/screens/EditBudgetsScreen.tsx:97:22)

    console.error
      An update to EditBudgetsScreen inside a test was not wrapped in act(...).
      
      When testing, code that causes React state updates should be wrapped into act(...):
      
      act(() => {
        /* fire events that update state */
      });
      /* assert on the output */
      
      This ensures that you're testing the behavior the user would see in the browser. Learn more at https://react.dev/link/wrap-tests-with-act

       98 |     });
       99 |     void getCurrentBudget().then(result => {
    > 100 |       if (result.ok) setRecurrence(result.data.recurrence);
          |                      ^
      101 |     });
      102 |   }, []);
      103 |

      at node_modules/react-test-renderer/cjs/react-test-renderer.development.js:14402:19
      at runWithFiberInDEV (node_modules/react-test-renderer/cjs/react-test-renderer.development.js:2315:13)
      at warnIfUpdatesNotWrappedWithActDEV (node_modules/react-test-renderer/cjs/react-test-renderer.development.js:14401:9)
      at scheduleUpdateOnFiber (node_modules/react-test-renderer/cjs/react-test-renderer.development.js:12086:9)
      at dispatchSetStateInternal (node_modules/react-test-renderer/cjs/react-test-renderer.development.js:6208:13)
      at dispatchSetState (node_modules/react-test-renderer/cjs/react-test-renderer.development.js:6165:7)
      at setRecurrence (src/features/expenses/screens/EditBudgetsScreen.tsx:100:22)

    console.error
      An update to EditBudgetsScreen inside a test was not wrapped in act(...).
      
      When testing, code that causes React state updates should be wrapped into act(...):
      
      act(() => {
        /* fire events that update state */
      });
      /* assert on the output */
      
      This ensures that you're testing the behavior the user would see in the browser. Learn more at https://react.dev/link/wrap-tests-with-act

       95 |   useEffect(() => {
       96 |     void listSystemCategories().then(result => {
    >  97 |       if (result.ok) setSystemCatalog(result.data.filter(item => item.active));
          |                      ^
       98 |     });
       99 |     void getCurrentBudget().then(result => {
      100 |       if (result.ok) setRecurrence(result.data.recurrence);

      at node_modules/react-test-renderer/cjs/react-test-renderer.development.js:14402:19
      at runWithFiberInDEV (node_modules/react-test-renderer/cjs/react-test-renderer.development.js:2315:13)
      at warnIfUpdatesNotWrappedWithActDEV (node_modules/react-test-renderer/cjs/react-test-renderer.development.js:14401:9)
      at scheduleUpdateOnFiber (node_modules/react-test-renderer/cjs/react-test-renderer.development.js:12086:9)
      at dispatchSetStateInternal (node_modules/react-test-renderer/cjs/react-test-renderer.development.js:6208:13)
      at dispatchSetState (node_modules/react-test-renderer/cjs/react-test-renderer.development.js:6165:7)
      at setSystemCatalog (src/features/expenses/screens/EditBudgetsScreen.tsx:97:22)

    console.error
      An update to EditBudgetsScreen inside a test was not wrapped in act(...).
      
      When testing, code that causes React state updates should be wrapped into act(...):
      
      act(() => {
        /* fire events that update state */
      });
      /* assert on the output */
      
      This ensures that you're testing the behavior the user would see in the browser. Learn more at https://react.dev/link/wrap-tests-with-act

       98 |     });
       99 |     void getCurrentBudget().then(result => {
    > 100 |       if (result.ok) setRecurrence(result.data.recurrence);
          |                      ^
      101 |     });
      102 |   }, []);
      103 |

      at node_modules/react-test-renderer/cjs/react-test-renderer.development.js:14402:19
      at runWithFiberInDEV (node_modules/react-test-renderer/cjs/react-test-renderer.development.js:2315:13)
      at warnIfUpdatesNotWrappedWithActDEV (node_modules/react-test-renderer/cjs/react-test-renderer.development.js:14401:9)
      at scheduleUpdateOnFiber (node_modules/react-test-renderer/cjs/react-test-renderer.development.js:12086:9)
      at dispatchSetStateInternal (node_modules/react-test-renderer/cjs/react-test-renderer.development.js:6208:13)
      at dispatchSetState (node_modules/react-test-renderer/cjs/react-test-renderer.development.js:6165:7)
      at setRecurrence (src/features/expenses/screens/EditBudgetsScreen.tsx:100:22)

    console.error
      Encountered two children with the same key, `subscripciones`. Keys should be unique so that components maintain their identity across updates. Non-unique keys may cause children to be duplicated and/or omitted — the behavior is unsupported and could change in a future version.

      244 |   }
      245 |
    > 246 |   await ReactTestRenderer.act(() => {
          |                           ^
      247 |     target.props.onPress();
      248 |   });
      249 |   await ReactTestRenderer.act(async () => {});

      at node_modules/react-test-renderer/cjs/react-test-renderer.development.js:3716:23
      at runWithFiberInDEV (node_modules/react-test-renderer/cjs/react-test-renderer.development.js:2315:13)
      at warnOnInvalidKey (node_modules/react-test-renderer/cjs/react-test-renderer.development.js:3715:13)
      at reconcileChildrenArray (node_modules/react-test-renderer/cjs/react-test-renderer.development.js:3782:31)
      at reconcileChildFibersImpl (node_modules/react-test-renderer/cjs/react-test-renderer.development.js:4097:30)
      at node_modules/react-test-renderer/cjs/react-test-renderer.development.js:4202:33
      at reconcileChildren (node_modules/react-test-renderer/cjs/react-test-renderer.development.js:6684:13)
      at beginWork (node_modules/react-test-renderer/cjs/react-test-renderer.development.js:8620:13)
      at runWithFiberInDEV (node_modules/react-test-renderer/cjs/react-test-renderer.development.js:2315:13)
      at performUnitOfWork (node_modules/react-test-renderer/cjs/react-test-renderer.development.js:13224:22)
      at workLoopSync (node_modules/react-test-renderer/cjs/react-test-renderer.development.js:13068:41)
      at renderRootSync (node_modules/react-test-renderer/cjs/react-test-renderer.development.js:13049:11)
      at performWorkOnRoot (node_modules/react-test-renderer/cjs/react-test-renderer.development.js:12181:11)
      at performWorkOnRootViaSchedulerTask (node_modules/react-test-renderer/cjs/react-test-renderer.development.js:2908:7)
      at flushActQueue (node_modules/react/cjs/react.development.js:590:34)
      at Object.<anonymous>.process.env.NODE_ENV.exports.act (node_modules/react/cjs/react.development.js:884:10)
      at act (__tests__/BudgetScreens.test.tsx:246:27)
      at asyncGeneratorStep (node_modules/@babel/runtime/helpers/asyncToGenerator.js:3:17)
      at _next (node_modules/@babel/runtime/helpers/asyncToGenerator.js:17:9)
      at node_modules/@babel/runtime/helpers/asyncToGenerator.js:22:7
      at node_modules/@babel/runtime/helpers/asyncToGenerator.js:14:12
      at apply (__tests__/BudgetScreens.test.tsx:239:12)
      at press (__tests__/BudgetScreens.test.tsx:193:11)
      at asyncGeneratorStep (node_modules/@babel/runtime/helpers/asyncToGenerator.js:3:17)
      at _next (node_modules/@babel/runtime/helpers/asyncToGenerator.js:17:9)
      at node_modules/@babel/runtime/helpers/asyncToGenerator.js:22:7
      at node_modules/@babel/runtime/helpers/asyncToGenerator.js:14:12
      at apply (__tests__/BudgetScreens.test.tsx:190:21)
      at openCategories (__tests__/BudgetScreens.test.tsx:203:9)
      at asyncGeneratorStep (node_modules/@babel/runtime/helpers/asyncToGenerator.js:3:17)
      at _next (node_modules/@babel/runtime/helpers/asyncToGenerator.js:17:9)
      at node_modules/@babel/runtime/helpers/asyncToGenerator.js:22:7
      at node_modules/@babel/runtime/helpers/asyncToGenerator.js:14:12
      at apply (__tests__/BudgetScreens.test.tsx:202:16)
      at Object.editLimit (__tests__/BudgetScreens.test.tsx:554:11)
      at asyncGeneratorStep (node_modules/@babel/runtime/helpers/asyncToGenerator.js:3:17)
      at _next (node_modules/@babel/runtime/helpers/asyncToGenerator.js:17:9)

    console.error
      Encountered two children with the same key, `subscripciones`. Keys should be unique so that components maintain their identity across updates. Non-unique keys may cause children to be duplicated and/or omitted — the behavior is unsupported and could change in a future version.

      244 |   }
      245 |
    > 246 |   await ReactTestRenderer.act(() => {
          |                           ^
      247 |     target.props.onPress();
      248 |   });
      249 |   await ReactTestRenderer.act(async () => {});

      at node_modules/react-test-renderer/cjs/react-test-renderer.development.js:3716:23
      at runWithFiberInDEV (node_modules/react-test-renderer/cjs/react-test-renderer.development.js:2315:13)
      at warnOnInvalidKey (node_modules/react-test-renderer/cjs/react-test-renderer.development.js:3715:13)
      at reconcileChildrenArray (node_modules/react-test-renderer/cjs/react-test-renderer.development.js:3757:23)
      at reconcileChildFibersImpl (node_modules/react-test-renderer/cjs/react-test-renderer.development.js:4097:30)
      at node_modules/react-test-renderer/cjs/react-test-renderer.development.js:4202:33
      at reconcileChildren (node_modules/react-test-renderer/cjs/react-test-renderer.development.js:6685:13)
      at beginWork (node_modules/react-test-renderer/cjs/react-test-renderer.development.js:8620:13)
      at runWithFiberInDEV (node_modules/react-test-renderer/cjs/react-test-renderer.development.js:2315:13)
      at performUnitOfWork (node_modules/react-test-renderer/cjs/react-test-renderer.development.js:13224:22)
      at workLoopSync (node_modules/react-test-renderer/cjs/react-test-renderer.development.js:13068:41)
      at renderRootSync (node_modules/react-test-renderer/cjs/react-test-renderer.development.js:13049:11)
      at performWorkOnRoot (node_modules/react-test-renderer/cjs/react-test-renderer.development.js:12181:11)
      at performWorkOnRootViaSchedulerTask (node_modules/react-test-renderer/cjs/react-test-renderer.development.js:2908:7)
      at flushActQueue (node_modules/react/cjs/react.development.js:590:34)
      at Object.<anonymous>.process.env.NODE_ENV.exports.act (node_modules/react/cjs/react.development.js:884:10)
      at act (__tests__/BudgetScreens.test.tsx:246:27)
      at asyncGeneratorStep (node_modules/@babel/runtime/helpers/asyncToGenerator.js:3:17)
      at _next (node_modules/@babel/runtime/helpers/asyncToGenerator.js:17:9)
      at node_modules/@babel/runtime/helpers/asyncToGenerator.js:22:7
      at node_modules/@babel/runtime/helpers/asyncToGenerator.js:14:12
      at apply (__tests__/BudgetScreens.test.tsx:239:12)
      at press (__tests__/BudgetScreens.test.tsx:278:11)
      at asyncGeneratorStep (node_modules/@babel/runtime/helpers/asyncToGenerator.js:3:17)
      at _next (node_modules/@babel/runtime/helpers/asyncToGenerator.js:17:9)
      at node_modules/@babel/runtime/helpers/asyncToGenerator.js:22:7
      at node_modules/@babel/runtime/helpers/asyncToGenerator.js:14:12
      at apply (__tests__/BudgetScreens.test.tsx:275:21)
      at toggleCategory (__tests__/BudgetScreens.test.tsx:206:11)
      at asyncGeneratorStep (node_modules/@babel/runtime/helpers/asyncToGenerator.js:3:17)
      at _next (node_modules/@babel/runtime/helpers/asyncToGenerator.js:17:9)

    console.error
      Encountered two children with the same key, `subscripciones`. Keys should be unique so that components maintain their identity across updates. Non-unique keys may cause children to be duplicated and/or omitted — the behavior is unsupported and could change in a future version.

      244 |   }
      245 |
    > 246 |   await ReactTestRenderer.act(() => {
          |                           ^
      247 |     target.props.onPress();
      248 |   });
      249 |   await ReactTestRenderer.act(async () => {});

      at node_modules/react-test-renderer/cjs/react-test-renderer.development.js:3716:23
      at runWithFiberInDEV (node_modules/react-test-renderer/cjs/react-test-renderer.development.js:2315:13)
      at warnOnInvalidKey (node_modules/react-test-renderer/cjs/react-test-renderer.development.js:3715:13)
      at reconcileChildrenArray (node_modules/react-test-renderer/cjs/react-test-renderer.development.js:3757:23)
      at reconcileChildFibersImpl (node_modules/react-test-renderer/cjs/react-test-renderer.development.js:4097:30)
      at node_modules/react-test-renderer/cjs/react-test-renderer.development.js:4202:33
      at reconcileChildren (node_modules/react-test-renderer/cjs/react-test-renderer.development.js:6685:13)
      at beginWork (node_modules/react-test-renderer/cjs/react-test-renderer.development.js:8620:13)
      at runWithFiberInDEV (node_modules/react-test-renderer/cjs/react-test-renderer.development.js:2315:13)
      at performUnitOfWork (node_modules/react-test-renderer/cjs/react-test-renderer.development.js:13224:22)
      at workLoopSync (node_modules/react-test-renderer/cjs/react-test-renderer.development.js:13068:41)
      at renderRootSync (node_modules/react-test-renderer/cjs/react-test-renderer.development.js:13049:11)
      at performWorkOnRoot (node_modules/react-test-renderer/cjs/react-test-renderer.development.js:12181:11)
      at performWorkOnRootViaSchedulerTask (node_modules/react-test-renderer/cjs/react-test-renderer.development.js:2908:7)
      at flushActQueue (node_modules/react/cjs/react.development.js:590:34)
      at Object.<anonymous>.process.env.NODE_ENV.exports.act (node_modules/react/cjs/react.development.js:884:10)
      at act (__tests__/BudgetScreens.test.tsx:246:27)
      at asyncGeneratorStep (node_modules/@babel/runtime/helpers/asyncToGenerator.js:3:17)
      at _next (node_modules/@babel/runtime/helpers/asyncToGenerator.js:17:9)
      at node_modules/@babel/runtime/helpers/asyncToGenerator.js:22:7
      at node_modules/@babel/runtime/helpers/asyncToGenerator.js:14:12
      at apply (__tests__/BudgetScreens.test.tsx:239:12)
      at press (__tests__/BudgetScreens.test.tsx:208:9)
      at asyncGeneratorStep (node_modules/@babel/runtime/helpers/asyncToGenerator.js:3:17)
      at _next (node_modules/@babel/runtime/helpers/asyncToGenerator.js:17:9)

    console.error
      Encountered two children with the same key, `subscripciones`. Keys should be unique so that components maintain their identity across updates. Non-unique keys may cause children to be duplicated and/or omitted — the behavior is unsupported and could change in a future version.

      178 |   }
      179 |
    > 180 |   await ReactTestRenderer.act(() => {
          |                           ^
      181 |     field.props.onChangeText(text);
      182 |   });
      183 |   await ReactTestRenderer.act(async () => {});

      at node_modules/react-test-renderer/cjs/react-test-renderer.development.js:3716:23
      at runWithFiberInDEV (node_modules/react-test-renderer/cjs/react-test-renderer.development.js:2315:13)
      at warnOnInvalidKey (node_modules/react-test-renderer/cjs/react-test-renderer.development.js:3715:13)
      at reconcileChildrenArray (node_modules/react-test-renderer/cjs/react-test-renderer.development.js:3757:23)
      at reconcileChildFibersImpl (node_modules/react-test-renderer/cjs/react-test-renderer.development.js:4097:30)
      at node_modules/react-test-renderer/cjs/react-test-renderer.development.js:4202:33
      at reconcileChildren (node_modules/react-test-renderer/cjs/react-test-renderer.development.js:6685:13)
      at beginWork (node_modules/react-test-renderer/cjs/react-test-renderer.development.js:8620:13)
      at runWithFiberInDEV (node_modules/react-test-renderer/cjs/react-test-renderer.development.js:2315:13)
      at performUnitOfWork (node_modules/react-test-renderer/cjs/react-test-renderer.development.js:13224:22)
      at workLoopSync (node_modules/react-test-renderer/cjs/react-test-renderer.development.js:13068:41)
      at renderRootSync (node_modules/react-test-renderer/cjs/react-test-renderer.development.js:13049:11)
      at performWorkOnRoot (node_modules/react-test-renderer/cjs/react-test-renderer.development.js:12181:11)
      at performWorkOnRootViaSchedulerTask (node_modules/react-test-renderer/cjs/react-test-renderer.development.js:2908:7)
      at flushActQueue (node_modules/react/cjs/react.development.js:590:34)
      at Object.<anonymous>.process.env.NODE_ENV.exports.act (node_modules/react/cjs/react.development.js:884:10)
      at act (__tests__/BudgetScreens.test.tsx:180:27)
      at asyncGeneratorStep (node_modules/@babel/runtime/helpers/asyncToGenerator.js:3:17)
      at _next (node_modules/@babel/runtime/helpers/asyncToGenerator.js:17:9)
      at node_modules/@babel/runtime/helpers/asyncToGenerator.js:22:7
      at node_modules/@babel/runtime/helpers/asyncToGenerator.js:14:12
      at apply (__tests__/BudgetScreens.test.tsx:173:11)
      at Object.type (__tests__/BudgetScreens.test.tsx:555:11)
      at asyncGeneratorStep (node_modules/@babel/runtime/helpers/asyncToGenerator.js:3:17)
      at _next (node_modules/@babel/runtime/helpers/asyncToGenerator.js:17:9)

    console.error
      Encountered two children with the same key, `subscripciones`. Keys should be unique so that components maintain their identity across updates. Non-unique keys may cause children to be duplicated and/or omitted — the behavior is unsupported and could change in a future version.

      244 |   }
      245 |
    > 246 |   await ReactTestRenderer.act(() => {
          |                           ^
      247 |     target.props.onPress();
      248 |   });
      249 |   await ReactTestRenderer.act(async () => {});

      at node_modules/react-test-renderer/cjs/react-test-renderer.development.js:3716:23
      at runWithFiberInDEV (node_modules/react-test-renderer/cjs/react-test-renderer.development.js:2315:13)
      at warnOnInvalidKey (node_modules/react-test-renderer/cjs/react-test-renderer.development.js:3715:13)
      at reconcileChildrenArray (node_modules/react-test-renderer/cjs/react-test-renderer.development.js:3757:23)
      at reconcileChildFibersImpl (node_modules/react-test-renderer/cjs/react-test-renderer.development.js:4097:30)
      at node_modules/react-test-renderer/cjs/react-test-renderer.development.js:4202:33
      at reconcileChildren (node_modules/react-test-renderer/cjs/react-test-renderer.development.js:6685:13)
      at beginWork (node_modules/react-test-renderer/cjs/react-test-renderer.development.js:8620:13)
      at runWithFiberInDEV (node_modules/react-test-renderer/cjs/react-test-renderer.development.js:2315:13)
      at performUnitOfWork (node_modules/react-test-renderer/cjs/react-test-renderer.development.js:13224:22)
      at workLoopSync (node_modules/react-test-renderer/cjs/react-test-renderer.development.js:13068:41)
      at renderRootSync (node_modules/react-test-renderer/cjs/react-test-renderer.development.js:13049:11)
      at performWorkOnRoot (node_modules/react-test-renderer/cjs/react-test-renderer.development.js:12181:11)
      at performWorkOnRootViaSchedulerTask (node_modules/react-test-renderer/cjs/react-test-renderer.development.js:2908:7)
      at flushActQueue (node_modules/react/cjs/react.development.js:590:34)
      at Object.<anonymous>.process.env.NODE_ENV.exports.act (node_modules/react/cjs/react.development.js:884:10)
      at act (__tests__/BudgetScreens.test.tsx:246:27)
      at asyncGeneratorStep (node_modules/@babel/runtime/helpers/asyncToGenerator.js:3:17)
      at _next (node_modules/@babel/runtime/helpers/asyncToGenerator.js:17:9)
      at node_modules/@babel/runtime/helpers/asyncToGenerator.js:22:7
      at node_modules/@babel/runtime/helpers/asyncToGenerator.js:14:12
      at apply (__tests__/BudgetScreens.test.tsx:239:12)
      at Object.press (__tests__/BudgetScreens.test.tsx:561:11)
      at asyncGeneratorStep (node_modules/@babel/runtime/helpers/asyncToGenerator.js:3:17)
      at _next (node_modules/@babel/runtime/helpers/asyncToGenerator.js:17:9)

    console.error
      Encountered two children with the same key, `subscripciones`. Keys should be unique so that components maintain their identity across updates. Non-unique keys may cause children to be duplicated and/or omitted — the behavior is unsupported and could change in a future version.

      244 |   }
      245 |
    > 246 |   await ReactTestRenderer.act(() => {
          |                           ^
      247 |     target.props.onPress();
      248 |   });
      249 |   await ReactTestRenderer.act(async () => {});

      at node_modules/react-test-renderer/cjs/react-test-renderer.development.js:3716:23
      at runWithFiberInDEV (node_modules/react-test-renderer/cjs/react-test-renderer.development.js:2315:13)
      at warnOnInvalidKey (node_modules/react-test-renderer/cjs/react-test-renderer.development.js:3715:13)
      at reconcileChildrenArray (node_modules/react-test-renderer/cjs/react-test-renderer.development.js:3757:23)
      at reconcileChildFibersImpl (node_modules/react-test-renderer/cjs/react-test-renderer.development.js:4097:30)
      at node_modules/react-test-renderer/cjs/react-test-renderer.development.js:4202:33
      at reconcileChildren (node_modules/react-test-renderer/cjs/react-test-renderer.development.js:6685:13)
      at beginWork (node_modules/react-test-renderer/cjs/react-test-renderer.development.js:8620:13)
      at runWithFiberInDEV (node_modules/react-test-renderer/cjs/react-test-renderer.development.js:2315:13)
      at performUnitOfWork (node_modules/react-test-renderer/cjs/react-test-renderer.development.js:13224:22)
      at workLoopSync (node_modules/react-test-renderer/cjs/react-test-renderer.development.js:13068:41)
      at renderRootSync (node_modules/react-test-renderer/cjs/react-test-renderer.development.js:13049:11)
      at performWorkOnRoot (node_modules/react-test-renderer/cjs/react-test-renderer.development.js:12181:11)
      at performWorkOnRootViaSchedulerTask (node_modules/react-test-renderer/cjs/react-test-renderer.development.js:2908:7)
      at flushActQueue (node_modules/react/cjs/react.development.js:590:34)
      at Object.<anonymous>.process.env.NODE_ENV.exports.act (node_modules/react/cjs/react.development.js:884:10)
      at act (__tests__/BudgetScreens.test.tsx:246:27)
      at asyncGeneratorStep (node_modules/@babel/runtime/helpers/asyncToGenerator.js:3:17)
      at _next (node_modules/@babel/runtime/helpers/asyncToGenerator.js:17:9)
      at node_modules/@babel/runtime/helpers/asyncToGenerator.js:22:7
      at node_modules/@babel/runtime/helpers/asyncToGenerator.js:14:12
      at apply (__tests__/BudgetScreens.test.tsx:239:12)
      at Object.press (__tests__/BudgetScreens.test.tsx:562:11)
      at asyncGeneratorStep (node_modules/@babel/runtime/helpers/asyncToGenerator.js:3:17)
      at _next (node_modules/@babel/runtime/helpers/asyncToGenerator.js:17:9)

    console.error
      An update to EditBudgetsScreen inside a test was not wrapped in act(...).
      
      When testing, code that causes React state updates should be wrapped into act(...):
      
      act(() => {
        /* fire events that update state */
      });
      /* assert on the output */
      
      This ensures that you're testing the behavior the user would see in the browser. Learn more at https://react.dev/link/wrap-tests-with-act

       95 |   useEffect(() => {
       96 |     void listSystemCategories().then(result => {
    >  97 |       if (result.ok) setSystemCatalog(result.data.filter(item => item.active));
          |                      ^
       98 |     });
       99 |     void getCurrentBudget().then(result => {
      100 |       if (result.ok) setRecurrence(result.data.recurrence);

      at node_modules/react-test-renderer/cjs/react-test-renderer.development.js:14402:19
      at runWithFiberInDEV (node_modules/react-test-renderer/cjs/react-test-renderer.development.js:2315:13)
      at warnIfUpdatesNotWrappedWithActDEV (node_modules/react-test-renderer/cjs/react-test-renderer.development.js:14401:9)
      at scheduleUpdateOnFiber (node_modules/react-test-renderer/cjs/react-test-renderer.development.js:12086:9)
      at dispatchSetStateInternal (node_modules/react-test-renderer/cjs/react-test-renderer.development.js:6208:13)
      at dispatchSetState (node_modules/react-test-renderer/cjs/react-test-renderer.development.js:6165:7)
      at setSystemCatalog (src/features/expenses/screens/EditBudgetsScreen.tsx:97:22)

    console.error
      An update to EditBudgetsScreen inside a test was not wrapped in act(...).
      
      When testing, code that causes React state updates should be wrapped into act(...):
      
      act(() => {
        /* fire events that update state */
      });
      /* assert on the output */
      
      This ensures that you're testing the behavior the user would see in the browser. Learn more at https://react.dev/link/wrap-tests-with-act

       98 |     });
       99 |     void getCurrentBudget().then(result => {
    > 100 |       if (result.ok) setRecurrence(result.data.recurrence);
          |                      ^
      101 |     });
      102 |   }, []);
      103 |

      at node_modules/react-test-renderer/cjs/react-test-renderer.development.js:14402:19
      at runWithFiberInDEV (node_modules/react-test-renderer/cjs/react-test-renderer.development.js:2315:13)
      at warnIfUpdatesNotWrappedWithActDEV (node_modules/react-test-renderer/cjs/react-test-renderer.development.js:14401:9)
      at scheduleUpdateOnFiber (node_modules/react-test-renderer/cjs/react-test-renderer.development.js:12086:9)
      at dispatchSetStateInternal (node_modules/react-test-renderer/cjs/react-test-renderer.development.js:6208:13)
      at dispatchSetState (node_modules/react-test-renderer/cjs/react-test-renderer.development.js:6165:7)
      at setRecurrence (src/features/expenses/screens/EditBudgetsScreen.tsx:100:22)

    console.error
      An update to EditBudgetsScreen inside a test was not wrapped in act(...).
      
      When testing, code that causes React state updates should be wrapped into act(...):
      
      act(() => {
        /* fire events that update state */
      });
      /* assert on the output */
      
      This ensures that you're testing the behavior the user would see in the browser. Learn more at https://react.dev/link/wrap-tests-with-act

       95 |   useEffect(() => {
       96 |     void listSystemCategories().then(result => {
    >  97 |       if (result.ok) setSystemCatalog(result.data.filter(item => item.active));
          |                      ^
       98 |     });
       99 |     void getCurrentBudget().then(result => {
      100 |       if (result.ok) setRecurrence(result.data.recurrence);

      at node_modules/react-test-renderer/cjs/react-test-renderer.development.js:14402:19
      at runWithFiberInDEV (node_modules/react-test-renderer/cjs/react-test-renderer.development.js:2315:13)
      at warnIfUpdatesNotWrappedWithActDEV (node_modules/react-test-renderer/cjs/react-test-renderer.development.js:14401:9)
      at scheduleUpdateOnFiber (node_modules/react-test-renderer/cjs/react-test-renderer.development.js:12086:9)
      at dispatchSetStateInternal (node_modules/react-test-renderer/cjs/react-test-renderer.development.js:6208:13)
      at dispatchSetState (node_modules/react-test-renderer/cjs/react-test-renderer.development.js:6165:7)
      at setSystemCatalog (src/features/expenses/screens/EditBudgetsScreen.tsx:97:22)

    console.error
      An update to EditBudgetsScreen inside a test was not wrapped in act(...).
      
      When testing, code that causes React state updates should be wrapped into act(...):
      
      act(() => {
        /* fire events that update state */
      });
      /* assert on the output */
      
      This ensures that you're testing the behavior the user would see in the browser. Learn more at https://react.dev/link/wrap-tests-with-act

       98 |     });
       99 |     void getCurrentBudget().then(result => {
    > 100 |       if (result.ok) setRecurrence(result.data.recurrence);
          |                      ^
      101 |     });
      102 |   }, []);
      103 |

      at node_modules/react-test-renderer/cjs/react-test-renderer.development.js:14402:19
      at runWithFiberInDEV (node_modules/react-test-renderer/cjs/react-test-renderer.development.js:2315:13)
      at warnIfUpdatesNotWrappedWithActDEV (node_modules/react-test-renderer/cjs/react-test-renderer.development.js:14401:9)
      at scheduleUpdateOnFiber (node_modules/react-test-renderer/cjs/react-test-renderer.development.js:12086:9)
      at dispatchSetStateInternal (node_modules/react-test-renderer/cjs/react-test-renderer.development.js:6208:13)
      at dispatchSetState (node_modules/react-test-renderer/cjs/react-test-renderer.development.js:6165:7)
      at setRecurrence (src/features/expenses/screens/EditBudgetsScreen.tsx:100:22)

    console.error
      Encountered two children with the same key, `subscripciones`. Keys should be unique so that components maintain their identity across updates. Non-unique keys may cause children to be duplicated and/or omitted — the behavior is unsupported and could change in a future version.

      244 |   }
      245 |
    > 246 |   await ReactTestRenderer.act(() => {
          |                           ^
      247 |     target.props.onPress();
      248 |   });
      249 |   await ReactTestRenderer.act(async () => {});

      at node_modules/react-test-renderer/cjs/react-test-renderer.development.js:3716:23
      at runWithFiberInDEV (node_modules/react-test-renderer/cjs/react-test-renderer.development.js:2315:13)
      at warnOnInvalidKey (node_modules/react-test-renderer/cjs/react-test-renderer.development.js:3715:13)
      at reconcileChildrenArray (node_modules/react-test-renderer/cjs/react-test-renderer.development.js:3782:31)
      at reconcileChildFibersImpl (node_modules/react-test-renderer/cjs/react-test-renderer.development.js:4097:30)
      at node_modules/react-test-renderer/cjs/react-test-renderer.development.js:4202:33
      at reconcileChildren (node_modules/react-test-renderer/cjs/react-test-renderer.development.js:6684:13)
      at beginWork (node_modules/react-test-renderer/cjs/react-test-renderer.development.js:8620:13)
      at runWithFiberInDEV (node_modules/react-test-renderer/cjs/react-test-renderer.development.js:2315:13)
      at performUnitOfWork (node_modules/react-test-renderer/cjs/react-test-renderer.development.js:13224:22)
      at workLoopSync (node_modules/react-test-renderer/cjs/react-test-renderer.development.js:13068:41)
      at renderRootSync (node_modules/react-test-renderer/cjs/react-test-renderer.development.js:13049:11)
      at performWorkOnRoot (node_modules/react-test-renderer/cjs/react-test-renderer.development.js:12181:11)
      at performWorkOnRootViaSchedulerTask (node_modules/react-test-renderer/cjs/react-test-renderer.development.js:2908:7)
      at flushActQueue (node_modules/react/cjs/react.development.js:590:34)
      at Object.<anonymous>.process.env.NODE_ENV.exports.act (node_modules/react/cjs/react.development.js:884:10)
      at act (__tests__/BudgetScreens.test.tsx:246:27)
      at asyncGeneratorStep (node_modules/@babel/runtime/helpers/asyncToGenerator.js:3:17)
      at _next (node_modules/@babel/runtime/helpers/asyncToGenerator.js:17:9)
      at node_modules/@babel/runtime/helpers/asyncToGenerator.js:22:7
      at node_modules/@babel/runtime/helpers/asyncToGenerator.js:14:12
      at apply (__tests__/BudgetScreens.test.tsx:239:12)
      at press (__tests__/BudgetScreens.test.tsx:193:11)
      at asyncGeneratorStep (node_modules/@babel/runtime/helpers/asyncToGenerator.js:3:17)
      at _next (node_modules/@babel/runtime/helpers/asyncToGenerator.js:17:9)
      at node_modules/@babel/runtime/helpers/asyncToGenerator.js:22:7
      at node_modules/@babel/runtime/helpers/asyncToGenerator.js:14:12
      at apply (__tests__/BudgetScreens.test.tsx:190:21)
      at openCategories (__tests__/BudgetScreens.test.tsx:203:9)
      at asyncGeneratorStep (node_modules/@babel/runtime/helpers/asyncToGenerator.js:3:17)
      at _next (node_modules/@babel/runtime/helpers/asyncToGenerator.js:17:9)
      at node_modules/@babel/runtime/helpers/asyncToGenerator.js:22:7
      at node_modules/@babel/runtime/helpers/asyncToGenerator.js:14:12
      at apply (__tests__/BudgetScreens.test.tsx:202:16)
      at Object.editLimit (__tests__/BudgetScreens.test.tsx:592:11)
      at asyncGeneratorStep (node_modules/@babel/runtime/helpers/asyncToGenerator.js:3:17)
      at _next (node_modules/@babel/runtime/helpers/asyncToGenerator.js:17:9)

    console.error
      Encountered two children with the same key, `subscripciones`. Keys should be unique so that components maintain their identity across updates. Non-unique keys may cause children to be duplicated and/or omitted — the behavior is unsupported and could change in a future version.

      244 |   }
      245 |
    > 246 |   await ReactTestRenderer.act(() => {
          |                           ^
      247 |     target.props.onPress();
      248 |   });
      249 |   await ReactTestRenderer.act(async () => {});

      at node_modules/react-test-renderer/cjs/react-test-renderer.development.js:3716:23
      at runWithFiberInDEV (node_modules/react-test-renderer/cjs/react-test-renderer.development.js:2315:13)
      at warnOnInvalidKey (node_modules/react-test-renderer/cjs/react-test-renderer.development.js:3715:13)
      at reconcileChildrenArray (node_modules/react-test-renderer/cjs/react-test-renderer.development.js:3757:23)
      at reconcileChildFibersImpl (node_modules/react-test-renderer/cjs/react-test-renderer.development.js:4097:30)
      at node_modules/react-test-renderer/cjs/react-test-renderer.development.js:4202:33
      at reconcileChildren (node_modules/react-test-renderer/cjs/react-test-renderer.development.js:6685:13)
      at beginWork (node_modules/react-test-renderer/cjs/react-test-renderer.development.js:8620:13)
      at runWithFiberInDEV (node_modules/react-test-renderer/cjs/react-test-renderer.development.js:2315:13)
      at performUnitOfWork (node_modules/react-test-renderer/cjs/react-test-renderer.development.js:13224:22)
      at workLoopSync (node_modules/react-test-renderer/cjs/react-test-renderer.development.js:13068:41)
      at renderRootSync (node_modules/react-test-renderer/cjs/react-test-renderer.development.js:13049:11)
      at performWorkOnRoot (node_modules/react-test-renderer/cjs/react-test-renderer.development.js:12181:11)
      at performWorkOnRootViaSchedulerTask (node_modules/react-test-renderer/cjs/react-test-renderer.development.js:2908:7)
      at flushActQueue (node_modules/react/cjs/react.development.js:590:34)
      at Object.<anonymous>.process.env.NODE_ENV.exports.act (node_modules/react/cjs/react.development.js:884:10)
      at act (__tests__/BudgetScreens.test.tsx:246:27)
      at asyncGeneratorStep (node_modules/@babel/runtime/helpers/asyncToGenerator.js:3:17)
      at _next (node_modules/@babel/runtime/helpers/asyncToGenerator.js:17:9)
      at node_modules/@babel/runtime/helpers/asyncToGenerator.js:22:7
      at node_modules/@babel/runtime/helpers/asyncToGenerator.js:14:12
      at apply (__tests__/BudgetScreens.test.tsx:239:12)
      at press (__tests__/BudgetScreens.test.tsx:278:11)
      at asyncGeneratorStep (node_modules/@babel/runtime/helpers/asyncToGenerator.js:3:17)
      at _next (node_modules/@babel/runtime/helpers/asyncToGenerator.js:17:9)
      at node_modules/@babel/runtime/helpers/asyncToGenerator.js:22:7
      at node_modules/@babel/runtime/helpers/asyncToGenerator.js:14:12
      at apply (__tests__/BudgetScreens.test.tsx:275:21)
      at toggleCategory (__tests__/BudgetScreens.test.tsx:206:11)
      at asyncGeneratorStep (node_modules/@babel/runtime/helpers/asyncToGenerator.js:3:17)
      at _next (node_modules/@babel/runtime/helpers/asyncToGenerator.js:17:9)

    console.error
      Encountered two children with the same key, `subscripciones`. Keys should be unique so that components maintain their identity across updates. Non-unique keys may cause children to be duplicated and/or omitted — the behavior is unsupported and could change in a future version.

      244 |   }
      245 |
    > 246 |   await ReactTestRenderer.act(() => {
          |                           ^
      247 |     target.props.onPress();
      248 |   });
      249 |   await ReactTestRenderer.act(async () => {});

      at node_modules/react-test-renderer/cjs/react-test-renderer.development.js:3716:23
      at runWithFiberInDEV (node_modules/react-test-renderer/cjs/react-test-renderer.development.js:2315:13)
      at warnOnInvalidKey (node_modules/react-test-renderer/cjs/react-test-renderer.development.js:3715:13)
      at reconcileChildrenArray (node_modules/react-test-renderer/cjs/react-test-renderer.development.js:3757:23)
      at reconcileChildFibersImpl (node_modules/react-test-renderer/cjs/react-test-renderer.development.js:4097:30)
      at node_modules/react-test-renderer/cjs/react-test-renderer.development.js:4202:33
      at reconcileChildren (node_modules/react-test-renderer/cjs/react-test-renderer.development.js:6685:13)
      at beginWork (node_modules/react-test-renderer/cjs/react-test-renderer.development.js:8620:13)
      at runWithFiberInDEV (node_modules/react-test-renderer/cjs/react-test-renderer.development.js:2315:13)
      at performUnitOfWork (node_modules/react-test-renderer/cjs/react-test-renderer.development.js:13224:22)
      at workLoopSync (node_modules/react-test-renderer/cjs/react-test-renderer.development.js:13068:41)
      at renderRootSync (node_modules/react-test-renderer/cjs/react-test-renderer.development.js:13049:11)
      at performWorkOnRoot (node_modules/react-test-renderer/cjs/react-test-renderer.development.js:12181:11)
      at performWorkOnRootViaSchedulerTask (node_modules/react-test-renderer/cjs/react-test-renderer.development.js:2908:7)
      at flushActQueue (node_modules/react/cjs/react.development.js:590:34)
      at Object.<anonymous>.process.env.NODE_ENV.exports.act (node_modules/react/cjs/react.development.js:884:10)
      at act (__tests__/BudgetScreens.test.tsx:246:27)
      at asyncGeneratorStep (node_modules/@babel/runtime/helpers/asyncToGenerator.js:3:17)
      at _next (node_modules/@babel/runtime/helpers/asyncToGenerator.js:17:9)
      at node_modules/@babel/runtime/helpers/asyncToGenerator.js:22:7
      at node_modules/@babel/runtime/helpers/asyncToGenerator.js:14:12
      at apply (__tests__/BudgetScreens.test.tsx:239:12)
      at press (__tests__/BudgetScreens.test.tsx:208:9)
      at asyncGeneratorStep (node_modules/@babel/runtime/helpers/asyncToGenerator.js:3:17)
      at _next (node_modules/@babel/runtime/helpers/asyncToGenerator.js:17:9)

    console.error
      Encountered two children with the same key, `subscripciones`. Keys should be unique so that components maintain their identity across updates. Non-unique keys may cause children to be duplicated and/or omitted — the behavior is unsupported and could change in a future version.

      178 |   }
      179 |
    > 180 |   await ReactTestRenderer.act(() => {
          |                           ^
      181 |     field.props.onChangeText(text);
      182 |   });
      183 |   await ReactTestRenderer.act(async () => {});

      at node_modules/react-test-renderer/cjs/react-test-renderer.development.js:3716:23
      at runWithFiberInDEV (node_modules/react-test-renderer/cjs/react-test-renderer.development.js:2315:13)
      at warnOnInvalidKey (node_modules/react-test-renderer/cjs/react-test-renderer.development.js:3715:13)
      at reconcileChildrenArray (node_modules/react-test-renderer/cjs/react-test-renderer.development.js:3757:23)
      at reconcileChildFibersImpl (node_modules/react-test-renderer/cjs/react-test-renderer.development.js:4097:30)
      at node_modules/react-test-renderer/cjs/react-test-renderer.development.js:4202:33
      at reconcileChildren (node_modules/react-test-renderer/cjs/react-test-renderer.development.js:6685:13)
      at beginWork (node_modules/react-test-renderer/cjs/react-test-renderer.development.js:8620:13)
      at runWithFiberInDEV (node_modules/react-test-renderer/cjs/react-test-renderer.development.js:2315:13)
      at performUnitOfWork (node_modules/react-test-renderer/cjs/react-test-renderer.development.js:13224:22)
      at workLoopSync (node_modules/react-test-renderer/cjs/react-test-renderer.development.js:13068:41)
      at renderRootSync (node_modules/react-test-renderer/cjs/react-test-renderer.development.js:13049:11)
      at performWorkOnRoot (node_modules/react-test-renderer/cjs/react-test-renderer.development.js:12181:11)
      at performWorkOnRootViaSchedulerTask (node_modules/react-test-renderer/cjs/react-test-renderer.development.js:2908:7)
      at flushActQueue (node_modules/react/cjs/react.development.js:590:34)
      at Object.<anonymous>.process.env.NODE_ENV.exports.act (node_modules/react/cjs/react.development.js:884:10)
      at act (__tests__/BudgetScreens.test.tsx:180:27)
      at asyncGeneratorStep (node_modules/@babel/runtime/helpers/asyncToGenerator.js:3:17)
      at _next (node_modules/@babel/runtime/helpers/asyncToGenerator.js:17:9)
      at node_modules/@babel/runtime/helpers/asyncToGenerator.js:22:7
      at node_modules/@babel/runtime/helpers/asyncToGenerator.js:14:12
      at apply (__tests__/BudgetScreens.test.tsx:173:11)
      at Object.type (__tests__/BudgetScreens.test.tsx:593:11)
      at asyncGeneratorStep (node_modules/@babel/runtime/helpers/asyncToGenerator.js:3:17)
      at _next (node_modules/@babel/runtime/helpers/asyncToGenerator.js:17:9)

    console.error
      Encountered two children with the same key, `subscripciones`. Keys should be unique so that components maintain their identity across updates. Non-unique keys may cause children to be duplicated and/or omitted — the behavior is unsupported and could change in a future version.

      231 |   }
      232 |
    > 233 |   await ReactTestRenderer.act(() => {
          |                           ^
      234 |     button.props.onPress();
      235 |   });
      236 |   await ReactTestRenderer.act(async () => {});

      at node_modules/react-test-renderer/cjs/react-test-renderer.development.js:3716:23
      at runWithFiberInDEV (node_modules/react-test-renderer/cjs/react-test-renderer.development.js:2315:13)
      at warnOnInvalidKey (node_modules/react-test-renderer/cjs/react-test-renderer.development.js:3715:13)
      at reconcileChildrenArray (node_modules/react-test-renderer/cjs/react-test-renderer.development.js:3757:23)
      at reconcileChildFibersImpl (node_modules/react-test-renderer/cjs/react-test-renderer.development.js:4097:30)
      at node_modules/react-test-renderer/cjs/react-test-renderer.development.js:4202:33
      at reconcileChildren (node_modules/react-test-renderer/cjs/react-test-renderer.development.js:6685:13)
      at beginWork (node_modules/react-test-renderer/cjs/react-test-renderer.development.js:8620:13)
      at runWithFiberInDEV (node_modules/react-test-renderer/cjs/react-test-renderer.development.js:2315:13)
      at performUnitOfWork (node_modules/react-test-renderer/cjs/react-test-renderer.development.js:13224:22)
      at workLoopSync (node_modules/react-test-renderer/cjs/react-test-renderer.development.js:13068:41)
      at renderRootSync (node_modules/react-test-renderer/cjs/react-test-renderer.development.js:13049:11)
      at performWorkOnRoot (node_modules/react-test-renderer/cjs/react-test-renderer.development.js:12181:11)
      at performWorkOnRootViaSchedulerTask (node_modules/react-test-renderer/cjs/react-test-renderer.development.js:2908:7)
      at flushActQueue (node_modules/react/cjs/react.development.js:590:34)
      at Object.<anonymous>.process.env.NODE_ENV.exports.act (node_modules/react/cjs/react.development.js:884:10)
      at act (__tests__/BudgetScreens.test.tsx:233:27)
      at asyncGeneratorStep (node_modules/@babel/runtime/helpers/asyncToGenerator.js:3:17)
      at _next (node_modules/@babel/runtime/helpers/asyncToGenerator.js:17:9)
      at node_modules/@babel/runtime/helpers/asyncToGenerator.js:22:7
      at node_modules/@babel/runtime/helpers/asyncToGenerator.js:14:12
      at apply (__tests__/BudgetScreens.test.tsx:212:16)
      at Object.pressText (__tests__/BudgetScreens.test.tsx:594:11)
      at asyncGeneratorStep (node_modules/@babel/runtime/helpers/asyncToGenerator.js:3:17)
      at _next (node_modules/@babel/runtime/helpers/asyncToGenerator.js:17:9)

    console.error
      An update to EditBudgetsScreen inside a test was not wrapped in act(...).
      
      When testing, code that causes React state updates should be wrapped into act(...):
      
      act(() => {
        /* fire events that update state */
      });
      /* assert on the output */
      
      This ensures that you're testing the behavior the user would see in the browser. Learn more at https://react.dev/link/wrap-tests-with-act

       95 |   useEffect(() => {
       96 |     void listSystemCategories().then(result => {
    >  97 |       if (result.ok) setSystemCatalog(result.data.filter(item => item.active));
          |                      ^
       98 |     });
       99 |     void getCurrentBudget().then(result => {
      100 |       if (result.ok) setRecurrence(result.data.recurrence);

      at node_modules/react-test-renderer/cjs/react-test-renderer.development.js:14402:19
      at runWithFiberInDEV (node_modules/react-test-renderer/cjs/react-test-renderer.development.js:2315:13)
      at warnIfUpdatesNotWrappedWithActDEV (node_modules/react-test-renderer/cjs/react-test-renderer.development.js:14401:9)
      at scheduleUpdateOnFiber (node_modules/react-test-renderer/cjs/react-test-renderer.development.js:12086:9)
      at dispatchSetStateInternal (node_modules/react-test-renderer/cjs/react-test-renderer.development.js:6208:13)
      at dispatchSetState (node_modules/react-test-renderer/cjs/react-test-renderer.development.js:6165:7)
      at setSystemCatalog (src/features/expenses/screens/EditBudgetsScreen.tsx:97:22)

    console.error
      An update to EditBudgetsScreen inside a test was not wrapped in act(...).
      
      When testing, code that causes React state updates should be wrapped into act(...):
      
      act(() => {
        /* fire events that update state */
      });
      /* assert on the output */
      
      This ensures that you're testing the behavior the user would see in the browser. Learn more at https://react.dev/link/wrap-tests-with-act

       98 |     });
       99 |     void getCurrentBudget().then(result => {
    > 100 |       if (result.ok) setRecurrence(result.data.recurrence);
          |                      ^
      101 |     });
      102 |   }, []);
      103 |

      at node_modules/react-test-renderer/cjs/react-test-renderer.development.js:14402:19
      at runWithFiberInDEV (node_modules/react-test-renderer/cjs/react-test-renderer.development.js:2315:13)
      at warnIfUpdatesNotWrappedWithActDEV (node_modules/react-test-renderer/cjs/react-test-renderer.development.js:14401:9)
      at scheduleUpdateOnFiber (node_modules/react-test-renderer/cjs/react-test-renderer.development.js:12086:9)
      at dispatchSetStateInternal (node_modules/react-test-renderer/cjs/react-test-renderer.development.js:6208:13)
      at dispatchSetState (node_modules/react-test-renderer/cjs/react-test-renderer.development.js:6165:7)
      at setRecurrence (src/features/expenses/screens/EditBudgetsScreen.tsx:100:22)

    console.error
      An update to EditBudgetsScreen inside a test was not wrapped in act(...).
      
      When testing, code that causes React state updates should be wrapped into act(...):
      
      act(() => {
        /* fire events that update state */
      });
      /* assert on the output */
      
      This ensures that you're testing the behavior the user would see in the browser. Learn more at https://react.dev/link/wrap-tests-with-act

       95 |   useEffect(() => {
       96 |     void listSystemCategories().then(result => {
    >  97 |       if (result.ok) setSystemCatalog(result.data.filter(item => item.active));
          |                      ^
       98 |     });
       99 |     void getCurrentBudget().then(result => {
      100 |       if (result.ok) setRecurrence(result.data.recurrence);

      at node_modules/react-test-renderer/cjs/react-test-renderer.development.js:14402:19
      at runWithFiberInDEV (node_modules/react-test-renderer/cjs/react-test-renderer.development.js:2315:13)
      at warnIfUpdatesNotWrappedWithActDEV (node_modules/react-test-renderer/cjs/react-test-renderer.development.js:14401:9)
      at scheduleUpdateOnFiber (node_modules/react-test-renderer/cjs/react-test-renderer.development.js:12086:9)
      at dispatchSetStateInternal (node_modules/react-test-renderer/cjs/react-test-renderer.development.js:6208:13)
      at dispatchSetState (node_modules/react-test-renderer/cjs/react-test-renderer.development.js:6165:7)
      at setSystemCatalog (src/features/expenses/screens/EditBudgetsScreen.tsx:97:22)

    console.error
      An update to EditBudgetsScreen inside a test was not wrapped in act(...).
      
      When testing, code that causes React state updates should be wrapped into act(...):
      
      act(() => {
        /* fire events that update state */
      });
      /* assert on the output */
      
      This ensures that you're testing the behavior the user would see in the browser. Learn more at https://react.dev/link/wrap-tests-with-act

       98 |     });
       99 |     void getCurrentBudget().then(result => {
    > 100 |       if (result.ok) setRecurrence(result.data.recurrence);
          |                      ^
      101 |     });
      102 |   }, []);
      103 |

      at node_modules/react-test-renderer/cjs/react-test-renderer.development.js:14402:19
      at runWithFiberInDEV (node_modules/react-test-renderer/cjs/react-test-renderer.development.js:2315:13)
      at warnIfUpdatesNotWrappedWithActDEV (node_modules/react-test-renderer/cjs/react-test-renderer.development.js:14401:9)
      at scheduleUpdateOnFiber (node_modules/react-test-renderer/cjs/react-test-renderer.development.js:12086:9)
      at dispatchSetStateInternal (node_modules/react-test-renderer/cjs/react-test-renderer.development.js:6208:13)
      at dispatchSetState (node_modules/react-test-renderer/cjs/react-test-renderer.development.js:6165:7)
      at setRecurrence (src/features/expenses/screens/EditBudgetsScreen.tsx:100:22)

    console.error
      Encountered two children with the same key, `subscripciones`. Keys should be unique so that components maintain their identity across updates. Non-unique keys may cause children to be duplicated and/or omitted — the behavior is unsupported and could change in a future version.

      244 |   }
      245 |
    > 246 |   await ReactTestRenderer.act(() => {
          |                           ^
      247 |     target.props.onPress();
      248 |   });
      249 |   await ReactTestRenderer.act(async () => {});

      at node_modules/react-test-renderer/cjs/react-test-renderer.development.js:3716:23
      at runWithFiberInDEV (node_modules/react-test-renderer/cjs/react-test-renderer.development.js:2315:13)
      at warnOnInvalidKey (node_modules/react-test-renderer/cjs/react-test-renderer.development.js:3715:13)
      at reconcileChildrenArray (node_modules/react-test-renderer/cjs/react-test-renderer.development.js:3782:31)
      at reconcileChildFibersImpl (node_modules/react-test-renderer/cjs/react-test-renderer.development.js:4097:30)
      at node_modules/react-test-renderer/cjs/react-test-renderer.development.js:4202:33
      at reconcileChildren (node_modules/react-test-renderer/cjs/react-test-renderer.development.js:6684:13)
      at beginWork (node_modules/react-test-renderer/cjs/react-test-renderer.development.js:8620:13)
      at runWithFiberInDEV (node_modules/react-test-renderer/cjs/react-test-renderer.development.js:2315:13)
      at performUnitOfWork (node_modules/react-test-renderer/cjs/react-test-renderer.development.js:13224:22)
      at workLoopSync (node_modules/react-test-renderer/cjs/react-test-renderer.development.js:13068:41)
      at renderRootSync (node_modules/react-test-renderer/cjs/react-test-renderer.development.js:13049:11)
      at performWorkOnRoot (node_modules/react-test-renderer/cjs/react-test-renderer.development.js:12181:11)
      at performWorkOnRootViaSchedulerTask (node_modules/react-test-renderer/cjs/react-test-renderer.development.js:2908:7)
      at flushActQueue (node_modules/react/cjs/react.development.js:590:34)
      at Object.<anonymous>.process.env.NODE_ENV.exports.act (node_modules/react/cjs/react.development.js:884:10)
      at act (__tests__/BudgetScreens.test.tsx:246:27)
      at asyncGeneratorStep (node_modules/@babel/runtime/helpers/asyncToGenerator.js:3:17)
      at _next (node_modules/@babel/runtime/helpers/asyncToGenerator.js:17:9)
      at node_modules/@babel/runtime/helpers/asyncToGenerator.js:22:7
      at node_modules/@babel/runtime/helpers/asyncToGenerator.js:14:12
      at apply (__tests__/BudgetScreens.test.tsx:239:12)
      at press (__tests__/BudgetScreens.test.tsx:193:11)
      at asyncGeneratorStep (node_modules/@babel/runtime/helpers/asyncToGenerator.js:3:17)
      at _next (node_modules/@babel/runtime/helpers/asyncToGenerator.js:17:9)
      at node_modules/@babel/runtime/helpers/asyncToGenerator.js:22:7
      at node_modules/@babel/runtime/helpers/asyncToGenerator.js:14:12
      at apply (__tests__/BudgetScreens.test.tsx:190:21)
      at Object.openCategories (__tests__/BudgetScreens.test.tsx:625:11)
      at asyncGeneratorStep (node_modules/@babel/runtime/helpers/asyncToGenerator.js:3:17)
      at _next (node_modules/@babel/runtime/helpers/asyncToGenerator.js:17:9)

    console.error
      Encountered two children with the same key, `subscripciones`. Keys should be unique so that components maintain their identity across updates. Non-unique keys may cause children to be duplicated and/or omitted — the behavior is unsupported and could change in a future version.

      244 |   }
      245 |
    > 246 |   await ReactTestRenderer.act(() => {
          |                           ^
      247 |     target.props.onPress();
      248 |   });
      249 |   await ReactTestRenderer.act(async () => {});

      at node_modules/react-test-renderer/cjs/react-test-renderer.development.js:3716:23
      at runWithFiberInDEV (node_modules/react-test-renderer/cjs/react-test-renderer.development.js:2315:13)
      at warnOnInvalidKey (node_modules/react-test-renderer/cjs/react-test-renderer.development.js:3715:13)
      at reconcileChildrenArray (node_modules/react-test-renderer/cjs/react-test-renderer.development.js:3757:23)
      at reconcileChildFibersImpl (node_modules/react-test-renderer/cjs/react-test-renderer.development.js:4097:30)
      at node_modules/react-test-renderer/cjs/react-test-renderer.development.js:4202:33
      at reconcileChildren (node_modules/react-test-renderer/cjs/react-test-renderer.development.js:6685:13)
      at beginWork (node_modules/react-test-renderer/cjs/react-test-renderer.development.js:8620:13)
      at runWithFiberInDEV (node_modules/react-test-renderer/cjs/react-test-renderer.development.js:2315:13)
      at performUnitOfWork (node_modules/react-test-renderer/cjs/react-test-renderer.development.js:13224:22)
      at workLoopSync (node_modules/react-test-renderer/cjs/react-test-renderer.development.js:13068:41)
      at renderRootSync (node_modules/react-test-renderer/cjs/react-test-renderer.development.js:13049:11)
      at performWorkOnRoot (node_modules/react-test-renderer/cjs/react-test-renderer.development.js:12181:11)
      at performWorkOnRootViaSchedulerTask (node_modules/react-test-renderer/cjs/react-test-renderer.development.js:2908:7)
      at flushActQueue (node_modules/react/cjs/react.development.js:590:34)
      at Object.<anonymous>.process.env.NODE_ENV.exports.act (node_modules/react/cjs/react.development.js:884:10)
      at act (__tests__/BudgetScreens.test.tsx:246:27)
      at asyncGeneratorStep (node_modules/@babel/runtime/helpers/asyncToGenerator.js:3:17)
      at _next (node_modules/@babel/runtime/helpers/asyncToGenerator.js:17:9)
      at node_modules/@babel/runtime/helpers/asyncToGenerator.js:22:7
      at node_modules/@babel/runtime/helpers/asyncToGenerator.js:14:12
      at apply (__tests__/BudgetScreens.test.tsx:239:12)
      at press (__tests__/BudgetScreens.test.tsx:278:11)
      at asyncGeneratorStep (node_modules/@babel/runtime/helpers/asyncToGenerator.js:3:17)
      at _next (node_modules/@babel/runtime/helpers/asyncToGenerator.js:17:9)
      at node_modules/@babel/runtime/helpers/asyncToGenerator.js:22:7
      at node_modules/@babel/runtime/helpers/asyncToGenerator.js:14:12
      at apply (__tests__/BudgetScreens.test.tsx:275:21)
      at Object.toggleCategory (__tests__/BudgetScreens.test.tsx:626:11)
      at asyncGeneratorStep (node_modules/@babel/runtime/helpers/asyncToGenerator.js:3:17)
      at _next (node_modules/@babel/runtime/helpers/asyncToGenerator.js:17:9)

    console.error
      Encountered two children with the same key, `subscripciones`. Keys should be unique so that components maintain their identity across updates. Non-unique keys may cause children to be duplicated and/or omitted — the behavior is unsupported and could change in a future version.

      244 |   }
      245 |
    > 246 |   await ReactTestRenderer.act(() => {
          |                           ^
      247 |     target.props.onPress();
      248 |   });
      249 |   await ReactTestRenderer.act(async () => {});

      at node_modules/react-test-renderer/cjs/react-test-renderer.development.js:3716:23
      at runWithFiberInDEV (node_modules/react-test-renderer/cjs/react-test-renderer.development.js:2315:13)
      at warnOnInvalidKey (node_modules/react-test-renderer/cjs/react-test-renderer.development.js:3715:13)
      at reconcileChildrenArray (node_modules/react-test-renderer/cjs/react-test-renderer.development.js:3757:23)
      at reconcileChildFibersImpl (node_modules/react-test-renderer/cjs/react-test-renderer.development.js:4097:30)
      at node_modules/react-test-renderer/cjs/react-test-renderer.development.js:4202:33
      at reconcileChildren (node_modules/react-test-renderer/cjs/react-test-renderer.development.js:6685:13)
      at beginWork (node_modules/react-test-renderer/cjs/react-test-renderer.development.js:8620:13)
      at runWithFiberInDEV (node_modules/react-test-renderer/cjs/react-test-renderer.development.js:2315:13)
      at performUnitOfWork (node_modules/react-test-renderer/cjs/react-test-renderer.development.js:13224:22)
      at workLoopSync (node_modules/react-test-renderer/cjs/react-test-renderer.development.js:13068:41)
      at renderRootSync (node_modules/react-test-renderer/cjs/react-test-renderer.development.js:13049:11)
      at performWorkOnRoot (node_modules/react-test-renderer/cjs/react-test-renderer.development.js:12181:11)
      at performWorkOnRootViaSchedulerTask (node_modules/react-test-renderer/cjs/react-test-renderer.development.js:2908:7)
      at flushActQueue (node_modules/react/cjs/react.development.js:590:34)
      at Object.<anonymous>.process.env.NODE_ENV.exports.act (node_modules/react/cjs/react.development.js:884:10)
      at act (__tests__/BudgetScreens.test.tsx:246:27)
      at asyncGeneratorStep (node_modules/@babel/runtime/helpers/asyncToGenerator.js:3:17)
      at _next (node_modules/@babel/runtime/helpers/asyncToGenerator.js:17:9)
      at node_modules/@babel/runtime/helpers/asyncToGenerator.js:22:7
      at node_modules/@babel/runtime/helpers/asyncToGenerator.js:14:12
      at apply (__tests__/BudgetScreens.test.tsx:239:12)
      at Object.press (__tests__/BudgetScreens.test.tsx:630:11)
      at asyncGeneratorStep (node_modules/@babel/runtime/helpers/asyncToGenerator.js:3:17)
      at _next (node_modules/@babel/runtime/helpers/asyncToGenerator.js:17:9)

    console.error
      An update to EditBudgetsScreen inside a test was not wrapped in act(...).
      
      When testing, code that causes React state updates should be wrapped into act(...):
      
      act(() => {
        /* fire events that update state */
      });
      /* assert on the output */
      
      This ensures that you're testing the behavior the user would see in the browser. Learn more at https://react.dev/link/wrap-tests-with-act

       95 |   useEffect(() => {
       96 |     void listSystemCategories().then(result => {
    >  97 |       if (result.ok) setSystemCatalog(result.data.filter(item => item.active));
          |                      ^
       98 |     });
       99 |     void getCurrentBudget().then(result => {
      100 |       if (result.ok) setRecurrence(result.data.recurrence);

      at node_modules/react-test-renderer/cjs/react-test-renderer.development.js:14402:19
      at runWithFiberInDEV (node_modules/react-test-renderer/cjs/react-test-renderer.development.js:2315:13)
      at warnIfUpdatesNotWrappedWithActDEV (node_modules/react-test-renderer/cjs/react-test-renderer.development.js:14401:9)
      at scheduleUpdateOnFiber (node_modules/react-test-renderer/cjs/react-test-renderer.development.js:12086:9)
      at dispatchSetStateInternal (node_modules/react-test-renderer/cjs/react-test-renderer.development.js:6208:13)
      at dispatchSetState (node_modules/react-test-renderer/cjs/react-test-renderer.development.js:6165:7)
      at setSystemCatalog (src/features/expenses/screens/EditBudgetsScreen.tsx:97:22)

    console.error
      An update to EditBudgetsScreen inside a test was not wrapped in act(...).
      
      When testing, code that causes React state updates should be wrapped into act(...):
      
      act(() => {
        /* fire events that update state */
      });
      /* assert on the output */
      
      This ensures that you're testing the behavior the user would see in the browser. Learn more at https://react.dev/link/wrap-tests-with-act

       98 |     });
       99 |     void getCurrentBudget().then(result => {
    > 100 |       if (result.ok) setRecurrence(result.data.recurrence);
          |                      ^
      101 |     });
      102 |   }, []);
      103 |

      at node_modules/react-test-renderer/cjs/react-test-renderer.development.js:14402:19
      at runWithFiberInDEV (node_modules/react-test-renderer/cjs/react-test-renderer.development.js:2315:13)
      at warnIfUpdatesNotWrappedWithActDEV (node_modules/react-test-renderer/cjs/react-test-renderer.development.js:14401:9)
      at scheduleUpdateOnFiber (node_modules/react-test-renderer/cjs/react-test-renderer.development.js:12086:9)
      at dispatchSetStateInternal (node_modules/react-test-renderer/cjs/react-test-renderer.development.js:6208:13)
      at dispatchSetState (node_modules/react-test-renderer/cjs/react-test-renderer.development.js:6165:7)
      at setRecurrence (src/features/expenses/screens/EditBudgetsScreen.tsx:100:22)

    console.error
      Encountered two children with the same key, `subscripciones`. Keys should be unique so that components maintain their identity across updates. Non-unique keys may cause children to be duplicated and/or omitted — the behavior is unsupported and could change in a future version.

      244 |   }
      245 |
    > 246 |   await ReactTestRenderer.act(() => {
          |                           ^
      247 |     target.props.onPress();
      248 |   });
      249 |   await ReactTestRenderer.act(async () => {});

      at node_modules/react-test-renderer/cjs/react-test-renderer.development.js:3716:23
      at runWithFiberInDEV (node_modules/react-test-renderer/cjs/react-test-renderer.development.js:2315:13)
      at warnOnInvalidKey (node_modules/react-test-renderer/cjs/react-test-renderer.development.js:3715:13)
      at reconcileChildrenArray (node_modules/react-test-renderer/cjs/react-test-renderer.development.js:3782:31)
      at reconcileChildFibersImpl (node_modules/react-test-renderer/cjs/react-test-renderer.development.js:4097:30)
      at node_modules/react-test-renderer/cjs/react-test-renderer.development.js:4202:33
      at reconcileChildren (node_modules/react-test-renderer/cjs/react-test-renderer.development.js:6684:13)
      at beginWork (node_modules/react-test-renderer/cjs/react-test-renderer.development.js:8620:13)
      at runWithFiberInDEV (node_modules/react-test-renderer/cjs/react-test-renderer.development.js:2315:13)
      at performUnitOfWork (node_modules/react-test-renderer/cjs/react-test-renderer.development.js:13224:22)
      at workLoopSync (node_modules/react-test-renderer/cjs/react-test-renderer.development.js:13068:41)
      at renderRootSync (node_modules/react-test-renderer/cjs/react-test-renderer.development.js:13049:11)
      at performWorkOnRoot (node_modules/react-test-renderer/cjs/react-test-renderer.development.js:12181:11)
      at performWorkOnRootViaSchedulerTask (node_modules/react-test-renderer/cjs/react-test-renderer.development.js:2908:7)
      at flushActQueue (node_modules/react/cjs/react.development.js:590:34)
      at Object.<anonymous>.process.env.NODE_ENV.exports.act (node_modules/react/cjs/react.development.js:884:10)
      at act (__tests__/BudgetScreens.test.tsx:246:27)
      at asyncGeneratorStep (node_modules/@babel/runtime/helpers/asyncToGenerator.js:3:17)
      at _next (node_modules/@babel/runtime/helpers/asyncToGenerator.js:17:9)
      at node_modules/@babel/runtime/helpers/asyncToGenerator.js:22:7
      at node_modules/@babel/runtime/helpers/asyncToGenerator.js:14:12
      at apply (__tests__/BudgetScreens.test.tsx:239:12)
      at Object.press (__tests__/BudgetScreens.test.tsx:643:11)
      at asyncGeneratorStep (node_modules/@babel/runtime/helpers/asyncToGenerator.js:3:17)
      at _next (node_modules/@babel/runtime/helpers/asyncToGenerator.js:17:9)

    console.error
      An update to EditBudgetsScreen inside a test was not wrapped in act(...).
      
      When testing, code that causes React state updates should be wrapped into act(...):
      
      act(() => {
        /* fire events that update state */
      });
      /* assert on the output */
      
      This ensures that you're testing the behavior the user would see in the browser. Learn more at https://react.dev/link/wrap-tests-with-act

       95 |   useEffect(() => {
       96 |     void listSystemCategories().then(result => {
    >  97 |       if (result.ok) setSystemCatalog(result.data.filter(item => item.active));
          |                      ^
       98 |     });
       99 |     void getCurrentBudget().then(result => {
      100 |       if (result.ok) setRecurrence(result.data.recurrence);

      at node_modules/react-test-renderer/cjs/react-test-renderer.development.js:14402:19
      at runWithFiberInDEV (node_modules/react-test-renderer/cjs/react-test-renderer.development.js:2315:13)
      at warnIfUpdatesNotWrappedWithActDEV (node_modules/react-test-renderer/cjs/react-test-renderer.development.js:14401:9)
      at scheduleUpdateOnFiber (node_modules/react-test-renderer/cjs/react-test-renderer.development.js:12086:9)
      at dispatchSetStateInternal (node_modules/react-test-renderer/cjs/react-test-renderer.development.js:6208:13)
      at dispatchSetState (node_modules/react-test-renderer/cjs/react-test-renderer.development.js:6165:7)
      at setSystemCatalog (src/features/expenses/screens/EditBudgetsScreen.tsx:97:22)

    console.error
      An update to EditBudgetsScreen inside a test was not wrapped in act(...).
      
      When testing, code that causes React state updates should be wrapped into act(...):
      
      act(() => {
        /* fire events that update state */
      });
      /* assert on the output */
      
      This ensures that you're testing the behavior the user would see in the browser. Learn more at https://react.dev/link/wrap-tests-with-act

       98 |     });
       99 |     void getCurrentBudget().then(result => {
    > 100 |       if (result.ok) setRecurrence(result.data.recurrence);
          |                      ^
      101 |     });
      102 |   }, []);
      103 |

      at node_modules/react-test-renderer/cjs/react-test-renderer.development.js:14402:19
      at runWithFiberInDEV (node_modules/react-test-renderer/cjs/react-test-renderer.development.js:2315:13)
      at warnIfUpdatesNotWrappedWithActDEV (node_modules/react-test-renderer/cjs/react-test-renderer.development.js:14401:9)
      at scheduleUpdateOnFiber (node_modules/react-test-renderer/cjs/react-test-renderer.development.js:12086:9)
      at dispatchSetStateInternal (node_modules/react-test-renderer/cjs/react-test-renderer.development.js:6208:13)
      at dispatchSetState (node_modules/react-test-renderer/cjs/react-test-renderer.development.js:6165:7)
      at setRecurrence (src/features/expenses/screens/EditBudgetsScreen.tsx:100:22)

    console.error
      Encountered two children with the same key, `subscripciones`. Keys should be unique so that components maintain their identity across updates. Non-unique keys may cause children to be duplicated and/or omitted — the behavior is unsupported and could change in a future version.

      244 |   }
      245 |
    > 246 |   await ReactTestRenderer.act(() => {
          |                           ^
      247 |     target.props.onPress();
      248 |   });
      249 |   await ReactTestRenderer.act(async () => {});

      at node_modules/react-test-renderer/cjs/react-test-renderer.development.js:3716:23
      at runWithFiberInDEV (node_modules/react-test-renderer/cjs/react-test-renderer.development.js:2315:13)
      at warnOnInvalidKey (node_modules/react-test-renderer/cjs/react-test-renderer.development.js:3715:13)
      at reconcileChildrenArray (node_modules/react-test-renderer/cjs/react-test-renderer.development.js:3782:31)
      at reconcileChildFibersImpl (node_modules/react-test-renderer/cjs/react-test-renderer.development.js:4097:30)
      at node_modules/react-test-renderer/cjs/react-test-renderer.development.js:4202:33
      at reconcileChildren (node_modules/react-test-renderer/cjs/react-test-renderer.development.js:6684:13)
      at beginWork (node_modules/react-test-renderer/cjs/react-test-renderer.development.js:8620:13)
      at runWithFiberInDEV (node_modules/react-test-renderer/cjs/react-test-renderer.development.js:2315:13)
      at performUnitOfWork (node_modules/react-test-renderer/cjs/react-test-renderer.development.js:13224:22)
      at workLoopSync (node_modules/react-test-renderer/cjs/react-test-renderer.development.js:13068:41)
      at renderRootSync (node_modules/react-test-renderer/cjs/react-test-renderer.development.js:13049:11)
      at performWorkOnRoot (node_modules/react-test-renderer/cjs/react-test-renderer.development.js:12181:11)
      at performWorkOnRootViaSchedulerTask (node_modules/react-test-renderer/cjs/react-test-renderer.development.js:2908:7)
      at flushActQueue (node_modules/react/cjs/react.development.js:590:34)
      at Object.<anonymous>.process.env.NODE_ENV.exports.act (node_modules/react/cjs/react.development.js:884:10)
      at act (__tests__/BudgetScreens.test.tsx:246:27)
      at asyncGeneratorStep (node_modules/@babel/runtime/helpers/asyncToGenerator.js:3:17)
      at _next (node_modules/@babel/runtime/helpers/asyncToGenerator.js:17:9)
      at node_modules/@babel/runtime/helpers/asyncToGenerator.js:22:7
      at node_modules/@babel/runtime/helpers/asyncToGenerator.js:14:12
      at apply (__tests__/BudgetScreens.test.tsx:239:12)
      at press (__tests__/BudgetScreens.test.tsx:193:11)
      at asyncGeneratorStep (node_modules/@babel/runtime/helpers/asyncToGenerator.js:3:17)
      at _next (node_modules/@babel/runtime/helpers/asyncToGenerator.js:17:9)
      at node_modules/@babel/runtime/helpers/asyncToGenerator.js:22:7
      at node_modules/@babel/runtime/helpers/asyncToGenerator.js:14:12
      at apply (__tests__/BudgetScreens.test.tsx:190:21)
      at Object.openCategories (__tests__/BudgetScreens.test.tsx:661:11)
      at asyncGeneratorStep (node_modules/@babel/runtime/helpers/asyncToGenerator.js:3:17)
      at _next (node_modules/@babel/runtime/helpers/asyncToGenerator.js:17:9)

PASS __tests__/AssociateWalletName.test.tsx
  ● Console

    console.error
      An update to AssociateWalletNameSheet inside a test was not wrapped in act(...).
      
      When testing, code that causes React state updates should be wrapped into act(...):
      
      act(() => {
        /* fire events that update state */
      });
      /* assert on the output */
      
      This ensures that you're testing the behavior the user would see in the browser. Learn more at https://react.dev/link/wrap-tests-with-act

      150 |     const result = await associateWalletName(card.id, name);
      151 |     if (!result.ok) {
    > 152 |       setError(result.message);
          |       ^
      153 |       setIsSaving(false);
      154 |       return;
      155 |     }

      at node_modules/react-test-renderer/cjs/react-test-renderer.development.js:14402:19
      at runWithFiberInDEV (node_modules/react-test-renderer/cjs/react-test-renderer.development.js:2315:13)
      at warnIfUpdatesNotWrappedWithActDEV (node_modules/react-test-renderer/cjs/react-test-renderer.development.js:14401:9)
      at scheduleUpdateOnFiber (node_modules/react-test-renderer/cjs/react-test-renderer.development.js:12086:9)
      at dispatchSetStateInternal (node_modules/react-test-renderer/cjs/react-test-renderer.development.js:6208:13)
      at dispatchSetState (node_modules/react-test-renderer/cjs/react-test-renderer.development.js:6165:7)
      at setError (src/features/wallet/screens/AssociateWalletNameSheet.tsx:152:7)
      at asyncGeneratorStep (node_modules/@babel/runtime/helpers/asyncToGenerator.js:3:17)
      at _next (node_modules/@babel/runtime/helpers/asyncToGenerator.js:17:9)

    console.error
      An update to AssociateWalletNameSheet inside a test was not wrapped in act(...).
      
      When testing, code that causes React state updates should be wrapped into act(...):
      
      act(() => {
        /* fire events that update state */
      });
      /* assert on the output */
      
      This ensures that you're testing the behavior the user would see in the browser. Learn more at https://react.dev/link/wrap-tests-with-act

      151 |     if (!result.ok) {
      152 |       setError(result.message);
    > 153 |       setIsSaving(false);
          |       ^
      154 |       return;
      155 |     }
      156 |

      at node_modules/react-test-renderer/cjs/react-test-renderer.development.js:14402:19
      at runWithFiberInDEV (node_modules/react-test-renderer/cjs/react-test-renderer.development.js:2315:13)
      at warnIfUpdatesNotWrappedWithActDEV (node_modules/react-test-renderer/cjs/react-test-renderer.development.js:14401:9)
      at scheduleUpdateOnFiber (node_modules/react-test-renderer/cjs/react-test-renderer.development.js:12086:9)
      at dispatchSetStateInternal (node_modules/react-test-renderer/cjs/react-test-renderer.development.js:6208:13)
      at dispatchSetState (node_modules/react-test-renderer/cjs/react-test-renderer.development.js:6165:7)
      at setIsSaving (src/features/wallet/screens/AssociateWalletNameSheet.tsx:153:7)
      at asyncGeneratorStep (node_modules/@babel/runtime/helpers/asyncToGenerator.js:3:17)
      at _next (node_modules/@babel/runtime/helpers/asyncToGenerator.js:17:9)

PASS __tests__/CardScreens.test.tsx
PASS __tests__/EditCategoryRuleScreen.test.tsx
PASS __tests__/FirstDayScreens.test.tsx
  ● Console

    console.warn
      [auth] Keychain no está enlazado en este binario; usando almacenamiento local hasta recompilar iOS.

      47 |   if (warnedMissingKeychain) return;
      48 |   warnedMissingKeychain = true;
    > 49 |   console.warn(
         |           ^
      50 |     '[auth] Keychain no está enlazado en este binario; usando almacenamiento local hasta recompilar iOS.',
      51 |   );
      52 | };

      at warn (src/features/auth/tokens.ts:49:11)
      at warnMissingKeychain (src/features/auth/tokens.ts:107:31)
      at asyncGeneratorStep (node_modules/@babel/runtime/helpers/asyncToGenerator.js:3:17)
      at _next (node_modules/@babel/runtime/helpers/asyncToGenerator.js:17:9)
      at node_modules/@babel/runtime/helpers/asyncToGenerator.js:22:7
      at node_modules/@babel/runtime/helpers/asyncToGenerator.js:14:12
      at apply (src/features/auth/tokens.ts:95:24)
      at src/features/profile/accountApi.ts:11:35
      at asyncGeneratorStep (node_modules/@babel/runtime/helpers/asyncToGenerator.js:3:17)
      at _next (node_modules/@babel/runtime/helpers/asyncToGenerator.js:17:9)
      at node_modules/@babel/runtime/helpers/asyncToGenerator.js:22:7
      at node_modules/@babel/runtime/helpers/asyncToGenerator.js:14:12
      at apply (src/features/profile/accountApi.ts:10:20)
      at authorization (src/features/profile/accountApi.ts:80:22)
      at asyncGeneratorStep (node_modules/@babel/runtime/helpers/asyncToGenerator.js:3:17)
      at _next (node_modules/@babel/runtime/helpers/asyncToGenerator.js:17:9)
      at node_modules/@babel/runtime/helpers/asyncToGenerator.js:22:7
      at node_modules/@babel/runtime/helpers/asyncToGenerator.js:14:12
      at apply (src/features/profile/accountApi.ts:79:30)
      at src/shared/hooks/useProfile.ts:30:44
      at asyncGeneratorStep (node_modules/@babel/runtime/helpers/asyncToGenerator.js:3:17)
      at _next (node_modules/@babel/runtime/helpers/asyncToGenerator.js:17:9)

PASS __tests__/HomeBudgetScreen.test.tsx
  ● Console

    console.warn
      [auth] Keychain no está enlazado en este binario; usando almacenamiento local hasta recompilar iOS.

      47 |   if (warnedMissingKeychain) return;
      48 |   warnedMissingKeychain = true;
    > 49 |   console.warn(
         |           ^
      50 |     '[auth] Keychain no está enlazado en este binario; usando almacenamiento local hasta recompilar iOS.',
      51 |   );
      52 | };

      at warn (src/features/auth/tokens.ts:49:11)
      at warnMissingKeychain (src/features/auth/tokens.ts:107:31)
      at asyncGeneratorStep (node_modules/@babel/runtime/helpers/asyncToGenerator.js:3:17)
      at _next (node_modules/@babel/runtime/helpers/asyncToGenerator.js:17:9)
      at node_modules/@babel/runtime/helpers/asyncToGenerator.js:22:7
      at node_modules/@babel/runtime/helpers/asyncToGenerator.js:14:12
      at apply (src/features/auth/tokens.ts:95:24)
      at src/features/profile/accountApi.ts:11:35
      at asyncGeneratorStep (node_modules/@babel/runtime/helpers/asyncToGenerator.js:3:17)
      at _next (node_modules/@babel/runtime/helpers/asyncToGenerator.js:17:9)
      at node_modules/@babel/runtime/helpers/asyncToGenerator.js:22:7
      at node_modules/@babel/runtime/helpers/asyncToGenerator.js:14:12
      at apply (src/features/profile/accountApi.ts:10:20)
      at authorization (src/features/profile/accountApi.ts:80:22)
      at asyncGeneratorStep (node_modules/@babel/runtime/helpers/asyncToGenerator.js:3:17)
      at _next (node_modules/@babel/runtime/helpers/asyncToGenerator.js:17:9)
      at node_modules/@babel/runtime/helpers/asyncToGenerator.js:22:7
      at node_modules/@babel/runtime/helpers/asyncToGenerator.js:14:12
      at apply (src/features/profile/accountApi.ts:79:30)
      at src/shared/hooks/useProfile.ts:30:44
      at asyncGeneratorStep (node_modules/@babel/runtime/helpers/asyncToGenerator.js:3:17)
      at _next (node_modules/@babel/runtime/helpers/asyncToGenerator.js:17:9)

PASS __tests__/monthlySummary.test.ts
PASS __tests__/theme.test.tsx
  ● Console

    console.warn
      [auth] Keychain no está enlazado en este binario; usando almacenamiento local hasta recompilar iOS.

      47 |   if (warnedMissingKeychain) return;
      48 |   warnedMissingKeychain = true;
    > 49 |   console.warn(
         |           ^
      50 |     '[auth] Keychain no está enlazado en este binario; usando almacenamiento local hasta recompilar iOS.',
      51 |   );
      52 | };

      at warn (src/features/auth/tokens.ts:49:11)
      at warnMissingKeychain (src/features/auth/tokens.ts:107:31)
      at asyncGeneratorStep (node_modules/@babel/runtime/helpers/asyncToGenerator.js:3:17)
      at _next (node_modules/@babel/runtime/helpers/asyncToGenerator.js:17:9)
      at node_modules/@babel/runtime/helpers/asyncToGenerator.js:22:7
      at node_modules/@babel/runtime/helpers/asyncToGenerator.js:14:12
      at apply (src/features/auth/tokens.ts:95:24)
      at src/features/expenses/categoryApi.ts:14:35
      at asyncGeneratorStep (node_modules/@babel/runtime/helpers/asyncToGenerator.js:3:17)
      at _next (node_modules/@babel/runtime/helpers/asyncToGenerator.js:17:9)
      at node_modules/@babel/runtime/helpers/asyncToGenerator.js:22:7
      at node_modules/@babel/runtime/helpers/asyncToGenerator.js:14:12
      at apply (src/features/expenses/categoryApi.ts:13:14)
      at request (src/features/expenses/categoryApi.ts:36:76)
      at src/features/profile/screens/ProfileScreen.tsx:149:28
      at Object.react_stack_bottom_frame (node_modules/react-test-renderer/cjs/react-test-renderer.development.js:15755:20)
      at runWithFiberInDEV (node_modules/react-test-renderer/cjs/react-test-renderer.development.js:2315:13)
      at commitHookEffectListMount (node_modules/react-test-renderer/cjs/react-test-renderer.development.js:9530:29)
      at commitHookPassiveMountEffects (node_modules/react-test-renderer/cjs/react-test-renderer.development.js:9617:11)
      at commitPassiveMountOnFiber (node_modules/react-test-renderer/cjs/react-test-renderer.development.js:11205:13)
      at recursivelyTraversePassiveMountEffects (node_modules/react-test-renderer/cjs/react-test-renderer.development.js:11160:11)
      at commitPassiveMountOnFiber (node_modules/react-test-renderer/cjs/react-test-renderer.development.js:11240:11)
      at flushPendingEffects (node_modules/react-test-renderer/cjs/react-test-renderer.development.js:14086:11)
      at performWorkOnRootViaSchedulerTask (node_modules/react-test-renderer/cjs/react-test-renderer.development.js:2896:11)
      at flushActQueue (node_modules/react/cjs/react.development.js:590:34)
      at Object.<anonymous>.process.env.NODE_ENV.exports.act (node_modules/react/cjs/react.development.js:884:10)
      at Object.act (__tests__/theme.test.tsx:162:27)
      at asyncGeneratorStep (node_modules/@babel/runtime/helpers/asyncToGenerator.js:3:17)
      at _next (node_modules/@babel/runtime/helpers/asyncToGenerator.js:17:9)
      at node_modules/@babel/runtime/helpers/asyncToGenerator.js:22:7
      at Object.<anonymous> (node_modules/@babel/runtime/helpers/asyncToGenerator.js:14:12)

PASS __tests__/CategoriesScreen.test.tsx
  ● Console

    console.warn
      [auth] Keychain no está enlazado en este binario; usando almacenamiento local hasta recompilar iOS.

      47 |   if (warnedMissingKeychain) return;
      48 |   warnedMissingKeychain = true;
    > 49 |   console.warn(
         |           ^
      50 |     '[auth] Keychain no está enlazado en este binario; usando almacenamiento local hasta recompilar iOS.',
      51 |   );
      52 | };

      at warn (src/features/auth/tokens.ts:49:11)
      at warnMissingKeychain (src/features/auth/tokens.ts:107:31)
      at asyncGeneratorStep (node_modules/@babel/runtime/helpers/asyncToGenerator.js:3:17)
      at _next (node_modules/@babel/runtime/helpers/asyncToGenerator.js:17:9)
      at node_modules/@babel/runtime/helpers/asyncToGenerator.js:22:7
      at node_modules/@babel/runtime/helpers/asyncToGenerator.js:14:12
      at apply (src/features/auth/tokens.ts:95:24)
      at src/features/profile/accountApi.ts:11:35
      at asyncGeneratorStep (node_modules/@babel/runtime/helpers/asyncToGenerator.js:3:17)
      at _next (node_modules/@babel/runtime/helpers/asyncToGenerator.js:17:9)
      at node_modules/@babel/runtime/helpers/asyncToGenerator.js:22:7
      at node_modules/@babel/runtime/helpers/asyncToGenerator.js:14:12
      at apply (src/features/profile/accountApi.ts:10:20)
      at authorization (src/features/profile/accountApi.ts:80:22)
      at asyncGeneratorStep (node_modules/@babel/runtime/helpers/asyncToGenerator.js:3:17)
      at _next (node_modules/@babel/runtime/helpers/asyncToGenerator.js:17:9)
      at node_modules/@babel/runtime/helpers/asyncToGenerator.js:22:7
      at node_modules/@babel/runtime/helpers/asyncToGenerator.js:14:12
      at apply (src/features/profile/accountApi.ts:79:30)
      at src/shared/hooks/useProfile.ts:30:44
      at asyncGeneratorStep (node_modules/@babel/runtime/helpers/asyncToGenerator.js:3:17)
      at _next (node_modules/@babel/runtime/helpers/asyncToGenerator.js:17:9)

PASS __tests__/categoryMerge.test.ts
PASS __tests__/confirmDraft.test.ts
PASS __tests__/AutomatizacionesScreen.test.tsx
PASS __tests__/authSession.test.ts
  ● Console

    console.info
      [http][auth] POST /api/v1/auth/register · iniciando

      at info (src/features/auth/api.ts:179:13)

    console.info
      [http][auth] POST /api/v1/auth/register · completado · status=201

      at info (src/features/auth/api.ts:216:13)

    console.info
      [http][auth] POST /api/v1/auth/login · iniciando

      at info (src/features/auth/api.ts:179:13)

    console.info
      [http][auth] POST /api/v1/auth/login · completado · status=200

      at info (src/features/auth/api.ts:216:13)

    console.info
      [http][auth] POST /api/v1/auth/login · iniciando

      at info (src/features/auth/api.ts:179:13)

    console.info
      [http][auth] POST /api/v1/auth/login · completado · status=200

      at info (src/features/auth/api.ts:216:13)

    console.info
      [http][auth] POST /api/v1/auth/register · iniciando

      at info (src/features/auth/api.ts:179:13)

    console.info
      [http][auth] POST /api/v1/auth/register · completado · status=201

      at info (src/features/auth/api.ts:216:13)

    console.info
      [http][auth] POST /api/v1/auth/login · iniciando

      at info (src/features/auth/api.ts:179:13)

    console.info
      [http][auth] POST /api/v1/auth/login · completado · status=200

      at info (src/features/auth/api.ts:216:13)

    console.info
      [http][auth] POST /api/v1/auth/login · iniciando

      at info (src/features/auth/api.ts:179:13)

    console.info
      [http][auth] POST /api/v1/auth/login · completado · status=200

      at info (src/features/auth/api.ts:216:13)

    console.info
      [http][auth] POST /api/v1/auth/login · iniciando

      at info (src/features/auth/api.ts:179:13)

    console.info
      [http][auth] POST /api/v1/auth/register · iniciando

      at info (src/features/auth/api.ts:179:13)

    console.info
      [http][auth] POST /api/v1/auth/login · iniciando

      at info (src/features/auth/api.ts:179:13)

    console.error
      [http][auth] POST /api/v1/auth/login · error de red · Network request failed

      224 |     if (!isTimeout) {
      225 |       const detail = error instanceof Error ? error.message : 'error desconocido';
    > 226 |       console.error(`[http][auth] POST ${path} · error de red · ${detail}`);
          |               ^
      227 |     } else {
      228 |       console.warn(`[http][auth] POST ${path} · timeout`);
      229 |     }

      at error (src/features/auth/api.ts:226:15)
          at Generator.throw (<anonymous>)
      at asyncGeneratorStep (node_modules/@babel/runtime/helpers/asyncToGenerator.js:3:17)
      at _throw (node_modules/@babel/runtime/helpers/asyncToGenerator.js:20:9)

    console.info
      [http][auth] POST /api/v1/auth/register · iniciando

      at info (src/features/auth/api.ts:179:13)

    console.info
      [http][auth] POST /api/v1/auth/register · completado · status=201

      at info (src/features/auth/api.ts:216:13)

    console.info
      [http][auth] POST /api/v1/auth/login · iniciando

      at info (src/features/auth/api.ts:179:13)

    console.error
      [http][auth] POST /api/v1/auth/login · error de red · Network request failed

      224 |     if (!isTimeout) {
      225 |       const detail = error instanceof Error ? error.message : 'error desconocido';
    > 226 |       console.error(`[http][auth] POST ${path} · error de red · ${detail}`);
          |               ^
      227 |     } else {
      228 |       console.warn(`[http][auth] POST ${path} · timeout`);
      229 |     }

      at error (src/features/auth/api.ts:226:15)
          at Generator.throw (<anonymous>)
      at asyncGeneratorStep (node_modules/@babel/runtime/helpers/asyncToGenerator.js:3:17)
      at _throw (node_modules/@babel/runtime/helpers/asyncToGenerator.js:20:9)

    console.info
      [http][auth] POST /api/v1/auth/login · iniciando

      at info (src/features/auth/api.ts:179:13)

    console.info
      [http][auth] POST /api/v1/auth/login · completado · status=200

      at info (src/features/auth/api.ts:216:13)

    console.info
      [http][auth] POST /api/v1/auth/login · iniciando

      at info (src/features/auth/api.ts:179:13)

    console.info
      [http][auth] POST /api/v1/auth/login · completado · status=200

      at info (src/features/auth/api.ts:216:13)

    console.info
      [http][auth] POST /api/v1/auth/register · iniciando

      at info (src/features/auth/api.ts:179:13)

    console.info
      [http][auth] POST /api/v1/auth/register · completado · status=201

      at info (src/features/auth/api.ts:216:13)

    console.info
      [http][auth] POST /api/v1/auth/login · iniciando

      at info (src/features/auth/api.ts:179:13)

    console.info
      [http][auth] POST /api/v1/auth/login · completado · status=200

      at info (src/features/auth/api.ts:216:13)

    console.info
      [http][auth] POST /api/v1/auth/register · iniciando

      at info (src/features/auth/api.ts:179:13)

    console.info
      [http][auth] POST /api/v1/auth/register · completado · status=201

      at info (src/features/auth/api.ts:216:13)

    console.info
      [http][auth] POST /api/v1/auth/login · iniciando

      at info (src/features/auth/api.ts:179:13)

    console.info
      [http][auth] POST /api/v1/auth/login · completado · status=200

      at info (src/features/auth/api.ts:216:13)

PASS __tests__/categoryBudgets.test.ts
PASS __tests__/customCategories.test.ts
  ● Console

    console.warn
      [customCategories] no se pudieron leer: SyntaxError: Expected property name or '}' in JSON at position 1 (line 1 column 2)
          at JSON.parse (<anonymous>)
          at parse (/Users/macmalona/Desktop/Proyecto/paktay/Paktay/packtay_mobile_front/src/features/expenses/customCategories.ts:328:46)
          at Generator.next (<anonymous>)
          at asyncGeneratorStep (/Users/macmalona/Desktop/Proyecto/paktay/Paktay/packtay_mobile_front/node_modules/@babel/runtime/helpers/asyncToGenerator.js:3:17)
          at _next (/Users/macmalona/Desktop/Proyecto/paktay/Paktay/packtay_mobile_front/node_modules/@babel/runtime/helpers/asyncToGenerator.js:17:9)
          at processTicksAndRejections (node:internal/process/task_queues:103:5)

      328 |     return raw === null ? [] : sanitize(JSON.parse(raw));
      329 |   } catch (error) {
    > 330 |     console.warn('[customCategories] no se pudieron leer:', error);
          |             ^
      331 |     return [];
      332 |   }
      333 | };

      at warn (src/features/expenses/customCategories.ts:330:13)
      at asyncGeneratorStep (node_modules/@babel/runtime/helpers/asyncToGenerator.js:3:17)
      at _next (node_modules/@babel/runtime/helpers/asyncToGenerator.js:17:9)

PASS __tests__/manualExpense.test.ts
PASS __tests__/bankCatalog.test.ts
  ● Console

    console.warn
      [auth] Keychain no está enlazado en este binario; usando almacenamiento local hasta recompilar iOS.

      47 |   if (warnedMissingKeychain) return;
      48 |   warnedMissingKeychain = true;
    > 49 |   console.warn(
         |           ^
      50 |     '[auth] Keychain no está enlazado en este binario; usando almacenamiento local hasta recompilar iOS.',
      51 |   );
      52 | };

      at warn (src/features/auth/tokens.ts:49:11)
      at warnMissingKeychain (src/features/auth/tokens.ts:107:31)
      at asyncGeneratorStep (node_modules/@babel/runtime/helpers/asyncToGenerator.js:3:17)
      at _next (node_modules/@babel/runtime/helpers/asyncToGenerator.js:17:9)
      at node_modules/@babel/runtime/helpers/asyncToGenerator.js:22:7
      at node_modules/@babel/runtime/helpers/asyncToGenerator.js:14:12
      at apply (src/features/auth/tokens.ts:95:24)
      at src/features/expenses/bankCatalog.ts:50:35
      at asyncGeneratorStep (node_modules/@babel/runtime/helpers/asyncToGenerator.js:3:17)
      at _next (node_modules/@babel/runtime/helpers/asyncToGenerator.js:17:9)
      at node_modules/@babel/runtime/helpers/asyncToGenerator.js:22:7
      at node_modules/@babel/runtime/helpers/asyncToGenerator.js:14:12
      at apply (src/features/expenses/bankCatalog.ts:49:29)
      at Object.<anonymous> (__tests__/bankCatalog.test.ts:19:31)
      at asyncGeneratorStep (node_modules/@babel/runtime/helpers/asyncToGenerator.js:3:17)
      at _next (node_modules/@babel/runtime/helpers/asyncToGenerator.js:17:9)
      at node_modules/@babel/runtime/helpers/asyncToGenerator.js:22:7
      at Object.<anonymous> (node_modules/@babel/runtime/helpers/asyncToGenerator.js:14:12)

    console.info
      [http][business] GET /api/v1/catalog/banks · consultando catálogo

      at info (src/features/expenses/bankCatalog.ts:61:13)

    console.info
      [http][business] GET /api/v1/catalog/banks · completado · status=200 · items=1

      at info (src/features/expenses/bankCatalog.ts:109:13)

    console.info
      [http][business] GET /api/v1/catalog/banks · consultando catálogo

      at info (src/features/expenses/bankCatalog.ts:61:13)

    console.warn
      [http][business] GET /api/v1/catalog/banks · sesión rechazada · status=401

      69 |
      70 |     if (response.status === 401 || response.status === 403) {
    > 71 |       console.warn(`[http][business] GET ${path} · sesión rechazada · status=${response.status}`);
         |               ^
      72 |       return {
      73 |         ok: false,
      74 |         kind: 'session',

      at warn (src/features/expenses/bankCatalog.ts:71:15)
      at asyncGeneratorStep (node_modules/@babel/runtime/helpers/asyncToGenerator.js:3:17)
      at _next (node_modules/@babel/runtime/helpers/asyncToGenerator.js:17:9)

PASS __tests__/HomeSummaryScreen.test.tsx
  ● Console

    console.warn
      [auth] Keychain no está enlazado en este binario; usando almacenamiento local hasta recompilar iOS.

      47 |   if (warnedMissingKeychain) return;
      48 |   warnedMissingKeychain = true;
    > 49 |   console.warn(
         |           ^
      50 |     '[auth] Keychain no está enlazado en este binario; usando almacenamiento local hasta recompilar iOS.',
      51 |   );
      52 | };

      at warn (src/features/auth/tokens.ts:49:11)
      at warnMissingKeychain (src/features/auth/tokens.ts:107:31)
      at asyncGeneratorStep (node_modules/@babel/runtime/helpers/asyncToGenerator.js:3:17)
      at _next (node_modules/@babel/runtime/helpers/asyncToGenerator.js:17:9)
      at node_modules/@babel/runtime/helpers/asyncToGenerator.js:22:7
      at node_modules/@babel/runtime/helpers/asyncToGenerator.js:14:12
      at apply (src/features/auth/tokens.ts:95:24)
      at src/features/profile/accountApi.ts:11:35
      at asyncGeneratorStep (node_modules/@babel/runtime/helpers/asyncToGenerator.js:3:17)
      at _next (node_modules/@babel/runtime/helpers/asyncToGenerator.js:17:9)
      at node_modules/@babel/runtime/helpers/asyncToGenerator.js:22:7
      at node_modules/@babel/runtime/helpers/asyncToGenerator.js:14:12
      at apply (src/features/profile/accountApi.ts:10:20)
      at authorization (src/features/profile/accountApi.ts:80:22)
      at asyncGeneratorStep (node_modules/@babel/runtime/helpers/asyncToGenerator.js:3:17)
      at _next (node_modules/@babel/runtime/helpers/asyncToGenerator.js:17:9)
      at node_modules/@babel/runtime/helpers/asyncToGenerator.js:22:7
      at node_modules/@babel/runtime/helpers/asyncToGenerator.js:14:12
      at apply (src/features/profile/accountApi.ts:79:30)
      at src/shared/hooks/useProfile.ts:30:44
      at asyncGeneratorStep (node_modules/@babel/runtime/helpers/asyncToGenerator.js:3:17)
      at _next (node_modules/@babel/runtime/helpers/asyncToGenerator.js:17:9)

PASS __tests__/WidgetTutorialScreen.test.tsx
PASS __tests__/useExpenseLinks.test.tsx
PASS __tests__/authApi.test.ts
  ● Console

    console.info
      [http][auth] POST /api/v1/auth/login · iniciando

      at info (src/features/auth/api.ts:179:13)

    console.info
      [http][auth] POST /api/v1/auth/login · completado · status=200

      at info (src/features/auth/api.ts:216:13)

    console.info
      [http][auth] POST /api/v1/auth/register · iniciando

      at info (src/features/auth/api.ts:179:13)

    console.info
      [http][auth] POST /api/v1/auth/register · completado · status=201

      at info (src/features/auth/api.ts:216:13)

    console.info
      [http][auth] POST /api/v1/auth/login · iniciando

      at info (src/features/auth/api.ts:179:13)

    console.info
      [http][auth] POST /api/v1/auth/register · iniciando

      at info (src/features/auth/api.ts:179:13)

    console.info
      [http][auth] POST /api/v1/auth/register · iniciando

      at info (src/features/auth/api.ts:179:13)

    console.info
      [http][auth] POST /api/v1/auth/register · iniciando

      at info (src/features/auth/api.ts:179:13)

    console.info
      [http][auth] POST /api/v1/auth/login · iniciando

      at info (src/features/auth/api.ts:179:13)

    console.error
      [http][auth] POST /api/v1/auth/login · error de red · Network request failed

      224 |     if (!isTimeout) {
      225 |       const detail = error instanceof Error ? error.message : 'error desconocido';
    > 226 |       console.error(`[http][auth] POST ${path} · error de red · ${detail}`);
          |               ^
      227 |     } else {
      228 |       console.warn(`[http][auth] POST ${path} · timeout`);
      229 |     }

      at error (src/features/auth/api.ts:226:15)
          at Generator.throw (<anonymous>)
      at asyncGeneratorStep (node_modules/@babel/runtime/helpers/asyncToGenerator.js:3:17)
      at _throw (node_modules/@babel/runtime/helpers/asyncToGenerator.js:20:9)

    console.info
      [http][auth] POST /api/v1/auth/login · iniciando

      at info (src/features/auth/api.ts:179:13)

    console.info
      [http][auth] POST /api/v1/auth/login · iniciando

      at info (src/features/auth/api.ts:179:13)

    console.info
      [http][auth] POST /api/v1/auth/login · iniciando

      at info (src/features/auth/api.ts:179:13)

    console.info
      [http][auth] POST /api/v1/auth/login · iniciando

      at info (src/features/auth/api.ts:179:13)

PASS __tests__/resolveOnboarding.test.ts
  ● Console

    console.warn
      [auth] Keychain no está enlazado en este binario; usando almacenamiento local hasta recompilar iOS.

      47 |   if (warnedMissingKeychain) return;
      48 |   warnedMissingKeychain = true;
    > 49 |   console.warn(
         |           ^
      50 |     '[auth] Keychain no está enlazado en este binario; usando almacenamiento local hasta recompilar iOS.',
      51 |   );
      52 | };

      at warn (src/features/auth/tokens.ts:49:11)
      at warnMissingKeychain (src/features/auth/tokens.ts:107:31)
      at asyncGeneratorStep (node_modules/@babel/runtime/helpers/asyncToGenerator.js:3:17)
      at _next (node_modules/@babel/runtime/helpers/asyncToGenerator.js:17:9)
      at node_modules/@babel/runtime/helpers/asyncToGenerator.js:22:7
      at node_modules/@babel/runtime/helpers/asyncToGenerator.js:14:12
      at apply (src/features/auth/tokens.ts:95:24)
      at src/features/onboarding/resolveOnboarding.ts:42:35
      at asyncGeneratorStep (node_modules/@babel/runtime/helpers/asyncToGenerator.js:3:17)
      at _next (node_modules/@babel/runtime/helpers/asyncToGenerator.js:17:9)

PASS __tests__/shortcutStatus.test.ts
PASS __tests__/format.test.ts
PASS __tests__/breakdowns.test.ts
PASS __tests__/manualPendingExpense.test.ts
PASS __tests__/movementFilters.test.ts
PASS __tests__/pendingExpenses.test.ts
PASS __tests__/restoreSession.test.ts
  ● Console

    console.info
      [http][keycloak] POST /realms/paktay/protocol/openid-connect/token · renovando sesión

      at info (src/features/auth/restoreSession.ts:36:11)

    console.info
      [http][keycloak] POST /realms/paktay/protocol/openid-connect/token · sesión renovada · status=200

      at info (src/features/auth/restoreSession.ts:73:13)

    console.info
      [http][keycloak] POST /realms/paktay/protocol/openid-connect/token · renovando sesión

      at info (src/features/auth/restoreSession.ts:36:11)

PASS __tests__/cardFinishes.test.ts
PASS __tests__/cards.test.ts
PASS __tests__/shortcutLink.test.ts
PASS __tests__/passwordApi.test.ts
PASS __tests__/authValidate.test.ts
PASS __tests__/shortcutLinkPublished.test.ts
PASS __tests__/startupHealth.test.ts
  ● Console

    console.info
      [http][startup] GET Keycloak healthcheck · iniciando

      at info (src/features/auth/startupHealth.ts:26:13)

    console.info
      [http][startup] GET Auth healthcheck · iniciando

      at info (src/features/auth/startupHealth.ts:26:13)

    console.info
      [http][startup] GET Business healthcheck · iniciando

      at info (src/features/auth/startupHealth.ts:26:13)

    console.info
      [http][startup] GET Keycloak healthcheck · disponible · status=200

      at info (src/features/auth/startupHealth.ts:29:15)

    console.info
      [http][startup] GET Auth healthcheck · disponible · status=200

      at info (src/features/auth/startupHealth.ts:29:15)

    console.info
      [http][startup] GET Business healthcheck · disponible · status=200

      at info (src/features/auth/startupHealth.ts:29:15)

    console.info
      [http][startup] GET Keycloak healthcheck · iniciando

      at info (src/features/auth/startupHealth.ts:26:13)

    console.info
      [http][startup] GET Auth healthcheck · iniciando

      at info (src/features/auth/startupHealth.ts:26:13)

    console.info
      [http][startup] GET Business healthcheck · iniciando

      at info (src/features/auth/startupHealth.ts:26:13)

    console.error
      [http][startup] GET Keycloak healthcheck · sin conexión · sin conexión

      39 |   } catch (error) {
      40 |     const detail = error instanceof Error ? error.message : String(error);
    > 41 |     console.error(`[http][startup] GET ${name} healthcheck · sin conexión · ${detail}`);
         |             ^
      42 |     return false;
      43 |   }
      44 | };

      at error (src/features/auth/startupHealth.ts:41:13)
          at Generator.throw (<anonymous>)
      at asyncGeneratorStep (node_modules/@babel/runtime/helpers/asyncToGenerator.js:3:17)
      at _throw (node_modules/@babel/runtime/helpers/asyncToGenerator.js:20:9)

    console.error
      [http][startup] GET Auth healthcheck · sin conexión · sin conexión

      39 |   } catch (error) {
      40 |     const detail = error instanceof Error ? error.message : String(error);
    > 41 |     console.error(`[http][startup] GET ${name} healthcheck · sin conexión · ${detail}`);
         |             ^
      42 |     return false;
      43 |   }
      44 | };

      at error (src/features/auth/startupHealth.ts:41:13)
          at Generator.throw (<anonymous>)
      at asyncGeneratorStep (node_modules/@babel/runtime/helpers/asyncToGenerator.js:3:17)
      at _throw (node_modules/@babel/runtime/helpers/asyncToGenerator.js:20:9)

    console.error
      [http][startup] GET Business healthcheck · sin conexión · sin conexión

      39 |   } catch (error) {
      40 |     const detail = error instanceof Error ? error.message : String(error);
    > 41 |     console.error(`[http][startup] GET ${name} healthcheck · sin conexión · ${detail}`);
         |             ^
      42 |     return false;
      43 |   }
      44 | };

      at error (src/features/auth/startupHealth.ts:41:13)
          at Generator.throw (<anonymous>)
      at asyncGeneratorStep (node_modules/@babel/runtime/helpers/asyncToGenerator.js:3:17)
      at _throw (node_modules/@babel/runtime/helpers/asyncToGenerator.js:20:9)

PASS __tests__/moneyInput.test.ts
PASS __tests__/parseExpenseLink.test.ts
PASS __tests__/App.test.tsx
  ● Console

    console.warn
      [auth] Keychain no está enlazado en este binario; usando almacenamiento local hasta recompilar iOS.

      47 |   if (warnedMissingKeychain) return;
      48 |   warnedMissingKeychain = true;
    > 49 |   console.warn(
         |           ^
      50 |     '[auth] Keychain no está enlazado en este binario; usando almacenamiento local hasta recompilar iOS.',
      51 |   );
      52 | };

      at warn (src/features/auth/tokens.ts:49:11)
      at warnMissingKeychain (src/features/auth/tokens.ts:144:7)
      at asyncGeneratorStep (node_modules/@babel/runtime/helpers/asyncToGenerator.js:3:17)
      at _next (node_modules/@babel/runtime/helpers/asyncToGenerator.js:17:9)
      at node_modules/@babel/runtime/helpers/asyncToGenerator.js:22:7
      at node_modules/@babel/runtime/helpers/asyncToGenerator.js:14:12
      at apply (src/features/auth/tokens.ts:141:25)
      at Object.<anonymous> (__tests__/App.test.tsx:160:20)
      at asyncGeneratorStep (node_modules/@babel/runtime/helpers/asyncToGenerator.js:3:17)
      at _next (node_modules/@babel/runtime/helpers/asyncToGenerator.js:17:9)

    console.error
      An update to SplashProvider inside a test was not wrapped in act(...).
      
      When testing, code that causes React state updates should be wrapped into act(...):
      
      act(() => {
        /* fire events that update state */
      });
      /* assert on the output */
      
      This ensures that you're testing the behavior the user would see in the browser. Learn more at https://react.dev/link/wrap-tests-with-act

      88 |           }
      89 |         });
    > 90 |         if (!cancelled) setConnectionFailed(!healthy);
         |                         ^
      91 |         if (healthy) await bootstrapRef.current?.();
      92 |       } catch (error) {
      93 |         // Un fallo de arranque no debe dejar al usuario atrapado en el splash:

      at node_modules/react-test-renderer/cjs/react-test-renderer.development.js:14402:19
      at runWithFiberInDEV (node_modules/react-test-renderer/cjs/react-test-renderer.development.js:2315:13)
      at warnIfUpdatesNotWrappedWithActDEV (node_modules/react-test-renderer/cjs/react-test-renderer.development.js:14401:9)
      at scheduleUpdateOnFiber (node_modules/react-test-renderer/cjs/react-test-renderer.development.js:12086:9)
      at dispatchSetStateInternal (node_modules/react-test-renderer/cjs/react-test-renderer.development.js:6208:13)
      at dispatchSetState (node_modules/react-test-renderer/cjs/react-test-renderer.development.js:6165:7)
      at setConnectionFailed (src/app/providers/SplashProvider.tsx:90:25)
      at asyncGeneratorStep (node_modules/@babel/runtime/helpers/asyncToGenerator.js:3:17)
      at _next (node_modules/@babel/runtime/helpers/asyncToGenerator.js:17:9)

    console.info
      [http][keycloak] POST /realms/paktay/protocol/openid-connect/token · renovando sesión

      at info (src/features/auth/restoreSession.ts:36:11)

    console.error
      [http][keycloak] POST /realms/paktay/protocol/openid-connect/token · error de red · Una prueba intentó salir a la red: http://localhost:28180/realms/paktay/protocol/openid-connect/token. Usa fakeAuthServer() para programar la respuesta.

      79 |     // para volver a intentarlo en el siguiente arranque, pero no se entra al Home.
      80 |     const detail = error instanceof Error ? error.message : 'error desconocido';
    > 81 |     console.error(`[http][keycloak] POST ${refreshPath} · error de red · ${detail}`);
         |             ^
      82 |     return 'signed-out';
      83 |   }
      84 | };

      at error (src/features/auth/restoreSession.ts:81:13)
          at Generator.throw (<anonymous>)
      at asyncGeneratorStep (node_modules/@babel/runtime/helpers/asyncToGenerator.js:3:17)
      at _throw (node_modules/@babel/runtime/helpers/asyncToGenerator.js:20:9)

    console.info
      [http][business] GET /api/v1/user/profile · consultando perfil

      at info (src/features/profile/accountApi.ts:84:13)

    console.error
      [http][business] GET /api/v1/user/profile · error de red · Una prueba intentó salir a la red: http://localhost:28082/api/v1/user/profile. Usa fakeAuthServer() para programar la respuesta.

      114 |   } catch (error) {
      115 |     const detail = error instanceof Error ? error.message : 'error desconocido';
    > 116 |     console.error(`[http][business] GET ${path} · error de red · ${detail}`);
          |             ^
      117 |     return {ok: false, message: 'No pudimos conectar con el servicio de perfil.'};
      118 |   }
      119 | };

      at error (src/features/profile/accountApi.ts:116:13)
          at Generator.throw (<anonymous>)
      at asyncGeneratorStep (node_modules/@babel/runtime/helpers/asyncToGenerator.js:3:17)
      at _throw (node_modules/@babel/runtime/helpers/asyncToGenerator.js:20:9)

    console.error
      An update to SplashProvider inside a test was not wrapped in act(...).
      
      When testing, code that causes React state updates should be wrapped into act(...):
      
      act(() => {
        /* fire events that update state */
      });
      /* assert on the output */
      
      This ensures that you're testing the behavior the user would see in the browser. Learn more at https://react.dev/link/wrap-tests-with-act

      88 |           }
      89 |         });
    > 90 |         if (!cancelled) setConnectionFailed(!healthy);
         |                         ^
      91 |         if (healthy) await bootstrapRef.current?.();
      92 |       } catch (error) {
      93 |         // Un fallo de arranque no debe dejar al usuario atrapado en el splash:

      at node_modules/react-test-renderer/cjs/react-test-renderer.development.js:14402:19
      at runWithFiberInDEV (node_modules/react-test-renderer/cjs/react-test-renderer.development.js:2315:13)
      at warnIfUpdatesNotWrappedWithActDEV (node_modules/react-test-renderer/cjs/react-test-renderer.development.js:14401:9)
      at scheduleUpdateOnFiber (node_modules/react-test-renderer/cjs/react-test-renderer.development.js:12086:9)
      at dispatchSetStateInternal (node_modules/react-test-renderer/cjs/react-test-renderer.development.js:6208:13)
      at dispatchSetState (node_modules/react-test-renderer/cjs/react-test-renderer.development.js:6165:7)
      at setConnectionFailed (src/app/providers/SplashProvider.tsx:90:25)
      at asyncGeneratorStep (node_modules/@babel/runtime/helpers/asyncToGenerator.js:3:17)
      at _next (node_modules/@babel/runtime/helpers/asyncToGenerator.js:17:9)

    console.info
      [http][keycloak] POST /realms/paktay/protocol/openid-connect/token · renovando sesión

      at info (src/features/auth/restoreSession.ts:36:11)

    console.error
      [http][keycloak] POST /realms/paktay/protocol/openid-connect/token · error de red · Una prueba intentó salir a la red: http://localhost:28180/realms/paktay/protocol/openid-connect/token. Usa fakeAuthServer() para programar la respuesta.

      79 |     // para volver a intentarlo en el siguiente arranque, pero no se entra al Home.
      80 |     const detail = error instanceof Error ? error.message : 'error desconocido';
    > 81 |     console.error(`[http][keycloak] POST ${refreshPath} · error de red · ${detail}`);
         |             ^
      82 |     return 'signed-out';
      83 |   }
      84 | };

      at error (src/features/auth/restoreSession.ts:81:13)
          at Generator.throw (<anonymous>)
      at asyncGeneratorStep (node_modules/@babel/runtime/helpers/asyncToGenerator.js:3:17)
      at _throw (node_modules/@babel/runtime/helpers/asyncToGenerator.js:20:9)

    console.info
      [http][business] GET /api/v1/user/profile · consultando perfil

      at info (src/features/profile/accountApi.ts:84:13)

    console.error
      [http][business] GET /api/v1/user/profile · error de red · Una prueba intentó salir a la red: http://localhost:28082/api/v1/user/profile. Usa fakeAuthServer() para programar la respuesta.

      114 |   } catch (error) {
      115 |     const detail = error instanceof Error ? error.message : 'error desconocido';
    > 116 |     console.error(`[http][business] GET ${path} · error de red · ${detail}`);
          |             ^
      117 |     return {ok: false, message: 'No pudimos conectar con el servicio de perfil.'};
      118 |   }
      119 | };

      at error (src/features/profile/accountApi.ts:116:13)
          at Generator.throw (<anonymous>)
      at asyncGeneratorStep (node_modules/@babel/runtime/helpers/asyncToGenerator.js:3:17)
      at _throw (node_modules/@babel/runtime/helpers/asyncToGenerator.js:20:9)

    console.info
      [http][business] GET /api/v1/user/profile · consultando perfil

      at info (src/features/profile/accountApi.ts:84:13)

    console.error
      [http][business] GET /api/v1/user/profile · error de red · Una prueba intentó salir a la red: http://localhost:28082/api/v1/user/profile. Usa fakeAuthServer() para programar la respuesta.

      114 |   } catch (error) {
      115 |     const detail = error instanceof Error ? error.message : 'error desconocido';
    > 116 |     console.error(`[http][business] GET ${path} · error de red · ${detail}`);
          |             ^
      117 |     return {ok: false, message: 'No pudimos conectar con el servicio de perfil.'};
      118 |   }
      119 | };

      at error (src/features/profile/accountApi.ts:116:13)
          at Generator.throw (<anonymous>)
      at asyncGeneratorStep (node_modules/@babel/runtime/helpers/asyncToGenerator.js:3:17)
      at _throw (node_modules/@babel/runtime/helpers/asyncToGenerator.js:20:9)

    console.info
      [http][business] GET /api/v1/user/profile · consultando perfil

      at info (src/features/profile/accountApi.ts:84:13)

    console.error
      [http][business] GET /api/v1/user/profile · error de red · Una prueba intentó salir a la red: http://localhost:28082/api/v1/user/profile. Usa fakeAuthServer() para programar la respuesta.

      114 |   } catch (error) {
      115 |     const detail = error instanceof Error ? error.message : 'error desconocido';
    > 116 |     console.error(`[http][business] GET ${path} · error de red · ${detail}`);
          |             ^
      117 |     return {ok: false, message: 'No pudimos conectar con el servicio de perfil.'};
      118 |   }
      119 | };

      at error (src/features/profile/accountApi.ts:116:13)
          at Generator.throw (<anonymous>)
      at asyncGeneratorStep (node_modules/@babel/runtime/helpers/asyncToGenerator.js:3:17)
      at _throw (node_modules/@babel/runtime/helpers/asyncToGenerator.js:20:9)

    console.error
      An update to SplashProvider inside a test was not wrapped in act(...).
      
      When testing, code that causes React state updates should be wrapped into act(...):
      
      act(() => {
        /* fire events that update state */
      });
      /* assert on the output */
      
      This ensures that you're testing the behavior the user would see in the browser. Learn more at https://react.dev/link/wrap-tests-with-act

      88 |           }
      89 |         });
    > 90 |         if (!cancelled) setConnectionFailed(!healthy);
         |                         ^
      91 |         if (healthy) await bootstrapRef.current?.();
      92 |       } catch (error) {
      93 |         // Un fallo de arranque no debe dejar al usuario atrapado en el splash:

      at node_modules/react-test-renderer/cjs/react-test-renderer.development.js:14402:19
      at runWithFiberInDEV (node_modules/react-test-renderer/cjs/react-test-renderer.development.js:2315:13)
      at warnIfUpdatesNotWrappedWithActDEV (node_modules/react-test-renderer/cjs/react-test-renderer.development.js:14401:9)
      at scheduleUpdateOnFiber (node_modules/react-test-renderer/cjs/react-test-renderer.development.js:12086:9)
      at dispatchSetStateInternal (node_modules/react-test-renderer/cjs/react-test-renderer.development.js:6208:13)
      at dispatchSetState (node_modules/react-test-renderer/cjs/react-test-renderer.development.js:6165:7)
      at setConnectionFailed (src/app/providers/SplashProvider.tsx:90:25)
      at asyncGeneratorStep (node_modules/@babel/runtime/helpers/asyncToGenerator.js:3:17)
      at _next (node_modules/@babel/runtime/helpers/asyncToGenerator.js:17:9)

    console.info
      [http][keycloak] POST /realms/paktay/protocol/openid-connect/token · renovando sesión

      at info (src/features/auth/restoreSession.ts:36:11)

    console.error
      [http][keycloak] POST /realms/paktay/protocol/openid-connect/token · error de red · Una prueba intentó salir a la red: http://localhost:28180/realms/paktay/protocol/openid-connect/token. Usa fakeAuthServer() para programar la respuesta.

      79 |     // para volver a intentarlo en el siguiente arranque, pero no se entra al Home.
      80 |     const detail = error instanceof Error ? error.message : 'error desconocido';
    > 81 |     console.error(`[http][keycloak] POST ${refreshPath} · error de red · ${detail}`);
         |             ^
      82 |     return 'signed-out';
      83 |   }
      84 | };

      at error (src/features/auth/restoreSession.ts:81:13)
          at Generator.throw (<anonymous>)
      at asyncGeneratorStep (node_modules/@babel/runtime/helpers/asyncToGenerator.js:3:17)
      at _throw (node_modules/@babel/runtime/helpers/asyncToGenerator.js:20:9)

    console.info
      [http][business] GET /api/v1/user/profile · consultando perfil

      at info (src/features/profile/accountApi.ts:84:13)

    console.error
      [http][business] GET /api/v1/user/profile · error de red · Una prueba intentó salir a la red: http://localhost:28082/api/v1/user/profile. Usa fakeAuthServer() para programar la respuesta.

      114 |   } catch (error) {
      115 |     const detail = error instanceof Error ? error.message : 'error desconocido';
    > 116 |     console.error(`[http][business] GET ${path} · error de red · ${detail}`);
          |             ^
      117 |     return {ok: false, message: 'No pudimos conectar con el servicio de perfil.'};
      118 |   }
      119 | };

      at error (src/features/profile/accountApi.ts:116:13)
          at Generator.throw (<anonymous>)
      at asyncGeneratorStep (node_modules/@babel/runtime/helpers/asyncToGenerator.js:3:17)
      at _throw (node_modules/@babel/runtime/helpers/asyncToGenerator.js:20:9)

    console.info
      [http][business] GET /api/v1/user/profile · consultando perfil

      at info (src/features/profile/accountApi.ts:84:13)

    console.error
      [http][business] GET /api/v1/user/profile · error de red · Una prueba intentó salir a la red: http://localhost:28082/api/v1/user/profile. Usa fakeAuthServer() para programar la respuesta.

      114 |   } catch (error) {
      115 |     const detail = error instanceof Error ? error.message : 'error desconocido';
    > 116 |     console.error(`[http][business] GET ${path} · error de red · ${detail}`);
          |             ^
      117 |     return {ok: false, message: 'No pudimos conectar con el servicio de perfil.'};
      118 |   }
      119 | };

      at error (src/features/profile/accountApi.ts:116:13)
          at Generator.throw (<anonymous>)
      at asyncGeneratorStep (node_modules/@babel/runtime/helpers/asyncToGenerator.js:3:17)
      at _throw (node_modules/@babel/runtime/helpers/asyncToGenerator.js:20:9)

    console.info
      [http][business] GET /api/v1/user/profile · consultando perfil

      at info (src/features/profile/accountApi.ts:84:13)

    console.error
      [http][business] GET /api/v1/user/profile · error de red · Una prueba intentó salir a la red: http://localhost:28082/api/v1/user/profile. Usa fakeAuthServer() para programar la respuesta.

      114 |   } catch (error) {
      115 |     const detail = error instanceof Error ? error.message : 'error desconocido';
    > 116 |     console.error(`[http][business] GET ${path} · error de red · ${detail}`);
          |             ^
      117 |     return {ok: false, message: 'No pudimos conectar con el servicio de perfil.'};
      118 |   }
      119 | };

      at error (src/features/profile/accountApi.ts:116:13)
          at Generator.throw (<anonymous>)
      at asyncGeneratorStep (node_modules/@babel/runtime/helpers/asyncToGenerator.js:3:17)
      at _throw (node_modules/@babel/runtime/helpers/asyncToGenerator.js:20:9)

    console.error
      An update to SplashProvider inside a test was not wrapped in act(...).
      
      When testing, code that causes React state updates should be wrapped into act(...):
      
      act(() => {
        /* fire events that update state */
      });
      /* assert on the output */
      
      This ensures that you're testing the behavior the user would see in the browser. Learn more at https://react.dev/link/wrap-tests-with-act

      88 |           }
      89 |         });
    > 90 |         if (!cancelled) setConnectionFailed(!healthy);
         |                         ^
      91 |         if (healthy) await bootstrapRef.current?.();
      92 |       } catch (error) {
      93 |         // Un fallo de arranque no debe dejar al usuario atrapado en el splash:

      at node_modules/react-test-renderer/cjs/react-test-renderer.development.js:14402:19
      at runWithFiberInDEV (node_modules/react-test-renderer/cjs/react-test-renderer.development.js:2315:13)
      at warnIfUpdatesNotWrappedWithActDEV (node_modules/react-test-renderer/cjs/react-test-renderer.development.js:14401:9)
      at scheduleUpdateOnFiber (node_modules/react-test-renderer/cjs/react-test-renderer.development.js:12086:9)
      at dispatchSetStateInternal (node_modules/react-test-renderer/cjs/react-test-renderer.development.js:6208:13)
      at dispatchSetState (node_modules/react-test-renderer/cjs/react-test-renderer.development.js:6165:7)
      at setConnectionFailed (src/app/providers/SplashProvider.tsx:90:25)
      at asyncGeneratorStep (node_modules/@babel/runtime/helpers/asyncToGenerator.js:3:17)
      at _next (node_modules/@babel/runtime/helpers/asyncToGenerator.js:17:9)

    console.info
      [http][keycloak] POST /realms/paktay/protocol/openid-connect/token · renovando sesión

      at info (src/features/auth/restoreSession.ts:36:11)

    console.error
      [http][keycloak] POST /realms/paktay/protocol/openid-connect/token · error de red · Una prueba intentó salir a la red: http://localhost:28180/realms/paktay/protocol/openid-connect/token. Usa fakeAuthServer() para programar la respuesta.

      79 |     // para volver a intentarlo en el siguiente arranque, pero no se entra al Home.
      80 |     const detail = error instanceof Error ? error.message : 'error desconocido';
    > 81 |     console.error(`[http][keycloak] POST ${refreshPath} · error de red · ${detail}`);
         |             ^
      82 |     return 'signed-out';
      83 |   }
      84 | };

      at error (src/features/auth/restoreSession.ts:81:13)
          at Generator.throw (<anonymous>)
      at asyncGeneratorStep (node_modules/@babel/runtime/helpers/asyncToGenerator.js:3:17)
      at _throw (node_modules/@babel/runtime/helpers/asyncToGenerator.js:20:9)

    console.info
      [http][business] GET /api/v1/user/profile · consultando perfil

      at info (src/features/profile/accountApi.ts:84:13)

    console.error
      [http][business] GET /api/v1/user/profile · error de red · Una prueba intentó salir a la red: http://localhost:28082/api/v1/user/profile. Usa fakeAuthServer() para programar la respuesta.

      114 |   } catch (error) {
      115 |     const detail = error instanceof Error ? error.message : 'error desconocido';
    > 116 |     console.error(`[http][business] GET ${path} · error de red · ${detail}`);
          |             ^
      117 |     return {ok: false, message: 'No pudimos conectar con el servicio de perfil.'};
      118 |   }
      119 | };

      at error (src/features/profile/accountApi.ts:116:13)
          at Generator.throw (<anonymous>)
      at asyncGeneratorStep (node_modules/@babel/runtime/helpers/asyncToGenerator.js:3:17)
      at _throw (node_modules/@babel/runtime/helpers/asyncToGenerator.js:20:9)

    console.info
      [http][business] GET /api/v1/user/profile · consultando perfil

      at info (src/features/profile/accountApi.ts:84:13)

    console.error
      [http][business] GET /api/v1/user/profile · error de red · Una prueba intentó salir a la red: http://localhost:28082/api/v1/user/profile. Usa fakeAuthServer() para programar la respuesta.

      114 |   } catch (error) {
      115 |     const detail = error instanceof Error ? error.message : 'error desconocido';
    > 116 |     console.error(`[http][business] GET ${path} · error de red · ${detail}`);
          |             ^
      117 |     return {ok: false, message: 'No pudimos conectar con el servicio de perfil.'};
      118 |   }
      119 | };

      at error (src/features/profile/accountApi.ts:116:13)
          at Generator.throw (<anonymous>)
      at asyncGeneratorStep (node_modules/@babel/runtime/helpers/asyncToGenerator.js:3:17)
      at _throw (node_modules/@babel/runtime/helpers/asyncToGenerator.js:20:9)

    console.info
      [http][business] GET /api/v1/user/profile · consultando perfil

      at info (src/features/profile/accountApi.ts:84:13)

    console.error
      [http][business] GET /api/v1/user/profile · error de red · Una prueba intentó salir a la red: http://localhost:28082/api/v1/user/profile. Usa fakeAuthServer() para programar la respuesta.

      114 |   } catch (error) {
      115 |     const detail = error instanceof Error ? error.message : 'error desconocido';
    > 116 |     console.error(`[http][business] GET ${path} · error de red · ${detail}`);
          |             ^
      117 |     return {ok: false, message: 'No pudimos conectar con el servicio de perfil.'};
      118 |   }
      119 | };

      at error (src/features/profile/accountApi.ts:116:13)
          at Generator.throw (<anonymous>)
      at asyncGeneratorStep (node_modules/@babel/runtime/helpers/asyncToGenerator.js:3:17)
      at _throw (node_modules/@babel/runtime/helpers/asyncToGenerator.js:20:9)

    console.error
      An update to SplashProvider inside a test was not wrapped in act(...).
      
      When testing, code that causes React state updates should be wrapped into act(...):
      
      act(() => {
        /* fire events that update state */
      });
      /* assert on the output */
      
      This ensures that you're testing the behavior the user would see in the browser. Learn more at https://react.dev/link/wrap-tests-with-act

      88 |           }
      89 |         });
    > 90 |         if (!cancelled) setConnectionFailed(!healthy);
         |                         ^
      91 |         if (healthy) await bootstrapRef.current?.();
      92 |       } catch (error) {
      93 |         // Un fallo de arranque no debe dejar al usuario atrapado en el splash:

      at node_modules/react-test-renderer/cjs/react-test-renderer.development.js:14402:19
      at runWithFiberInDEV (node_modules/react-test-renderer/cjs/react-test-renderer.development.js:2315:13)
      at warnIfUpdatesNotWrappedWithActDEV (node_modules/react-test-renderer/cjs/react-test-renderer.development.js:14401:9)
      at scheduleUpdateOnFiber (node_modules/react-test-renderer/cjs/react-test-renderer.development.js:12086:9)
      at dispatchSetStateInternal (node_modules/react-test-renderer/cjs/react-test-renderer.development.js:6208:13)
      at dispatchSetState (node_modules/react-test-renderer/cjs/react-test-renderer.development.js:6165:7)
      at setConnectionFailed (src/app/providers/SplashProvider.tsx:90:25)
      at asyncGeneratorStep (node_modules/@babel/runtime/helpers/asyncToGenerator.js:3:17)
      at _next (node_modules/@babel/runtime/helpers/asyncToGenerator.js:17:9)

    console.info
      [http][keycloak] POST /realms/paktay/protocol/openid-connect/token · renovando sesión

      at info (src/features/auth/restoreSession.ts:36:11)

    console.error
      [http][keycloak] POST /realms/paktay/protocol/openid-connect/token · error de red · Una prueba intentó salir a la red: http://localhost:28180/realms/paktay/protocol/openid-connect/token. Usa fakeAuthServer() para programar la respuesta.

      79 |     // para volver a intentarlo en el siguiente arranque, pero no se entra al Home.
      80 |     const detail = error instanceof Error ? error.message : 'error desconocido';
    > 81 |     console.error(`[http][keycloak] POST ${refreshPath} · error de red · ${detail}`);
         |             ^
      82 |     return 'signed-out';
      83 |   }
      84 | };

      at error (src/features/auth/restoreSession.ts:81:13)
          at Generator.throw (<anonymous>)
      at asyncGeneratorStep (node_modules/@babel/runtime/helpers/asyncToGenerator.js:3:17)
      at _throw (node_modules/@babel/runtime/helpers/asyncToGenerator.js:20:9)

    console.info
      [http][business] GET /api/v1/user/profile · consultando perfil

      at info (src/features/profile/accountApi.ts:84:13)

    console.error
      [http][business] GET /api/v1/user/profile · error de red · Una prueba intentó salir a la red: http://localhost:28082/api/v1/user/profile. Usa fakeAuthServer() para programar la respuesta.

      114 |   } catch (error) {
      115 |     const detail = error instanceof Error ? error.message : 'error desconocido';
    > 116 |     console.error(`[http][business] GET ${path} · error de red · ${detail}`);
          |             ^
      117 |     return {ok: false, message: 'No pudimos conectar con el servicio de perfil.'};
      118 |   }
      119 | };

      at error (src/features/profile/accountApi.ts:116:13)
          at Generator.throw (<anonymous>)
      at asyncGeneratorStep (node_modules/@babel/runtime/helpers/asyncToGenerator.js:3:17)
      at _throw (node_modules/@babel/runtime/helpers/asyncToGenerator.js:20:9)

    console.info
      [http][business] GET /api/v1/user/profile · consultando perfil

      at info (src/features/profile/accountApi.ts:84:13)

    console.error
      [http][business] GET /api/v1/user/profile · error de red · Una prueba intentó salir a la red: http://localhost:28082/api/v1/user/profile. Usa fakeAuthServer() para programar la respuesta.

      114 |   } catch (error) {
      115 |     const detail = error instanceof Error ? error.message : 'error desconocido';
    > 116 |     console.error(`[http][business] GET ${path} · error de red · ${detail}`);
          |             ^
      117 |     return {ok: false, message: 'No pudimos conectar con el servicio de perfil.'};
      118 |   }
      119 | };

      at error (src/features/profile/accountApi.ts:116:13)
          at Generator.throw (<anonymous>)
      at asyncGeneratorStep (node_modules/@babel/runtime/helpers/asyncToGenerator.js:3:17)
      at _throw (node_modules/@babel/runtime/helpers/asyncToGenerator.js:20:9)

    console.info
      [http][business] GET /api/v1/user/profile · consultando perfil

      at info (src/features/profile/accountApi.ts:84:13)

    console.error
      [http][business] GET /api/v1/user/profile · error de red · Una prueba intentó salir a la red: http://localhost:28082/api/v1/user/profile. Usa fakeAuthServer() para programar la respuesta.

      114 |   } catch (error) {
      115 |     const detail = error instanceof Error ? error.message : 'error desconocido';
    > 116 |     console.error(`[http][business] GET ${path} · error de red · ${detail}`);
          |             ^
      117 |     return {ok: false, message: 'No pudimos conectar con el servicio de perfil.'};
      118 |   }
      119 | };

      at error (src/features/profile/accountApi.ts:116:13)
          at Generator.throw (<anonymous>)
      at asyncGeneratorStep (node_modules/@babel/runtime/helpers/asyncToGenerator.js:3:17)
      at _throw (node_modules/@babel/runtime/helpers/asyncToGenerator.js:20:9)

    console.error
      An update to SplashProvider inside a test was not wrapped in act(...).
      
      When testing, code that causes React state updates should be wrapped into act(...):
      
      act(() => {
        /* fire events that update state */
      });
      /* assert on the output */
      
      This ensures that you're testing the behavior the user would see in the browser. Learn more at https://react.dev/link/wrap-tests-with-act

      88 |           }
      89 |         });
    > 90 |         if (!cancelled) setConnectionFailed(!healthy);
         |                         ^
      91 |         if (healthy) await bootstrapRef.current?.();
      92 |       } catch (error) {
      93 |         // Un fallo de arranque no debe dejar al usuario atrapado en el splash:

      at node_modules/react-test-renderer/cjs/react-test-renderer.development.js:14402:19
      at runWithFiberInDEV (node_modules/react-test-renderer/cjs/react-test-renderer.development.js:2315:13)
      at warnIfUpdatesNotWrappedWithActDEV (node_modules/react-test-renderer/cjs/react-test-renderer.development.js:14401:9)
      at scheduleUpdateOnFiber (node_modules/react-test-renderer/cjs/react-test-renderer.development.js:12086:9)
      at dispatchSetStateInternal (node_modules/react-test-renderer/cjs/react-test-renderer.development.js:6208:13)
      at dispatchSetState (node_modules/react-test-renderer/cjs/react-test-renderer.development.js:6165:7)
      at setConnectionFailed (src/app/providers/SplashProvider.tsx:90:25)
      at asyncGeneratorStep (node_modules/@babel/runtime/helpers/asyncToGenerator.js:3:17)
      at _next (node_modules/@babel/runtime/helpers/asyncToGenerator.js:17:9)

    console.info
      [http][keycloak] POST /realms/paktay/protocol/openid-connect/token · renovando sesión

      at info (src/features/auth/restoreSession.ts:36:11)

    console.error
      [http][keycloak] POST /realms/paktay/protocol/openid-connect/token · error de red · Una prueba intentó salir a la red: http://localhost:28180/realms/paktay/protocol/openid-connect/token. Usa fakeAuthServer() para programar la respuesta.

      79 |     // para volver a intentarlo en el siguiente arranque, pero no se entra al Home.
      80 |     const detail = error instanceof Error ? error.message : 'error desconocido';
    > 81 |     console.error(`[http][keycloak] POST ${refreshPath} · error de red · ${detail}`);
         |             ^
      82 |     return 'signed-out';
      83 |   }
      84 | };

      at error (src/features/auth/restoreSession.ts:81:13)
          at Generator.throw (<anonymous>)
      at asyncGeneratorStep (node_modules/@babel/runtime/helpers/asyncToGenerator.js:3:17)
      at _throw (node_modules/@babel/runtime/helpers/asyncToGenerator.js:20:9)

    console.info
      [http][business] GET /api/v1/user/profile · consultando perfil

      at info (src/features/profile/accountApi.ts:84:13)

    console.error
      [http][business] GET /api/v1/user/profile · error de red · Una prueba intentó salir a la red: http://localhost:28082/api/v1/user/profile. Usa fakeAuthServer() para programar la respuesta.

      114 |   } catch (error) {
      115 |     const detail = error instanceof Error ? error.message : 'error desconocido';
    > 116 |     console.error(`[http][business] GET ${path} · error de red · ${detail}`);
          |             ^
      117 |     return {ok: false, message: 'No pudimos conectar con el servicio de perfil.'};
      118 |   }
      119 | };

      at error (src/features/profile/accountApi.ts:116:13)
          at Generator.throw (<anonymous>)
      at asyncGeneratorStep (node_modules/@babel/runtime/helpers/asyncToGenerator.js:3:17)
      at _throw (node_modules/@babel/runtime/helpers/asyncToGenerator.js:20:9)

    console.info
      [http][business] GET /api/v1/user/profile · consultando perfil

      at info (src/features/profile/accountApi.ts:84:13)

    console.error
      [http][business] GET /api/v1/user/profile · error de red · Una prueba intentó salir a la red: http://localhost:28082/api/v1/user/profile. Usa fakeAuthServer() para programar la respuesta.

      114 |   } catch (error) {
      115 |     const detail = error instanceof Error ? error.message : 'error desconocido';
    > 116 |     console.error(`[http][business] GET ${path} · error de red · ${detail}`);
          |             ^
      117 |     return {ok: false, message: 'No pudimos conectar con el servicio de perfil.'};
      118 |   }
      119 | };

      at error (src/features/profile/accountApi.ts:116:13)
          at Generator.throw (<anonymous>)
      at asyncGeneratorStep (node_modules/@babel/runtime/helpers/asyncToGenerator.js:3:17)
      at _throw (node_modules/@babel/runtime/helpers/asyncToGenerator.js:20:9)

    console.info
      [http][business] GET /api/v1/user/profile · consultando perfil

      at info (src/features/profile/accountApi.ts:84:13)

    console.error
      [http][business] GET /api/v1/user/profile · error de red · Una prueba intentó salir a la red: http://localhost:28082/api/v1/user/profile. Usa fakeAuthServer() para programar la respuesta.

      114 |   } catch (error) {
      115 |     const detail = error instanceof Error ? error.message : 'error desconocido';
    > 116 |     console.error(`[http][business] GET ${path} · error de red · ${detail}`);
          |             ^
      117 |     return {ok: false, message: 'No pudimos conectar con el servicio de perfil.'};
      118 |   }
      119 | };

      at error (src/features/profile/accountApi.ts:116:13)
          at Generator.throw (<anonymous>)
      at asyncGeneratorStep (node_modules/@babel/runtime/helpers/asyncToGenerator.js:3:17)
      at _throw (node_modules/@babel/runtime/helpers/asyncToGenerator.js:20:9)

    console.error
      An update to SplashProvider inside a test was not wrapped in act(...).
      
      When testing, code that causes React state updates should be wrapped into act(...):
      
      act(() => {
        /* fire events that update state */
      });
      /* assert on the output */
      
      This ensures that you're testing the behavior the user would see in the browser. Learn more at https://react.dev/link/wrap-tests-with-act

      88 |           }
      89 |         });
    > 90 |         if (!cancelled) setConnectionFailed(!healthy);
         |                         ^
      91 |         if (healthy) await bootstrapRef.current?.();
      92 |       } catch (error) {
      93 |         // Un fallo de arranque no debe dejar al usuario atrapado en el splash:

      at node_modules/react-test-renderer/cjs/react-test-renderer.development.js:14402:19
      at runWithFiberInDEV (node_modules/react-test-renderer/cjs/react-test-renderer.development.js:2315:13)
      at warnIfUpdatesNotWrappedWithActDEV (node_modules/react-test-renderer/cjs/react-test-renderer.development.js:14401:9)
      at scheduleUpdateOnFiber (node_modules/react-test-renderer/cjs/react-test-renderer.development.js:12086:9)
      at dispatchSetStateInternal (node_modules/react-test-renderer/cjs/react-test-renderer.development.js:6208:13)
      at dispatchSetState (node_modules/react-test-renderer/cjs/react-test-renderer.development.js:6165:7)
      at setConnectionFailed (src/app/providers/SplashProvider.tsx:90:25)
      at asyncGeneratorStep (node_modules/@babel/runtime/helpers/asyncToGenerator.js:3:17)
      at _next (node_modules/@babel/runtime/helpers/asyncToGenerator.js:17:9)

    console.info
      [http][keycloak] POST /realms/paktay/protocol/openid-connect/token · renovando sesión

      at info (src/features/auth/restoreSession.ts:36:11)

    console.error
      [http][keycloak] POST /realms/paktay/protocol/openid-connect/token · error de red · Una prueba intentó salir a la red: http://localhost:28180/realms/paktay/protocol/openid-connect/token. Usa fakeAuthServer() para programar la respuesta.

      79 |     // para volver a intentarlo en el siguiente arranque, pero no se entra al Home.
      80 |     const detail = error instanceof Error ? error.message : 'error desconocido';
    > 81 |     console.error(`[http][keycloak] POST ${refreshPath} · error de red · ${detail}`);
         |             ^
      82 |     return 'signed-out';
      83 |   }
      84 | };

      at error (src/features/auth/restoreSession.ts:81:13)
          at Generator.throw (<anonymous>)
      at asyncGeneratorStep (node_modules/@babel/runtime/helpers/asyncToGenerator.js:3:17)
      at _throw (node_modules/@babel/runtime/helpers/asyncToGenerator.js:20:9)

    console.info
      [http][business] GET /api/v1/user/profile · consultando perfil

      at info (src/features/profile/accountApi.ts:84:13)

    console.error
      [http][business] GET /api/v1/user/profile · error de red · Una prueba intentó salir a la red: http://localhost:28082/api/v1/user/profile. Usa fakeAuthServer() para programar la respuesta.

      114 |   } catch (error) {
      115 |     const detail = error instanceof Error ? error.message : 'error desconocido';
    > 116 |     console.error(`[http][business] GET ${path} · error de red · ${detail}`);
          |             ^
      117 |     return {ok: false, message: 'No pudimos conectar con el servicio de perfil.'};
      118 |   }
      119 | };

      at error (src/features/profile/accountApi.ts:116:13)
          at Generator.throw (<anonymous>)
      at asyncGeneratorStep (node_modules/@babel/runtime/helpers/asyncToGenerator.js:3:17)
      at _throw (node_modules/@babel/runtime/helpers/asyncToGenerator.js:20:9)

    console.info
      [http][business] GET /api/v1/user/profile · consultando perfil

      at info (src/features/profile/accountApi.ts:84:13)

    console.error
      [http][business] GET /api/v1/user/profile · error de red · Una prueba intentó salir a la red: http://localhost:28082/api/v1/user/profile. Usa fakeAuthServer() para programar la respuesta.

      114 |   } catch (error) {
      115 |     const detail = error instanceof Error ? error.message : 'error desconocido';
    > 116 |     console.error(`[http][business] GET ${path} · error de red · ${detail}`);
          |             ^
      117 |     return {ok: false, message: 'No pudimos conectar con el servicio de perfil.'};
      118 |   }
      119 | };

      at error (src/features/profile/accountApi.ts:116:13)
          at Generator.throw (<anonymous>)
      at asyncGeneratorStep (node_modules/@babel/runtime/helpers/asyncToGenerator.js:3:17)
      at _throw (node_modules/@babel/runtime/helpers/asyncToGenerator.js:20:9)

    console.info
      [http][business] GET /api/v1/user/profile · consultando perfil

      at info (src/features/profile/accountApi.ts:84:13)

    console.error
      [http][business] GET /api/v1/user/profile · error de red · Una prueba intentó salir a la red: http://localhost:28082/api/v1/user/profile. Usa fakeAuthServer() para programar la respuesta.

      114 |   } catch (error) {
      115 |     const detail = error instanceof Error ? error.message : 'error desconocido';
    > 116 |     console.error(`[http][business] GET ${path} · error de red · ${detail}`);
          |             ^
      117 |     return {ok: false, message: 'No pudimos conectar con el servicio de perfil.'};
      118 |   }
      119 | };

      at error (src/features/profile/accountApi.ts:116:13)
          at Generator.throw (<anonymous>)
      at asyncGeneratorStep (node_modules/@babel/runtime/helpers/asyncToGenerator.js:3:17)
      at _throw (node_modules/@babel/runtime/helpers/asyncToGenerator.js:20:9)

    console.error
      An update to SplashProvider inside a test was not wrapped in act(...).
      
      When testing, code that causes React state updates should be wrapped into act(...):
      
      act(() => {
        /* fire events that update state */
      });
      /* assert on the output */
      
      This ensures that you're testing the behavior the user would see in the browser. Learn more at https://react.dev/link/wrap-tests-with-act

      88 |           }
      89 |         });
    > 90 |         if (!cancelled) setConnectionFailed(!healthy);
         |                         ^
      91 |         if (healthy) await bootstrapRef.current?.();
      92 |       } catch (error) {
      93 |         // Un fallo de arranque no debe dejar al usuario atrapado en el splash:

      at node_modules/react-test-renderer/cjs/react-test-renderer.development.js:14402:19
      at runWithFiberInDEV (node_modules/react-test-renderer/cjs/react-test-renderer.development.js:2315:13)
      at warnIfUpdatesNotWrappedWithActDEV (node_modules/react-test-renderer/cjs/react-test-renderer.development.js:14401:9)
      at scheduleUpdateOnFiber (node_modules/react-test-renderer/cjs/react-test-renderer.development.js:12086:9)
      at dispatchSetStateInternal (node_modules/react-test-renderer/cjs/react-test-renderer.development.js:6208:13)
      at dispatchSetState (node_modules/react-test-renderer/cjs/react-test-renderer.development.js:6165:7)
      at setConnectionFailed (src/app/providers/SplashProvider.tsx:90:25)
      at asyncGeneratorStep (node_modules/@babel/runtime/helpers/asyncToGenerator.js:3:17)
      at _next (node_modules/@babel/runtime/helpers/asyncToGenerator.js:17:9)

    console.info
      [http][keycloak] POST /realms/paktay/protocol/openid-connect/token · renovando sesión

      at info (src/features/auth/restoreSession.ts:36:11)

    console.error
      [http][keycloak] POST /realms/paktay/protocol/openid-connect/token · error de red · Una prueba intentó salir a la red: http://localhost:28180/realms/paktay/protocol/openid-connect/token. Usa fakeAuthServer() para programar la respuesta.

      79 |     // para volver a intentarlo en el siguiente arranque, pero no se entra al Home.
      80 |     const detail = error instanceof Error ? error.message : 'error desconocido';
    > 81 |     console.error(`[http][keycloak] POST ${refreshPath} · error de red · ${detail}`);
         |             ^
      82 |     return 'signed-out';
      83 |   }
      84 | };

      at error (src/features/auth/restoreSession.ts:81:13)
          at Generator.throw (<anonymous>)
      at asyncGeneratorStep (node_modules/@babel/runtime/helpers/asyncToGenerator.js:3:17)
      at _throw (node_modules/@babel/runtime/helpers/asyncToGenerator.js:20:9)

    console.info
      [http][business] GET /api/v1/user/profile · consultando perfil

      at info (src/features/profile/accountApi.ts:84:13)

    console.error
      [http][business] GET /api/v1/user/profile · error de red · Una prueba intentó salir a la red: http://localhost:28082/api/v1/user/profile. Usa fakeAuthServer() para programar la respuesta.

      114 |   } catch (error) {
      115 |     const detail = error instanceof Error ? error.message : 'error desconocido';
    > 116 |     console.error(`[http][business] GET ${path} · error de red · ${detail}`);
          |             ^
      117 |     return {ok: false, message: 'No pudimos conectar con el servicio de perfil.'};
      118 |   }
      119 | };

      at error (src/features/profile/accountApi.ts:116:13)
          at Generator.throw (<anonymous>)
      at asyncGeneratorStep (node_modules/@babel/runtime/helpers/asyncToGenerator.js:3:17)
      at _throw (node_modules/@babel/runtime/helpers/asyncToGenerator.js:20:9)

    console.info
      [http][business] GET /api/v1/user/profile · consultando perfil

      at info (src/features/profile/accountApi.ts:84:13)

    console.error
      [http][business] GET /api/v1/user/profile · error de red · Una prueba intentó salir a la red: http://localhost:28082/api/v1/user/profile. Usa fakeAuthServer() para programar la respuesta.

      114 |   } catch (error) {
      115 |     const detail = error instanceof Error ? error.message : 'error desconocido';
    > 116 |     console.error(`[http][business] GET ${path} · error de red · ${detail}`);
          |             ^
      117 |     return {ok: false, message: 'No pudimos conectar con el servicio de perfil.'};
      118 |   }
      119 | };

      at error (src/features/profile/accountApi.ts:116:13)
          at Generator.throw (<anonymous>)
      at asyncGeneratorStep (node_modules/@babel/runtime/helpers/asyncToGenerator.js:3:17)
      at _throw (node_modules/@babel/runtime/helpers/asyncToGenerator.js:20:9)

    console.info
      [http][business] GET /api/v1/user/profile · consultando perfil

      at info (src/features/profile/accountApi.ts:84:13)

    console.error
      [http][business] GET /api/v1/user/profile · error de red · Una prueba intentó salir a la red: http://localhost:28082/api/v1/user/profile. Usa fakeAuthServer() para programar la respuesta.

      114 |   } catch (error) {
      115 |     const detail = error instanceof Error ? error.message : 'error desconocido';
    > 116 |     console.error(`[http][business] GET ${path} · error de red · ${detail}`);
          |             ^
      117 |     return {ok: false, message: 'No pudimos conectar con el servicio de perfil.'};
      118 |   }
      119 | };

      at error (src/features/profile/accountApi.ts:116:13)
          at Generator.throw (<anonymous>)
      at asyncGeneratorStep (node_modules/@babel/runtime/helpers/asyncToGenerator.js:3:17)
      at _throw (node_modules/@babel/runtime/helpers/asyncToGenerator.js:20:9)

    console.error
      An update to SplashProvider inside a test was not wrapped in act(...).
      
      When testing, code that causes React state updates should be wrapped into act(...):
      
      act(() => {
        /* fire events that update state */
      });
      /* assert on the output */
      
      This ensures that you're testing the behavior the user would see in the browser. Learn more at https://react.dev/link/wrap-tests-with-act

      88 |           }
      89 |         });
    > 90 |         if (!cancelled) setConnectionFailed(!healthy);
         |                         ^
      91 |         if (healthy) await bootstrapRef.current?.();
      92 |       } catch (error) {
      93 |         // Un fallo de arranque no debe dejar al usuario atrapado en el splash:

      at node_modules/react-test-renderer/cjs/react-test-renderer.development.js:14402:19
      at runWithFiberInDEV (node_modules/react-test-renderer/cjs/react-test-renderer.development.js:2315:13)
      at warnIfUpdatesNotWrappedWithActDEV (node_modules/react-test-renderer/cjs/react-test-renderer.development.js:14401:9)
      at scheduleUpdateOnFiber (node_modules/react-test-renderer/cjs/react-test-renderer.development.js:12086:9)
      at dispatchSetStateInternal (node_modules/react-test-renderer/cjs/react-test-renderer.development.js:6208:13)
      at dispatchSetState (node_modules/react-test-renderer/cjs/react-test-renderer.development.js:6165:7)
      at setConnectionFailed (src/app/providers/SplashProvider.tsx:90:25)
      at asyncGeneratorStep (node_modules/@babel/runtime/helpers/asyncToGenerator.js:3:17)
      at _next (node_modules/@babel/runtime/helpers/asyncToGenerator.js:17:9)

    console.info
      [http][keycloak] POST /realms/paktay/protocol/openid-connect/token · renovando sesión

      at info (src/features/auth/restoreSession.ts:36:11)

    console.error
      [http][keycloak] POST /realms/paktay/protocol/openid-connect/token · error de red · Una prueba intentó salir a la red: http://localhost:28180/realms/paktay/protocol/openid-connect/token. Usa fakeAuthServer() para programar la respuesta.

      79 |     // para volver a intentarlo en el siguiente arranque, pero no se entra al Home.
      80 |     const detail = error instanceof Error ? error.message : 'error desconocido';
    > 81 |     console.error(`[http][keycloak] POST ${refreshPath} · error de red · ${detail}`);
         |             ^
      82 |     return 'signed-out';
      83 |   }
      84 | };

      at error (src/features/auth/restoreSession.ts:81:13)
          at Generator.throw (<anonymous>)
      at asyncGeneratorStep (node_modules/@babel/runtime/helpers/asyncToGenerator.js:3:17)
      at _throw (node_modules/@babel/runtime/helpers/asyncToGenerator.js:20:9)

    console.info
      [http][business] GET /api/v1/user/profile · consultando perfil

      at info (src/features/profile/accountApi.ts:84:13)

    console.error
      [http][business] GET /api/v1/user/profile · error de red · Una prueba intentó salir a la red: http://localhost:28082/api/v1/user/profile. Usa fakeAuthServer() para programar la respuesta.

      114 |   } catch (error) {
      115 |     const detail = error instanceof Error ? error.message : 'error desconocido';
    > 116 |     console.error(`[http][business] GET ${path} · error de red · ${detail}`);
          |             ^
      117 |     return {ok: false, message: 'No pudimos conectar con el servicio de perfil.'};
      118 |   }
      119 | };

      at error (src/features/profile/accountApi.ts:116:13)
          at Generator.throw (<anonymous>)
      at asyncGeneratorStep (node_modules/@babel/runtime/helpers/asyncToGenerator.js:3:17)
      at _throw (node_modules/@babel/runtime/helpers/asyncToGenerator.js:20:9)

    console.info
      [http][business] GET /api/v1/user/profile · consultando perfil

      at info (src/features/profile/accountApi.ts:84:13)

    console.error
      [http][business] GET /api/v1/user/profile · error de red · Una prueba intentó salir a la red: http://localhost:28082/api/v1/user/profile. Usa fakeAuthServer() para programar la respuesta.

      114 |   } catch (error) {
      115 |     const detail = error instanceof Error ? error.message : 'error desconocido';
    > 116 |     console.error(`[http][business] GET ${path} · error de red · ${detail}`);
          |             ^
      117 |     return {ok: false, message: 'No pudimos conectar con el servicio de perfil.'};
      118 |   }
      119 | };

      at error (src/features/profile/accountApi.ts:116:13)
          at Generator.throw (<anonymous>)
      at asyncGeneratorStep (node_modules/@babel/runtime/helpers/asyncToGenerator.js:3:17)
      at _throw (node_modules/@babel/runtime/helpers/asyncToGenerator.js:20:9)

    console.info
      [http][business] GET /api/v1/user/profile · consultando perfil

      at info (src/features/profile/accountApi.ts:84:13)

    console.error
      [http][business] GET /api/v1/user/profile · error de red · Una prueba intentó salir a la red: http://localhost:28082/api/v1/user/profile. Usa fakeAuthServer() para programar la respuesta.

      114 |   } catch (error) {
      115 |     const detail = error instanceof Error ? error.message : 'error desconocido';
    > 116 |     console.error(`[http][business] GET ${path} · error de red · ${detail}`);
          |             ^
      117 |     return {ok: false, message: 'No pudimos conectar con el servicio de perfil.'};
      118 |   }
      119 | };

      at error (src/features/profile/accountApi.ts:116:13)
          at Generator.throw (<anonymous>)
      at asyncGeneratorStep (node_modules/@babel/runtime/helpers/asyncToGenerator.js:3:17)
      at _throw (node_modules/@babel/runtime/helpers/asyncToGenerator.js:20:9)

    console.error
      An update to SplashProvider inside a test was not wrapped in act(...).
      
      When testing, code that causes React state updates should be wrapped into act(...):
      
      act(() => {
        /* fire events that update state */
      });
      /* assert on the output */
      
      This ensures that you're testing the behavior the user would see in the browser. Learn more at https://react.dev/link/wrap-tests-with-act

      88 |           }
      89 |         });
    > 90 |         if (!cancelled) setConnectionFailed(!healthy);
         |                         ^
      91 |         if (healthy) await bootstrapRef.current?.();
      92 |       } catch (error) {
      93 |         // Un fallo de arranque no debe dejar al usuario atrapado en el splash:

      at node_modules/react-test-renderer/cjs/react-test-renderer.development.js:14402:19
      at runWithFiberInDEV (node_modules/react-test-renderer/cjs/react-test-renderer.development.js:2315:13)
      at warnIfUpdatesNotWrappedWithActDEV (node_modules/react-test-renderer/cjs/react-test-renderer.development.js:14401:9)
      at scheduleUpdateOnFiber (node_modules/react-test-renderer/cjs/react-test-renderer.development.js:12086:9)
      at dispatchSetStateInternal (node_modules/react-test-renderer/cjs/react-test-renderer.development.js:6208:13)
      at dispatchSetState (node_modules/react-test-renderer/cjs/react-test-renderer.development.js:6165:7)
      at setConnectionFailed (src/app/providers/SplashProvider.tsx:90:25)
      at asyncGeneratorStep (node_modules/@babel/runtime/helpers/asyncToGenerator.js:3:17)
      at _next (node_modules/@babel/runtime/helpers/asyncToGenerator.js:17:9)

    console.info
      [http][keycloak] POST /realms/paktay/protocol/openid-connect/token · renovando sesión

      at info (src/features/auth/restoreSession.ts:36:11)

    console.error
      [http][keycloak] POST /realms/paktay/protocol/openid-connect/token · error de red · Una prueba intentó salir a la red: http://localhost:28180/realms/paktay/protocol/openid-connect/token. Usa fakeAuthServer() para programar la respuesta.

      79 |     // para volver a intentarlo en el siguiente arranque, pero no se entra al Home.
      80 |     const detail = error instanceof Error ? error.message : 'error desconocido';
    > 81 |     console.error(`[http][keycloak] POST ${refreshPath} · error de red · ${detail}`);
         |             ^
      82 |     return 'signed-out';
      83 |   }
      84 | };

      at error (src/features/auth/restoreSession.ts:81:13)
          at Generator.throw (<anonymous>)
      at asyncGeneratorStep (node_modules/@babel/runtime/helpers/asyncToGenerator.js:3:17)
      at _throw (node_modules/@babel/runtime/helpers/asyncToGenerator.js:20:9)

    console.info
      [http][business] GET /api/v1/user/profile · consultando perfil

      at info (src/features/profile/accountApi.ts:84:13)

    console.error
      [http][business] GET /api/v1/user/profile · error de red · Una prueba intentó salir a la red: http://localhost:28082/api/v1/user/profile. Usa fakeAuthServer() para programar la respuesta.

      114 |   } catch (error) {
      115 |     const detail = error instanceof Error ? error.message : 'error desconocido';
    > 116 |     console.error(`[http][business] GET ${path} · error de red · ${detail}`);
          |             ^
      117 |     return {ok: false, message: 'No pudimos conectar con el servicio de perfil.'};
      118 |   }
      119 | };

      at error (src/features/profile/accountApi.ts:116:13)
          at Generator.throw (<anonymous>)
      at asyncGeneratorStep (node_modules/@babel/runtime/helpers/asyncToGenerator.js:3:17)
      at _throw (node_modules/@babel/runtime/helpers/asyncToGenerator.js:20:9)

    console.info
      [http][business] GET /api/v1/user/profile · consultando perfil

      at info (src/features/profile/accountApi.ts:84:13)

    console.error
      [http][business] GET /api/v1/user/profile · error de red · Una prueba intentó salir a la red: http://localhost:28082/api/v1/user/profile. Usa fakeAuthServer() para programar la respuesta.

      114 |   } catch (error) {
      115 |     const detail = error instanceof Error ? error.message : 'error desconocido';
    > 116 |     console.error(`[http][business] GET ${path} · error de red · ${detail}`);
          |             ^
      117 |     return {ok: false, message: 'No pudimos conectar con el servicio de perfil.'};
      118 |   }
      119 | };

      at error (src/features/profile/accountApi.ts:116:13)
          at Generator.throw (<anonymous>)
      at asyncGeneratorStep (node_modules/@babel/runtime/helpers/asyncToGenerator.js:3:17)
      at _throw (node_modules/@babel/runtime/helpers/asyncToGenerator.js:20:9)

    console.info
      [http][business] GET /api/v1/user/profile · consultando perfil

      at info (src/features/profile/accountApi.ts:84:13)

    console.error
      [http][business] GET /api/v1/user/profile · error de red · Una prueba intentó salir a la red: http://localhost:28082/api/v1/user/profile. Usa fakeAuthServer() para programar la respuesta.

      114 |   } catch (error) {
      115 |     const detail = error instanceof Error ? error.message : 'error desconocido';
    > 116 |     console.error(`[http][business] GET ${path} · error de red · ${detail}`);
          |             ^
      117 |     return {ok: false, message: 'No pudimos conectar con el servicio de perfil.'};
      118 |   }
      119 | };

      at error (src/features/profile/accountApi.ts:116:13)
          at Generator.throw (<anonymous>)
      at asyncGeneratorStep (node_modules/@babel/runtime/helpers/asyncToGenerator.js:3:17)
      at _throw (node_modules/@babel/runtime/helpers/asyncToGenerator.js:20:9)

    console.error
      An update to SplashProvider inside a test was not wrapped in act(...).
      
      When testing, code that causes React state updates should be wrapped into act(...):
      
      act(() => {
        /* fire events that update state */
      });
      /* assert on the output */
      
      This ensures that you're testing the behavior the user would see in the browser. Learn more at https://react.dev/link/wrap-tests-with-act

      88 |           }
      89 |         });
    > 90 |         if (!cancelled) setConnectionFailed(!healthy);
         |                         ^
      91 |         if (healthy) await bootstrapRef.current?.();
      92 |       } catch (error) {
      93 |         // Un fallo de arranque no debe dejar al usuario atrapado en el splash:

      at node_modules/react-test-renderer/cjs/react-test-renderer.development.js:14402:19
      at runWithFiberInDEV (node_modules/react-test-renderer/cjs/react-test-renderer.development.js:2315:13)
      at warnIfUpdatesNotWrappedWithActDEV (node_modules/react-test-renderer/cjs/react-test-renderer.development.js:14401:9)
      at scheduleUpdateOnFiber (node_modules/react-test-renderer/cjs/react-test-renderer.development.js:12086:9)
      at dispatchSetStateInternal (node_modules/react-test-renderer/cjs/react-test-renderer.development.js:6208:13)
      at dispatchSetState (node_modules/react-test-renderer/cjs/react-test-renderer.development.js:6165:7)
      at setConnectionFailed (src/app/providers/SplashProvider.tsx:90:25)
      at asyncGeneratorStep (node_modules/@babel/runtime/helpers/asyncToGenerator.js:3:17)
      at _next (node_modules/@babel/runtime/helpers/asyncToGenerator.js:17:9)

    console.info
      [http][keycloak] POST /realms/paktay/protocol/openid-connect/token · renovando sesión

      at info (src/features/auth/restoreSession.ts:36:11)

    console.error
      [http][keycloak] POST /realms/paktay/protocol/openid-connect/token · error de red · Una prueba intentó salir a la red: http://localhost:28180/realms/paktay/protocol/openid-connect/token. Usa fakeAuthServer() para programar la respuesta.

      79 |     // para volver a intentarlo en el siguiente arranque, pero no se entra al Home.
      80 |     const detail = error instanceof Error ? error.message : 'error desconocido';
    > 81 |     console.error(`[http][keycloak] POST ${refreshPath} · error de red · ${detail}`);
         |             ^
      82 |     return 'signed-out';
      83 |   }
      84 | };

      at error (src/features/auth/restoreSession.ts:81:13)
          at Generator.throw (<anonymous>)
      at asyncGeneratorStep (node_modules/@babel/runtime/helpers/asyncToGenerator.js:3:17)
      at _throw (node_modules/@babel/runtime/helpers/asyncToGenerator.js:20:9)

    console.info
      [http][business] GET /api/v1/user/profile · consultando perfil

      at info (src/features/profile/accountApi.ts:84:13)

    console.error
      [http][business] GET /api/v1/user/profile · error de red · Una prueba intentó salir a la red: http://localhost:28082/api/v1/user/profile. Usa fakeAuthServer() para programar la respuesta.

      114 |   } catch (error) {
      115 |     const detail = error instanceof Error ? error.message : 'error desconocido';
    > 116 |     console.error(`[http][business] GET ${path} · error de red · ${detail}`);
          |             ^
      117 |     return {ok: false, message: 'No pudimos conectar con el servicio de perfil.'};
      118 |   }
      119 | };

      at error (src/features/profile/accountApi.ts:116:13)
          at Generator.throw (<anonymous>)
      at asyncGeneratorStep (node_modules/@babel/runtime/helpers/asyncToGenerator.js:3:17)
      at _throw (node_modules/@babel/runtime/helpers/asyncToGenerator.js:20:9)

    console.info
      [http][business] GET /api/v1/user/profile · consultando perfil

      at info (src/features/profile/accountApi.ts:84:13)

    console.error
      [http][business] GET /api/v1/user/profile · error de red · Una prueba intentó salir a la red: http://localhost:28082/api/v1/user/profile. Usa fakeAuthServer() para programar la respuesta.

      114 |   } catch (error) {
      115 |     const detail = error instanceof Error ? error.message : 'error desconocido';
    > 116 |     console.error(`[http][business] GET ${path} · error de red · ${detail}`);
          |             ^
      117 |     return {ok: false, message: 'No pudimos conectar con el servicio de perfil.'};
      118 |   }
      119 | };

      at error (src/features/profile/accountApi.ts:116:13)
          at Generator.throw (<anonymous>)
      at asyncGeneratorStep (node_modules/@babel/runtime/helpers/asyncToGenerator.js:3:17)
      at _throw (node_modules/@babel/runtime/helpers/asyncToGenerator.js:20:9)

    console.info
      [http][business] GET /api/v1/user/profile · consultando perfil

      at info (src/features/profile/accountApi.ts:84:13)

    console.error
      [http][business] GET /api/v1/user/profile · error de red · Una prueba intentó salir a la red: http://localhost:28082/api/v1/user/profile. Usa fakeAuthServer() para programar la respuesta.

      114 |   } catch (error) {
      115 |     const detail = error instanceof Error ? error.message : 'error desconocido';
    > 116 |     console.error(`[http][business] GET ${path} · error de red · ${detail}`);
          |             ^
      117 |     return {ok: false, message: 'No pudimos conectar con el servicio de perfil.'};
      118 |   }
      119 | };

      at error (src/features/profile/accountApi.ts:116:13)
          at Generator.throw (<anonymous>)
      at asyncGeneratorStep (node_modules/@babel/runtime/helpers/asyncToGenerator.js:3:17)
      at _throw (node_modules/@babel/runtime/helpers/asyncToGenerator.js:20:9)

    console.error
      An update to SplashProvider inside a test was not wrapped in act(...).
      
      When testing, code that causes React state updates should be wrapped into act(...):
      
      act(() => {
        /* fire events that update state */
      });
      /* assert on the output */
      
      This ensures that you're testing the behavior the user would see in the browser. Learn more at https://react.dev/link/wrap-tests-with-act

      88 |           }
      89 |         });
    > 90 |         if (!cancelled) setConnectionFailed(!healthy);
         |                         ^
      91 |         if (healthy) await bootstrapRef.current?.();
      92 |       } catch (error) {
      93 |         // Un fallo de arranque no debe dejar al usuario atrapado en el splash:

      at node_modules/react-test-renderer/cjs/react-test-renderer.development.js:14402:19
      at runWithFiberInDEV (node_modules/react-test-renderer/cjs/react-test-renderer.development.js:2315:13)
      at warnIfUpdatesNotWrappedWithActDEV (node_modules/react-test-renderer/cjs/react-test-renderer.development.js:14401:9)
      at scheduleUpdateOnFiber (node_modules/react-test-renderer/cjs/react-test-renderer.development.js:12086:9)
      at dispatchSetStateInternal (node_modules/react-test-renderer/cjs/react-test-renderer.development.js:6208:13)
      at dispatchSetState (node_modules/react-test-renderer/cjs/react-test-renderer.development.js:6165:7)
      at setConnectionFailed (src/app/providers/SplashProvider.tsx:90:25)
      at asyncGeneratorStep (node_modules/@babel/runtime/helpers/asyncToGenerator.js:3:17)
      at _next (node_modules/@babel/runtime/helpers/asyncToGenerator.js:17:9)

    console.info
      [http][keycloak] POST /realms/paktay/protocol/openid-connect/token · renovando sesión

      at info (src/features/auth/restoreSession.ts:36:11)

    console.error
      [http][keycloak] POST /realms/paktay/protocol/openid-connect/token · error de red · Una prueba intentó salir a la red: http://localhost:28180/realms/paktay/protocol/openid-connect/token. Usa fakeAuthServer() para programar la respuesta.

      79 |     // para volver a intentarlo en el siguiente arranque, pero no se entra al Home.
      80 |     const detail = error instanceof Error ? error.message : 'error desconocido';
    > 81 |     console.error(`[http][keycloak] POST ${refreshPath} · error de red · ${detail}`);
         |             ^
      82 |     return 'signed-out';
      83 |   }
      84 | };

      at error (src/features/auth/restoreSession.ts:81:13)
          at Generator.throw (<anonymous>)
      at asyncGeneratorStep (node_modules/@babel/runtime/helpers/asyncToGenerator.js:3:17)
      at _throw (node_modules/@babel/runtime/helpers/asyncToGenerator.js:20:9)

    console.info
      [http][business] GET /api/v1/user/profile · consultando perfil

      at info (src/features/profile/accountApi.ts:84:13)

    console.error
      [http][business] GET /api/v1/user/profile · error de red · Una prueba intentó salir a la red: http://localhost:28082/api/v1/user/profile. Usa fakeAuthServer() para programar la respuesta.

      114 |   } catch (error) {
      115 |     const detail = error instanceof Error ? error.message : 'error desconocido';
    > 116 |     console.error(`[http][business] GET ${path} · error de red · ${detail}`);
          |             ^
      117 |     return {ok: false, message: 'No pudimos conectar con el servicio de perfil.'};
      118 |   }
      119 | };

      at error (src/features/profile/accountApi.ts:116:13)
          at Generator.throw (<anonymous>)
      at asyncGeneratorStep (node_modules/@babel/runtime/helpers/asyncToGenerator.js:3:17)
      at _throw (node_modules/@babel/runtime/helpers/asyncToGenerator.js:20:9)

    console.info
      [http][business] GET /api/v1/user/profile · consultando perfil

      at info (src/features/profile/accountApi.ts:84:13)

    console.error
      [http][business] GET /api/v1/user/profile · error de red · Una prueba intentó salir a la red: http://localhost:28082/api/v1/user/profile. Usa fakeAuthServer() para programar la respuesta.

      114 |   } catch (error) {
      115 |     const detail = error instanceof Error ? error.message : 'error desconocido';
    > 116 |     console.error(`[http][business] GET ${path} · error de red · ${detail}`);
          |             ^
      117 |     return {ok: false, message: 'No pudimos conectar con el servicio de perfil.'};
      118 |   }
      119 | };

      at error (src/features/profile/accountApi.ts:116:13)
          at Generator.throw (<anonymous>)
      at asyncGeneratorStep (node_modules/@babel/runtime/helpers/asyncToGenerator.js:3:17)
      at _throw (node_modules/@babel/runtime/helpers/asyncToGenerator.js:20:9)

    console.info
      [http][business] GET /api/v1/user/profile · consultando perfil

      at info (src/features/profile/accountApi.ts:84:13)

    console.error
      [http][business] GET /api/v1/user/profile · error de red · Una prueba intentó salir a la red: http://localhost:28082/api/v1/user/profile. Usa fakeAuthServer() para programar la respuesta.

      114 |   } catch (error) {
      115 |     const detail = error instanceof Error ? error.message : 'error desconocido';
    > 116 |     console.error(`[http][business] GET ${path} · error de red · ${detail}`);
          |             ^
      117 |     return {ok: false, message: 'No pudimos conectar con el servicio de perfil.'};
      118 |   }
      119 | };

      at error (src/features/profile/accountApi.ts:116:13)
          at Generator.throw (<anonymous>)
      at asyncGeneratorStep (node_modules/@babel/runtime/helpers/asyncToGenerator.js:3:17)
      at _throw (node_modules/@babel/runtime/helpers/asyncToGenerator.js:20:9)

    console.error
      An update to EditBudgetsScreen inside a test was not wrapped in act(...).
      
      When testing, code that causes React state updates should be wrapped into act(...):
      
      act(() => {
        /* fire events that update state */
      });
      /* assert on the output */
      
      This ensures that you're testing the behavior the user would see in the browser. Learn more at https://react.dev/link/wrap-tests-with-act

       98 |     });
       99 |     void getCurrentBudget().then(result => {
    > 100 |       if (result.ok) setRecurrence(result.data.recurrence);
          |                      ^
      101 |     });
      102 |   }, []);
      103 |

      at node_modules/react-test-renderer/cjs/react-test-renderer.development.js:14402:19
      at runWithFiberInDEV (node_modules/react-test-renderer/cjs/react-test-renderer.development.js:2315:13)
      at warnIfUpdatesNotWrappedWithActDEV (node_modules/react-test-renderer/cjs/react-test-renderer.development.js:14401:9)
      at scheduleUpdateOnFiber (node_modules/react-test-renderer/cjs/react-test-renderer.development.js:12086:9)
      at dispatchSetStateInternal (node_modules/react-test-renderer/cjs/react-test-renderer.development.js:6208:13)
      at dispatchSetState (node_modules/react-test-renderer/cjs/react-test-renderer.development.js:6165:7)
      at setRecurrence (src/features/expenses/screens/EditBudgetsScreen.tsx:100:22)

    console.info
      [http][business] GET /api/v1/catalog/categories · iniciando

      at info (src/features/expenses/categoryApi.ts:17:13)

    console.error
      [http][business] GET /api/v1/catalog/categories · error de red · Una prueba intentó salir a la red: http://localhost:28082/api/v1/catalog/categories. Usa fakeAuthServer() para programar la respuesta.

      29 |   } catch (error) {
      30 |     const detail = error instanceof Error ? error.message : 'error desconocido';
    > 31 |     console.error(`[http][business] ${init?.method ?? 'GET'} ${path} · error de red · ${detail}`);
         |             ^
      32 |     return {ok: false, message: 'No pudimos conectar con el servicio de categorías.'};
      33 |   }
      34 | };

      at error (src/features/expenses/categoryApi.ts:31:13)
          at Generator.throw (<anonymous>)
      at asyncGeneratorStep (node_modules/@babel/runtime/helpers/asyncToGenerator.js:3:17)
      at _throw (node_modules/@babel/runtime/helpers/asyncToGenerator.js:20:9)

    console.error
      An update to BudgetsScreen inside a test was not wrapped in act(...).
      
      When testing, code that causes React state updates should be wrapped into act(...):
      
      act(() => {
        /* fire events that update state */
      });
      /* assert on the output */
      
      This ensures that you're testing the behavior the user would see in the browser. Learn more at https://react.dev/link/wrap-tests-with-act

       95 |     void getCurrentBudget().then(result => {
       96 |       if (!mounted) return;
    >  97 |       if (result.ok) setRemoteBudget(result.data);
          |                      ^
       98 |       setRemoteLoaded(true);
       99 |     });
      100 |     return () => {

      at node_modules/react-test-renderer/cjs/react-test-renderer.development.js:14402:19
      at runWithFiberInDEV (node_modules/react-test-renderer/cjs/react-test-renderer.development.js:2315:13)
      at warnIfUpdatesNotWrappedWithActDEV (node_modules/react-test-renderer/cjs/react-test-renderer.development.js:14401:9)
      at scheduleUpdateOnFiber (node_modules/react-test-renderer/cjs/react-test-renderer.development.js:12086:9)
      at dispatchSetStateInternal (node_modules/react-test-renderer/cjs/react-test-renderer.development.js:6208:13)
      at dispatchSetState (node_modules/react-test-renderer/cjs/react-test-renderer.development.js:6165:7)
      at setRemoteBudget (src/features/expenses/screens/BudgetsScreen.tsx:97:22)

    console.error
      An update to BudgetsScreen inside a test was not wrapped in act(...).
      
      When testing, code that causes React state updates should be wrapped into act(...):
      
      act(() => {
        /* fire events that update state */
      });
      /* assert on the output */
      
      This ensures that you're testing the behavior the user would see in the browser. Learn more at https://react.dev/link/wrap-tests-with-act

       96 |       if (!mounted) return;
       97 |       if (result.ok) setRemoteBudget(result.data);
    >  98 |       setRemoteLoaded(true);
          |       ^
       99 |     });
      100 |     return () => {
      101 |       mounted = false;

      at node_modules/react-test-renderer/cjs/react-test-renderer.development.js:14402:19
      at runWithFiberInDEV (node_modules/react-test-renderer/cjs/react-test-renderer.development.js:2315:13)
      at warnIfUpdatesNotWrappedWithActDEV (node_modules/react-test-renderer/cjs/react-test-renderer.development.js:14401:9)
      at scheduleUpdateOnFiber (node_modules/react-test-renderer/cjs/react-test-renderer.development.js:12086:9)
      at dispatchSetStateInternal (node_modules/react-test-renderer/cjs/react-test-renderer.development.js:6208:13)
      at dispatchSetState (node_modules/react-test-renderer/cjs/react-test-renderer.development.js:6165:7)
      at setRemoteLoaded (src/features/expenses/screens/BudgetsScreen.tsx:98:7)

    console.error
      An update to SplashProvider inside a test was not wrapped in act(...).
      
      When testing, code that causes React state updates should be wrapped into act(...):
      
      act(() => {
        /* fire events that update state */
      });
      /* assert on the output */
      
      This ensures that you're testing the behavior the user would see in the browser. Learn more at https://react.dev/link/wrap-tests-with-act

      88 |           }
      89 |         });
    > 90 |         if (!cancelled) setConnectionFailed(!healthy);
         |                         ^
      91 |         if (healthy) await bootstrapRef.current?.();
      92 |       } catch (error) {
      93 |         // Un fallo de arranque no debe dejar al usuario atrapado en el splash:

      at node_modules/react-test-renderer/cjs/react-test-renderer.development.js:14402:19
      at runWithFiberInDEV (node_modules/react-test-renderer/cjs/react-test-renderer.development.js:2315:13)
      at warnIfUpdatesNotWrappedWithActDEV (node_modules/react-test-renderer/cjs/react-test-renderer.development.js:14401:9)
      at scheduleUpdateOnFiber (node_modules/react-test-renderer/cjs/react-test-renderer.development.js:12086:9)
      at dispatchSetStateInternal (node_modules/react-test-renderer/cjs/react-test-renderer.development.js:6208:13)
      at dispatchSetState (node_modules/react-test-renderer/cjs/react-test-renderer.development.js:6165:7)
      at setConnectionFailed (src/app/providers/SplashProvider.tsx:90:25)
      at asyncGeneratorStep (node_modules/@babel/runtime/helpers/asyncToGenerator.js:3:17)
      at _next (node_modules/@babel/runtime/helpers/asyncToGenerator.js:17:9)

    console.info
      [http][keycloak] POST /realms/paktay/protocol/openid-connect/token · renovando sesión

      at info (src/features/auth/restoreSession.ts:36:11)

    console.error
      [http][keycloak] POST /realms/paktay/protocol/openid-connect/token · error de red · Una prueba intentó salir a la red: http://localhost:28180/realms/paktay/protocol/openid-connect/token. Usa fakeAuthServer() para programar la respuesta.

      79 |     // para volver a intentarlo en el siguiente arranque, pero no se entra al Home.
      80 |     const detail = error instanceof Error ? error.message : 'error desconocido';
    > 81 |     console.error(`[http][keycloak] POST ${refreshPath} · error de red · ${detail}`);
         |             ^
      82 |     return 'signed-out';
      83 |   }
      84 | };

      at error (src/features/auth/restoreSession.ts:81:13)
          at Generator.throw (<anonymous>)
      at asyncGeneratorStep (node_modules/@babel/runtime/helpers/asyncToGenerator.js:3:17)
      at _throw (node_modules/@babel/runtime/helpers/asyncToGenerator.js:20:9)

    console.info
      [http][business] GET /api/v1/user/profile · consultando perfil

      at info (src/features/profile/accountApi.ts:84:13)

    console.error
      [http][business] GET /api/v1/user/profile · error de red · Una prueba intentó salir a la red: http://localhost:28082/api/v1/user/profile. Usa fakeAuthServer() para programar la respuesta.

      114 |   } catch (error) {
      115 |     const detail = error instanceof Error ? error.message : 'error desconocido';
    > 116 |     console.error(`[http][business] GET ${path} · error de red · ${detail}`);
          |             ^
      117 |     return {ok: false, message: 'No pudimos conectar con el servicio de perfil.'};
      118 |   }
      119 | };

      at error (src/features/profile/accountApi.ts:116:13)
          at Generator.throw (<anonymous>)
      at asyncGeneratorStep (node_modules/@babel/runtime/helpers/asyncToGenerator.js:3:17)
      at _throw (node_modules/@babel/runtime/helpers/asyncToGenerator.js:20:9)

    console.info
      [http][business] GET /api/v1/user/profile · consultando perfil

      at info (src/features/profile/accountApi.ts:84:13)

    console.error
      [http][business] GET /api/v1/user/profile · error de red · Una prueba intentó salir a la red: http://localhost:28082/api/v1/user/profile. Usa fakeAuthServer() para programar la respuesta.

      114 |   } catch (error) {
      115 |     const detail = error instanceof Error ? error.message : 'error desconocido';
    > 116 |     console.error(`[http][business] GET ${path} · error de red · ${detail}`);
          |             ^
      117 |     return {ok: false, message: 'No pudimos conectar con el servicio de perfil.'};
      118 |   }
      119 | };

      at error (src/features/profile/accountApi.ts:116:13)
          at Generator.throw (<anonymous>)
      at asyncGeneratorStep (node_modules/@babel/runtime/helpers/asyncToGenerator.js:3:17)
      at _throw (node_modules/@babel/runtime/helpers/asyncToGenerator.js:20:9)

    console.info
      [http][business] GET /api/v1/user/profile · consultando perfil

      at info (src/features/profile/accountApi.ts:84:13)

    console.error
      [http][business] GET /api/v1/user/profile · error de red · Una prueba intentó salir a la red: http://localhost:28082/api/v1/user/profile. Usa fakeAuthServer() para programar la respuesta.

      114 |   } catch (error) {
      115 |     const detail = error instanceof Error ? error.message : 'error desconocido';
    > 116 |     console.error(`[http][business] GET ${path} · error de red · ${detail}`);
          |             ^
      117 |     return {ok: false, message: 'No pudimos conectar con el servicio de perfil.'};
      118 |   }
      119 | };

      at error (src/features/profile/accountApi.ts:116:13)
          at Generator.throw (<anonymous>)
      at asyncGeneratorStep (node_modules/@babel/runtime/helpers/asyncToGenerator.js:3:17)
      at _throw (node_modules/@babel/runtime/helpers/asyncToGenerator.js:20:9)


Test Suites: 48 passed, 48 total
Tests:       518 passed, 518 total
Snapshots:   0 total
Time:        2.983 s, estimated 3 s
Ran all test suites.
exit=0
