watchman warning:  Recrawled this watch 1 time, most recently because:
MustScanSubDirs UserDroppedTo resolve, please review the information on
https://facebook.github.io/watchman/docs/troubleshooting.html#recrawl
To clear this warning, run:
`watchman watch-del '/Users/macmalona/Desktop/Proyecto/paktay/Paktay/packtay_mobile_front' ; watchman watch-project '/UseError: Could not find a config file based on provided values:
path: PASS __tests__/InicioScreen.test.tsx (5.798 s)
  ● Console

    console.warn
      [auth] Keychain no está enlazado en este binario; usando almacenamiento local hasta recompilar iOS.

      47 |   if (warnedMissingKeychain) return;
      48 |   warnedMissingKeychain = true;
    > 49 |   console.warn(
         |           ^
      50 |     '[auth] Keychain no está enlazado en este binario; usando almacenamiento local hasta recompilar iOS.',
      51 |   );
      52 | };

      at warn (src/features/auth/tokens.ts:49:11)
      at warnMissingKeychain (src/features/auth/tokens.ts:107:31)
      at asyncGeneratorStep (node_modules/@babel/runtime/helpers/asyncToGenerator.js:3:17)
      at _next (node_modules/@babel/runtime/helpers/asyncToGenerator.js:17:9)
      at node_modules/@babel/runtime/helpers/asyncToGenerator.js:22:7
      at node_modules/@babel/runtime/helpers/asyncToGenerator.js:14:12
      at apply (src/features/auth/tokens.ts:95:24)
      at src/features/profile/accountApi.ts:15:35
      at asyncGeneratorStep (node_modules/@babel/runtime/helpers/asyncToGenerator.js:3:17)
      at _next (node_modules/@babel/runtime/helpers/asyncToGenerator.js:17:9)
      at node_modules/@babel/runtime/helpers/asyncToGenerator.js:22:7
      at node_modules/@babel/runtime/helpers/asyncToGenerator.js:14:12
      at apply (src/features/profile/accountApi.ts:14:20)
      at authorization (src/features/profile/accountApi.ts:131:22)
      at asyncGeneratorStep (node_modules/@babel/runtime/helpers/asyncToGenerator.js:3:17)
      at _next (node_modules/@babel/runtime/helpers/asyncToGenerator.js:17:9)
      at node_modules/@babel/runtime/helpers/asyncToGenerator.js:22:7
      at node_modules/@babel/runtime/helpers/asyncToGenerator.js:14:12
      at apply (src/features/profile/accountApi.ts:130:30)
      at src/shared/hooks/useProfile.ts:30:44
      at asyncGeneratorStep (node_modules/@babel/runtime/helpers/asyncToGenerator.js:3:17)
      at _next (node_modules/@babel/runtime/helpers/asyncToGenerator.js:17:9)

PASS __tests__/CardScreens.test.tsx (6.623 s)
  ● Console

    console.warn
      [auth] Keychain no está enlazado en este binario; usando almacenamiento local hasta recompilar iOS.

      47 |   if (warnedMissingKeychain) return;
      48 |   warnedMissingKeychain = true;
    > 49 |   console.warn(
         |           ^
      50 |     '[auth] Keychain no está enlazado en este binario; usando almacenamiento local hasta recompilar iOS.',
      51 |   );
      52 | };

      at warn (src/features/auth/tokens.ts:49:11)
      at warnMissingKeychain (src/features/auth/tokens.ts:107:31)
      at asyncGeneratorStep (node_modules/@babel/runtime/helpers/asyncToGenerator.js:3:17)
      at _next (node_modules/@babel/runtime/helpers/asyncToGenerator.js:17:9)
      at node_modules/@babel/runtime/helpers/asyncToGenerator.js:22:7
      at node_modules/@babel/runtime/helpers/asyncToGenerator.js:14:12
      at apply (src/features/auth/tokens.ts:95:24)
      at src/features/expenses/expenseApi.ts:142:35
      at asyncGeneratorStep (node_modules/@babel/runtime/helpers/asyncToGenerator.js:3:17)
      at _next (node_modules/@babel/runtime/helpers/asyncToGenerator.js:17:9)
      at node_modules/@babel/runtime/helpers/asyncToGenerator.js:22:7
      at node_modules/@babel/runtime/helpers/asyncToGenerator.js:14:12
      at apply (src/features/expenses/expenseApi.ts:138:21)
      at src/features/expenses/entitlements.ts:87:31
      at asyncGeneratorStep (node_modules/@babel/runtime/helpers/asyncToGenerator.js:3:17)
      at _next (node_modules/@babel/runtime/helpers/asyncToGenerator.js:17:9)
      at node_modules/@babel/runtime/helpers/asyncToGenerator.js:22:7
      at node_modules/@babel/runtime/helpers/asyncToGenerator.js:14:12
      at apply (src/features/expenses/entitlements.ts:86:33)
      at src/features/expenses/screens/AddCardScreen.tsx:287:31
      at asyncGeneratorStep (node_modules/@babel/runtime/helpers/asyncToGenerator.js:3:17)
      at _next (node_modules/@babel/runtime/helpers/asyncToGenerator.js:17:9)

PASS __tests__/movementFilters.test.ts
PASS __tests__/ProfileSettingsScreens.test.tsx
PASS __tests__/AuthScreens.test.tsx (6.828 s)
  ● Console

    console.info
      [http][auth] POST /api/v1/auth/login · iniciando

      at info (src/features/auth/api.ts:196:13)

    console.info
      [http][auth] POST /api/v1/auth/login · iniciando

      at info (src/features/auth/api.ts:196:13)

    console.info
      [http][auth] POST /api/v1/auth/login · completado · status=200

      at info (src/features/auth/api.ts:238:13)

    console.info
      [http][auth] POST /api/v1/auth/login · iniciando

      at info (src/features/auth/api.ts:196:13)

    console.info
      [http][auth] POST /api/v1/auth/register · iniciando

      at info (src/features/auth/api.ts:196:13)

    console.info
      [http][auth] POST /api/v1/auth/register · completado · status=201

      at info (src/features/auth/api.ts:238:13)

    console.info
      [http][auth] POST /api/v1/auth/login · iniciando

      at info (src/features/auth/api.ts:196:13)

    console.info
      [http][auth] POST /api/v1/auth/login · completado · status=200

      at info (src/features/auth/api.ts:238:13)

    console.info
      [http][auth] POST /api/v1/auth/register · iniciando

      at info (src/features/auth/api.ts:196:13)

PASS __tests__/breakdowns.test.ts
PASS __tests__/authSession.test.ts
  ● Console

    console.info
      [http][auth] POST /api/v1/auth/register · iniciando

      at info (src/features/auth/api.ts:196:13)

    console.info
      [http][auth] POST /api/v1/auth/register · completado · status=201

      at info (src/features/auth/api.ts:238:13)

    console.info
      [http][auth] POST /api/v1/auth/login · iniciando

      at info (src/features/auth/api.ts:196:13)

    console.info
      [http][auth] POST /api/v1/auth/login · completado · status=200

      at info (src/features/auth/api.ts:238:13)

    console.info
      [http][auth] POST /api/v1/auth/login · iniciando

      at info (src/features/auth/api.ts:196:13)

    console.info
      [http][auth] POST /api/v1/auth/login · completado · status=200

      at info (src/features/auth/api.ts:238:13)

    console.info
      [http][auth] POST /api/v1/auth/register · iniciando

      at info (src/features/auth/api.ts:196:13)

    console.info
      [http][auth] POST /api/v1/auth/register · completado · status=201

      at info (src/features/auth/api.ts:238:13)

    console.info
      [http][auth] POST /api/v1/auth/login · iniciando

      at info (src/features/auth/api.ts:196:13)

    console.info
      [http][auth] POST /api/v1/auth/login · completado · status=200

      at info (src/features/auth/api.ts:238:13)

    console.info
      [http][auth] POST /api/v1/auth/login · iniciando

      at info (src/features/auth/api.ts:196:13)

    console.info
      [http][auth] POST /api/v1/auth/login · completado · status=200

      at info (src/features/auth/api.ts:238:13)

    console.info
      [http][auth] POST /api/v1/auth/login · iniciando

      at info (src/features/auth/api.ts:196:13)

    console.info
      [http][auth] POST /api/v1/auth/register · iniciando

      at info (src/features/auth/api.ts:196:13)

    console.info
      [http][auth] POST /api/v1/auth/login · iniciando

      at info (src/features/auth/api.ts:196:13)

    console.error
      [http][auth] POST /api/v1/auth/login · error de red · Network request failed

      246 |     if (!isTimeout) {
      247 |       const detail = error instanceof Error ? error.message : 'error desconocido';
    > 248 |       console.error(`[http][auth] POST ${path} · error de red · ${detail}`);
          |               ^
      249 |     } else {
      250 |       console.warn(`[http][auth] POST ${path} · timeout`);
      251 |     }

      at error (src/features/auth/api.ts:248:15)
          at Generator.throw (<anonymous>)
      at asyncGeneratorStep (node_modules/@babel/runtime/helpers/asyncToGenerator.js:3:17)
      at _throw (node_modules/@babel/runtime/helpers/asyncToGenerator.js:20:9)

    console.info
      [http][auth] POST /api/v1/auth/register · iniciando

      at info (src/features/auth/api.ts:196:13)

    console.info
      [http][auth] POST /api/v1/auth/register · completado · status=201

      at info (src/features/auth/api.ts:238:13)

    console.info
      [http][auth] POST /api/v1/auth/login · iniciando

      at info (src/features/auth/api.ts:196:13)

    console.error
      [http][auth] POST /api/v1/auth/login · error de red · Network request failed

      246 |     if (!isTimeout) {
      247 |       const detail = error instanceof Error ? error.message : 'error desconocido';
    > 248 |       console.error(`[http][auth] POST ${path} · error de red · ${detail}`);
          |               ^
      249 |     } else {
      250 |       console.warn(`[http][auth] POST ${path} · timeout`);
      251 |     }

      at error (src/features/auth/api.ts:248:15)
          at Generator.throw (<anonymous>)
      at asyncGeneratorStep (node_modules/@babel/runtime/helpers/asyncToGenerator.js:3:17)
      at _throw (node_modules/@babel/runtime/helpers/asyncToGenerator.js:20:9)

    console.info
      [http][auth] POST /api/v1/auth/login · iniciando

      at info (src/features/auth/api.ts:196:13)

    console.info
      [http][auth] POST /api/v1/auth/login · completado · status=200

      at info (src/features/auth/api.ts:238:13)

    console.info
      [http][auth] POST /api/v1/auth/login · iniciando

      at info (src/features/auth/api.ts:196:13)

    console.info
      [http][auth] POST /api/v1/auth/login · completado · status=200

      at info (src/features/auth/api.ts:238:13)

    console.info
      [http][auth] POST /api/v1/auth/register · iniciando

      at info (src/features/auth/api.ts:196:13)

    console.info
      [http][auth] POST /api/v1/auth/register · completado · status=201

      at info (src/features/auth/api.ts:238:13)

    console.info
      [http][auth] POST /api/v1/auth/login · iniciando

      at info (src/features/auth/api.ts:196:13)

    console.info
      [http][auth] POST /api/v1/auth/login · completado · status=200

      at info (src/features/auth/api.ts:238:13)

    console.info
      [push] PUT /api/v1/security/devices/d2623488-8d5b-4275-a2fe-2ad58137650d/push-token · quitando token al cerrar sesión

      at info (src/features/profile/pushRegistration.ts:86:13)

    console.info
      [http][auth] POST /api/v1/auth/register · iniciando

      at info (src/features/auth/api.ts:196:13)

    console.info
      [http][auth] POST /api/v1/auth/register · completado · status=201

      at info (src/features/auth/api.ts:238:13)

    console.info
      [http][auth] POST /api/v1/auth/login · iniciando

      at info (src/features/auth/api.ts:196:13)

    console.info
      [http][auth] POST /api/v1/auth/login · completado · status=200

      at info (src/features/auth/api.ts:238:13)

    console.info
      [push] PUT /api/v1/security/devices/2d4d300a-bbe6-41a4-8910-4e9cb487961d/push-token · quitando token al cerrar sesión

      at info (src/features/profile/pushRegistration.ts:86:13)

    console.info
      [http][auth] POST /api/v1/auth/login · iniciando

      at info (src/features/auth/api.ts:196:13)

    console.info
      [http][auth] POST /api/v1/auth/login · completado · status=200

      at info (src/features/auth/api.ts:238:13)

    console.info
      [push] PUT /api/v1/security/devices/4ee0e21c-9d30-4869-8b33-d2c648af4fc5/push-token · quitando token al cerrar sesión

      at info (src/features/profile/pushRegistration.ts:86:13)

    console.info
      [http][auth] POST /api/v1/auth/login · iniciando

      at info (src/features/auth/api.ts:196:13)

PASS __tests__/BudgetScreens.test.tsx (7.033 s)
  ● Console

    console.warn
      [auth] Keychain no está enlazado en este binario; usando almacenamiento local hasta recompilar iOS.

      47 |   if (warnedMissingKeychain) return;
      48 |   warnedMissingKeychain = true;
    > 49 |   console.warn(
         |           ^
      50 |     '[auth] Keychain no está enlazado en este binario; usando almacenamiento local hasta recompilar iOS.',
      51 |   );
      52 | };

      at warn (src/features/auth/tokens.ts:49:11)
      at warnMissingKeychain (src/features/auth/tokens.ts:107:31)
      at asyncGeneratorStep (node_modules/@babel/runtime/helpers/asyncToGenerator.js:3:17)
      at _next (node_modules/@babel/runtime/helpers/asyncToGenerator.js:17:9)
      at node_modules/@babel/runtime/helpers/asyncToGenerator.js:22:7
      at node_modules/@babel/runtime/helpers/asyncToGenerator.js:14:12
      at apply (src/features/auth/tokens.ts:95:24)
      at src/features/expenses/expenseApi.ts:142:35
      at asyncGeneratorStep (node_modules/@babel/runtime/helpers/asyncToGenerator.js:3:17)
      at _next (node_modules/@babel/runtime/helpers/asyncToGenerator.js:17:9)
      at node_modules/@babel/runtime/helpers/asyncToGenerator.js:22:7
      at node_modules/@babel/runtime/helpers/asyncToGenerator.js:14:12
      at apply (src/features/expenses/expenseApi.ts:138:21)
      at src/features/expenses/summaryApi.ts:219:31
      at asyncGeneratorStep (node_modules/@babel/runtime/helpers/asyncToGenerator.js:3:17)
      at _next (node_modules/@babel/runtime/helpers/asyncToGenerator.js:17:9)
      at node_modules/@babel/runtime/helpers/asyncToGenerator.js:22:7
      at node_modules/@babel/runtime/helpers/asyncToGenerator.js:14:12
      at apply (src/features/expenses/summaryApi.ts:214:29)
      at src/features/expenses/monthSummaryStore.ts:159:43
      at asyncGeneratorStep (node_modules/@babel/runtime/helpers/asyncToGenerator.js:3:17)
      at _next (node_modules/@babel/runtime/helpers/asyncToGenerator.js:17:9)
      at node_modules/@babel/runtime/helpers/asyncToGenerator.js:22:7
      at node_modules/@babel/runtime/helpers/asyncToGenerator.js:14:12
      at refreshMonthSummary (src/features/expenses/monthSummaryStore.ts:177:4)
      at refreshMonthSummary (src/features/expenses/monthSummaryStore.ts:200:10)
      at asyncGeneratorStep (node_modules/@babel/runtime/helpers/asyncToGenerator.js:3:17)
      at _next (node_modules/@babel/runtime/helpers/asyncToGenerator.js:17:9)

    console.error
      An update to EditBudgetsScreen inside a test was not wrapped in act(...).
      
      When testing, code that causes React state updates should be wrapped into act(...):
      
      act(() => {
        /* fire events that update state */
      });
      /* assert on the output */
      
      This ensures that you're testing the behavior the user would see in the browser. Learn more at https://react.dev/link/wrap-tests-with-act

      119 |   useEffect(() => {
      120 |     void listSystemCategories().then(result => {
    > 121 |       if (result.ok) setSystemCatalog(result.data.filter(item => item.active));
          |                      ^
      122 |     });
      123 |     void getCurrentBudget().then(result => {
      124 |       if (result.ok) setRecurrence(result.data.recurrence);

      at node_modules/react-test-renderer/cjs/react-test-renderer.development.js:14402:19
      at runWithFiberInDEV (node_modules/react-test-renderer/cjs/react-test-renderer.development.js:2315:13)
      at warnIfUpdatesNotWrappedWithActDEV (node_modules/react-test-renderer/cjs/react-test-renderer.development.js:14401:9)
      at scheduleUpdateOnFiber (node_modules/react-test-renderer/cjs/react-test-renderer.development.js:12086:9)
      at dispatchSetStateInternal (node_modules/react-test-renderer/cjs/react-test-renderer.development.js:6208:13)
      at dispatchSetState (node_modules/react-test-renderer/cjs/react-test-renderer.development.js:6165:7)
      at setSystemCatalog (src/features/expenses/screens/EditBudgetsScreen.tsx:121:22)

    console.error
      An update to EditBudgetsScreen inside a test was not wrapped in act(...).
      
      When testing, code that causes React state updates should be wrapped into act(...):
      
      act(() => {
        /* fire events that update state */
      });
      /* assert on the output */
      
      This ensures that you're testing the behavior the user would see in the browser. Learn more at https://react.dev/link/wrap-tests-with-act

      122 |     });
      123 |     void getCurrentBudget().then(result => {
    > 124 |       if (result.ok) setRecurrence(result.data.recurrence);
          |                      ^
      125 |     });
      126 |   }, []);
      127 |

      at node_modules/react-test-renderer/cjs/react-test-renderer.development.js:14402:19
      at runWithFiberInDEV (node_modules/react-test-renderer/cjs/react-test-renderer.development.js:2315:13)
      at warnIfUpdatesNotWrappedWithActDEV (node_modules/react-test-renderer/cjs/react-test-renderer.development.js:14401:9)
      at scheduleUpdateOnFiber (node_modules/react-test-renderer/cjs/react-test-renderer.development.js:12086:9)
      at dispatchSetStateInternal (node_modules/react-test-renderer/cjs/react-test-renderer.development.js:6208:13)
      at dispatchSetState (node_modules/react-test-renderer/cjs/react-test-renderer.development.js:6165:7)
      at setRecurrence (src/features/expenses/screens/EditBudgetsScreen.tsx:124:22)

    console.error
      An update to EditBudgetsScreen inside a test was not wrapped in act(...).
      
      When testing, code that causes React state updates should be wrapped into act(...):
      
      act(() => {
        /* fire events that update state */
      });
      /* assert on the output */
      
      This ensures that you're testing the behavior the user would see in the browser. Learn more at https://react.dev/link/wrap-tests-with-act

      119 |   useEffect(() => {
      120 |     void listSystemCategories().then(result => {
    > 121 |       if (result.ok) setSystemCatalog(result.data.filter(item => item.active));
          |                      ^
      122 |     });
      123 |     void getCurrentBudget().then(result => {
      124 |       if (result.ok) setRecurrence(result.data.recurrence);

      at node_modules/react-test-renderer/cjs/react-test-renderer.development.js:14402:19
      at runWithFiberInDEV (node_modules/react-test-renderer/cjs/react-test-renderer.development.js:2315:13)
      at warnIfUpdatesNotWrappedWithActDEV (node_modules/react-test-renderer/cjs/react-test-renderer.development.js:14401:9)
      at scheduleUpdateOnFiber (node_modules/react-test-renderer/cjs/react-test-renderer.development.js:12086:9)
      at dispatchSetStateInternal (node_modules/react-test-renderer/cjs/react-test-renderer.development.js:6208:13)
      at dispatchSetState (node_modules/react-test-renderer/cjs/react-test-renderer.development.js:6165:7)
      at setSystemCatalog (src/features/expenses/screens/EditBudgetsScreen.tsx:121:22)

    console.error
      An update to EditBudgetsScreen inside a test was not wrapped in act(...).
      
      When testing, code that causes React state updates should be wrapped into act(...):
      
      act(() => {
        /* fire events that update state */
      });
      /* assert on the output */
      
      This ensures that you're testing the behavior the user would see in the browser. Learn more at https://react.dev/link/wrap-tests-with-act

      122 |     });
      123 |     void getCurrentBudget().then(result => {
    > 124 |       if (result.ok) setRecurrence(result.data.recurrence);
          |                      ^
      125 |     });
      126 |   }, []);
      127 |

      at node_modules/react-test-renderer/cjs/react-test-renderer.development.js:14402:19
      at runWithFiberInDEV (node_modules/react-test-renderer/cjs/react-test-renderer.development.js:2315:13)
      at warnIfUpdatesNotWrappedWithActDEV (node_modules/react-test-renderer/cjs/react-test-renderer.development.js:14401:9)
      at scheduleUpdateOnFiber (node_modules/react-test-renderer/cjs/react-test-renderer.development.js:12086:9)
      at dispatchSetStateInternal (node_modules/react-test-renderer/cjs/react-test-renderer.development.js:6208:13)
      at dispatchSetState (node_modules/react-test-renderer/cjs/react-test-renderer.development.js:6165:7)
      at setRecurrence (src/features/expenses/screens/EditBudgetsScreen.tsx:124:22)

    console.error
      Encountered two children with the same key, `subscripciones`. Keys should be unique so that components maintain their identity across updates. Non-unique keys may cause children to be duplicated and/or omitted — the behavior is unsupported and could change in a future version.

      244 |   }
      245 |
    > 246 |   await ReactTestRenderer.act(() => {
          |                           ^
      247 |     target.props.onPress();
      248 |   });
      249 |   await ReactTestRenderer.act(async () => {});

      at node_modules/react-test-renderer/cjs/react-test-renderer.development.js:3716:23
      at runWithFiberInDEV (node_modules/react-test-renderer/cjs/react-test-renderer.development.js:2315:13)
      at warnOnInvalidKey (node_modules/react-test-renderer/cjs/react-test-renderer.development.js:3715:13)
      at reconcileChildrenArray (node_modules/react-test-renderer/cjs/react-test-renderer.development.js:3782:31)
      at reconcileChildFibersImpl (node_modules/react-test-renderer/cjs/react-test-renderer.development.js:4097:30)
      at node_modules/react-test-renderer/cjs/react-test-renderer.development.js:4202:33
      at reconcileChildren (node_modules/react-test-renderer/cjs/react-test-renderer.development.js:6684:13)
      at beginWork (node_modules/react-test-renderer/cjs/react-test-renderer.development.js:8620:13)
      at runWithFiberInDEV (node_modules/react-test-renderer/cjs/react-test-renderer.development.js:2315:13)
      at performUnitOfWork (node_modules/react-test-renderer/cjs/react-test-renderer.development.js:13224:22)
      at workLoopSync (node_modules/react-test-renderer/cjs/react-test-renderer.development.js:13068:41)
      at renderRootSync (node_modules/react-test-renderer/cjs/react-test-renderer.development.js:13049:11)
      at performWorkOnRoot (node_modules/react-test-renderer/cjs/react-test-renderer.development.js:12181:11)
      at performWorkOnRootViaSchedulerTask (node_modules/react-test-renderer/cjs/react-test-renderer.development.js:2908:7)
      at flushActQueue (node_modules/react/cjs/react.development.js:590:34)
      at Object.<anonymous>.process.env.NODE_ENV.exports.act (node_modules/react/cjs/react.development.js:884:10)
      at act (__tests__/BudgetScreens.test.tsx:246:27)
      at asyncGeneratorStep (node_modules/@babel/runtime/helpers/asyncToGenerator.js:3:17)
      at _next (node_modules/@babel/runtime/helpers/asyncToGenerator.js:17:9)
      at node_modules/@babel/runtime/helpers/asyncToGenerator.js:22:7
      at node_modules/@babel/runtime/helpers/asyncToGenerator.js:14:12
      at apply (__tests__/BudgetScreens.test.tsx:239:12)
      at press (__tests__/BudgetScreens.test.tsx:193:11)
      at asyncGeneratorStep (node_modules/@babel/runtime/helpers/asyncToGenerator.js:3:17)
      at _next (node_modules/@babel/runtime/helpers/asyncToGenerator.js:17:9)
      at node_modules/@babel/runtime/helpers/asyncToGenerator.js:22:7
      at node_modules/@babel/runtime/helpers/asyncToGenerator.js:14:12
      at apply (__tests__/BudgetScreens.test.tsx:190:21)
      at Object.openCategories (__tests__/BudgetScreens.test.tsx:434:11)
      at asyncGeneratorStep (node_modules/@babel/runtime/helpers/asyncToGenerator.js:3:17)
      at _next (node_modules/@babel/runtime/helpers/asyncToGenerator.js:17:9)

    console.error
      Encountered two children with the same key, `subscripciones`. Keys should be unique so that components maintain their identity across updates. Non-unique keys may cause children to be duplicated and/or omitted — the behavior is unsupported and could change in a future version.

      244 |   }
      245 |
    > 246 |   await ReactTestRenderer.act(() => {
          |                           ^
      247 |     target.props.onPress();
      248 |   });
      249 |   await ReactTestRenderer.act(async () => {});

      at node_modules/react-test-renderer/cjs/react-test-renderer.development.js:3716:23
      at runWithFiberInDEV (node_modules/react-test-renderer/cjs/react-test-renderer.development.js:2315:13)
      at warnOnInvalidKey (node_modules/react-test-renderer/cjs/react-test-renderer.development.js:3715:13)
      at reconcileChildrenArray (node_modules/react-test-renderer/cjs/react-test-renderer.development.js:3757:23)
      at reconcileChildFibersImpl (node_modules/react-test-renderer/cjs/react-test-renderer.development.js:4097:30)
      at node_modules/react-test-renderer/cjs/react-test-renderer.development.js:4202:33
      at reconcileChildren (node_modules/react-test-renderer/cjs/react-test-renderer.development.js:6685:13)
      at beginWork (node_modules/react-test-renderer/cjs/react-test-renderer.development.js:8620:13)
      at runWithFiberInDEV (node_modules/react-test-renderer/cjs/react-test-renderer.development.js:2315:13)
      at performUnitOfWork (node_modules/react-test-renderer/cjs/react-test-renderer.development.js:13224:22)
      at workLoopSync (node_modules/react-test-renderer/cjs/react-test-renderer.development.js:13068:41)
      at renderRootSync (node_modules/react-test-renderer/cjs/react-test-renderer.development.js:13049:11)
      at performWorkOnRoot (node_modules/react-test-renderer/cjs/react-test-renderer.development.js:12181:11)
      at performWorkOnRootViaSchedulerTask (node_modules/react-test-renderer/cjs/react-test-renderer.development.js:2908:7)
      at flushActQueue (node_modules/react/cjs/react.development.js:590:34)
      at Object.<anonymous>.process.env.NODE_ENV.exports.act (node_modules/react/cjs/react.development.js:884:10)
      at act (__tests__/BudgetScreens.test.tsx:246:27)
      at asyncGeneratorStep (node_modules/@babel/runtime/helpers/asyncToGenerator.js:3:17)
      at _next (node_modules/@babel/runtime/helpers/asyncToGenerator.js:17:9)
      at node_modules/@babel/runtime/helpers/asyncToGenerator.js:22:7
      at node_modules/@babel/runtime/helpers/asyncToGenerator.js:14:12
      at apply (__tests__/BudgetScreens.test.tsx:239:12)
      at press (__tests__/BudgetScreens.test.tsx:278:11)
      at asyncGeneratorStep (node_modules/@babel/runtime/helpers/asyncToGenerator.js:3:17)
      at _next (node_modules/@babel/runtime/helpers/asyncToGenerator.js:17:9)
      at node_modules/@babel/runtime/helpers/asyncToGenerator.js:22:7
      at node_modules/@babel/runtime/helpers/asyncToGenerator.js:14:12
      at apply (__tests__/BudgetScreens.test.tsx:275:21)
      at Object.toggleCategory (__tests__/BudgetScreens.test.tsx:435:11)
      at asyncGeneratorStep (node_modules/@babel/runtime/helpers/asyncToGenerator.js:3:17)
      at _next (node_modules/@babel/runtime/helpers/asyncToGenerator.js:17:9)

    console.error
      An update to EditBudgetsScreen inside a test was not wrapped in act(...).
      
      When testing, code that causes React state updates should be wrapped into act(...):
      
      act(() => {
        /* fire events that update state */
      });
      /* assert on the output */
      
      This ensures that you're testing the behavior the user would see in the browser. Learn more at https://react.dev/link/wrap-tests-with-act

      119 |   useEffect(() => {
      120 |     void listSystemCategories().then(result => {
    > 121 |       if (result.ok) setSystemCatalog(result.data.filter(item => item.active));
          |                      ^
      122 |     });
      123 |     void getCurrentBudget().then(result => {
      124 |       if (result.ok) setRecurrence(result.data.recurrence);

      at node_modules/react-test-renderer/cjs/react-test-renderer.development.js:14402:19
      at runWithFiberInDEV (node_modules/react-test-renderer/cjs/react-test-renderer.development.js:2315:13)
      at warnIfUpdatesNotWrappedWithActDEV (node_modules/react-test-renderer/cjs/react-test-renderer.development.js:14401:9)
      at scheduleUpdateOnFiber (node_modules/react-test-renderer/cjs/react-test-renderer.development.js:12086:9)
      at dispatchSetStateInternal (node_modules/react-test-renderer/cjs/react-test-renderer.development.js:6208:13)
      at dispatchSetState (node_modules/react-test-renderer/cjs/react-test-renderer.development.js:6165:7)
      at setSystemCatalog (src/features/expenses/screens/EditBudgetsScreen.tsx:121:22)

    console.error
      An update to EditBudgetsScreen inside a test was not wrapped in act(...).
      
      When testing, code that causes React state updates should be wrapped into act(...):
      
      act(() => {
        /* fire events that update state */
      });
      /* assert on the output */
      
      This ensures that you're testing the behavior the user would see in the browser. Learn more at https://react.dev/link/wrap-tests-with-act

      122 |     });
      123 |     void getCurrentBudget().then(result => {
    > 124 |       if (result.ok) setRecurrence(result.data.recurrence);
          |                      ^
      125 |     });
      126 |   }, []);
      127 |

      at node_modules/react-test-renderer/cjs/react-test-renderer.development.js:14402:19
      at runWithFiberInDEV (node_modules/react-test-renderer/cjs/react-test-renderer.development.js:2315:13)
      at warnIfUpdatesNotWrappedWithActDEV (node_modules/react-test-renderer/cjs/react-test-renderer.development.js:14401:9)
      at scheduleUpdateOnFiber (node_modules/react-test-renderer/cjs/react-test-renderer.development.js:12086:9)
      at dispatchSetStateInternal (node_modules/react-test-renderer/cjs/react-test-renderer.development.js:6208:13)
      at dispatchSetState (node_modules/react-test-renderer/cjs/react-test-renderer.development.js:6165:7)
      at setRecurrence (src/features/expenses/screens/EditBudgetsScreen.tsx:124:22)

    console.error
      An update to EditBudgetsScreen inside a test was not wrapped in act(...).
      
      When testing, code that causes React state updates should be wrapped into act(...):
      
      act(() => {
        /* fire events that update state */
      });
      /* assert on the output */
      
      This ensures that you're testing the behavior the user would see in the browser. Learn more at https://react.dev/link/wrap-tests-with-act

      119 |   useEffect(() => {
      120 |     void listSystemCategories().then(result => {
    > 121 |       if (result.ok) setSystemCatalog(result.data.filter(item => item.active));
          |                      ^
      122 |     });
      123 |     void getCurrentBudget().then(result => {
      124 |       if (result.ok) setRecurrence(result.data.recurrence);

      at node_modules/react-test-renderer/cjs/react-test-renderer.development.js:14402:19
      at runWithFiberInDEV (node_modules/react-test-renderer/cjs/react-test-renderer.development.js:2315:13)
      at warnIfUpdatesNotWrappedWithActDEV (node_modules/react-test-renderer/cjs/react-test-renderer.development.js:14401:9)
      at scheduleUpdateOnFiber (node_modules/react-test-renderer/cjs/react-test-renderer.development.js:12086:9)
      at dispatchSetStateInternal (node_modules/react-test-renderer/cjs/react-test-renderer.development.js:6208:13)
      at dispatchSetState (node_modules/react-test-renderer/cjs/react-test-renderer.development.js:6165:7)
      at setSystemCatalog (src/features/expenses/screens/EditBudgetsScreen.tsx:121:22)

    console.error
      An update to EditBudgetsScreen inside a test was not wrapped in act(...).
      
      When testing, code that causes React state updates should be wrapped into act(...):
      
      act(() => {
        /* fire events that update state */
      });
      /* assert on the output */
      
      This ensures that you're testing the behavior the user would see in the browser. Learn more at https://react.dev/link/wrap-tests-with-act

      122 |     });
      123 |     void getCurrentBudget().then(result => {
    > 124 |       if (result.ok) setRecurrence(result.data.recurrence);
          |                      ^
      125 |     });
      126 |   }, []);
      127 |

      at node_modules/react-test-renderer/cjs/react-test-renderer.development.js:14402:19
      at runWithFiberInDEV (node_modules/react-test-renderer/cjs/react-test-renderer.development.js:2315:13)
      at warnIfUpdatesNotWrappedWithActDEV (node_modules/react-test-renderer/cjs/react-test-renderer.development.js:14401:9)
      at scheduleUpdateOnFiber (node_modules/react-test-renderer/cjs/react-test-renderer.development.js:12086:9)
      at dispatchSetStateInternal (node_modules/react-test-renderer/cjs/react-test-renderer.development.js:6208:13)
      at dispatchSetState (node_modules/react-test-renderer/cjs/react-test-renderer.development.js:6165:7)
      at setRecurrence (src/features/expenses/screens/EditBudgetsScreen.tsx:124:22)

    console.error
      Encountered two children with the same key, `subscripciones`. Keys should be unique so that components maintain their identity across updates. Non-unique keys may cause children to be duplicated and/or omitted — the behavior is unsupported and could change in a future version.

      244 |   }
      245 |
    > 246 |   await ReactTestRenderer.act(() => {
          |                           ^
      247 |     target.props.onPress();
      248 |   });
      249 |   await ReactTestRenderer.act(async () => {});

      at node_modules/react-test-renderer/cjs/react-test-renderer.development.js:3716:23
      at runWithFiberInDEV (node_modules/react-test-renderer/cjs/react-test-renderer.development.js:2315:13)
      at warnOnInvalidKey (node_modules/react-test-renderer/cjs/react-test-renderer.development.js:3715:13)
      at reconcileChildrenArray (node_modules/react-test-renderer/cjs/react-test-renderer.development.js:3782:31)
      at reconcileChildFibersImpl (node_modules/react-test-renderer/cjs/react-test-renderer.development.js:4097:30)
      at node_modules/react-test-renderer/cjs/react-test-renderer.development.js:4202:33
      at reconcileChildren (node_modules/react-test-renderer/cjs/react-test-renderer.development.js:6684:13)
      at beginWork (node_modules/react-test-renderer/cjs/react-test-renderer.development.js:8620:13)
      at runWithFiberInDEV (node_modules/react-test-renderer/cjs/react-test-renderer.development.js:2315:13)
      at performUnitOfWork (node_modules/react-test-renderer/cjs/react-test-renderer.development.js:13224:22)
      at workLoopSync (node_modules/react-test-renderer/cjs/react-test-renderer.development.js:13068:41)
      at renderRootSync (node_modules/react-test-renderer/cjs/react-test-renderer.development.js:13049:11)
      at performWorkOnRoot (node_modules/react-test-renderer/cjs/react-test-renderer.development.js:12181:11)
      at performWorkOnRootViaSchedulerTask (node_modules/react-test-renderer/cjs/react-test-renderer.development.js:2908:7)
      at flushActQueue (node_modules/react/cjs/react.development.js:590:34)
      at Object.<anonymous>.process.env.NODE_ENV.exports.act (node_modules/react/cjs/react.development.js:884:10)
      at act (__tests__/BudgetScreens.test.tsx:246:27)
      at asyncGeneratorStep (node_modules/@babel/runtime/helpers/asyncToGenerator.js:3:17)
      at _next (node_modules/@babel/runtime/helpers/asyncToGenerator.js:17:9)
      at node_modules/@babel/runtime/helpers/asyncToGenerator.js:22:7
      at node_modules/@babel/runtime/helpers/asyncToGenerator.js:14:12
      at apply (__tests__/BudgetScreens.test.tsx:239:12)
      at press (__tests__/BudgetScreens.test.tsx:193:11)
      at asyncGeneratorStep (node_modules/@babel/runtime/helpers/asyncToGenerator.js:3:17)
      at _next (node_modules/@babel/runtime/helpers/asyncToGenerator.js:17:9)
      at node_modules/@babel/runtime/helpers/asyncToGenerator.js:22:7
      at node_modules/@babel/runtime/helpers/asyncToGenerator.js:14:12
      at apply (__tests__/BudgetScreens.test.tsx:190:21)
      at openCategories (__tests__/BudgetScreens.test.tsx:203:9)
      at asyncGeneratorStep (node_modules/@babel/runtime/helpers/asyncToGenerator.js:3:17)
      at _next (node_modules/@babel/runtime/helpers/asyncToGenerator.js:17:9)
      at node_modules/@babel/runtime/helpers/asyncToGenerator.js:22:7
      at node_modules/@babel/runtime/helpers/asyncToGenerator.js:14:12
      at apply (__tests__/BudgetScreens.test.tsx:202:16)
      at Object.editLimit (__tests__/BudgetScreens.test.tsx:465:11)
      at asyncGeneratorStep (node_modules/@babel/runtime/helpers/asyncToGenerator.js:3:17)
      at _next (node_modules/@babel/runtime/helpers/asyncToGenerator.js:17:9)

    console.error
      Encountered two children with the same key, `subscripciones`. Keys should be unique so that components maintain their identity across updates. Non-unique keys may cause children to be duplicated and/or omitted — the behavior is unsupported and could change in a future version.

      244 |   }
      245 |
    > 246 |   await ReactTestRenderer.act(() => {
          |                           ^
      247 |     target.props.onPress();
      248 |   });
      249 |   await ReactTestRenderer.act(async () => {});

      at node_modules/react-test-renderer/cjs/react-test-renderer.development.js:3716:23
      at runWithFiberInDEV (node_modules/react-test-renderer/cjs/react-test-renderer.development.js:2315:13)
      at warnOnInvalidKey (node_modules/react-test-renderer/cjs/react-test-renderer.development.js:3715:13)
      at reconcileChildrenArray (node_modules/react-test-renderer/cjs/react-test-renderer.development.js:3757:23)
      at reconcileChildFibersImpl (node_modules/react-test-renderer/cjs/react-test-renderer.development.js:4097:30)
      at node_modules/react-test-renderer/cjs/react-test-renderer.development.js:4202:33
      at reconcileChildren (node_modules/react-test-renderer/cjs/react-test-renderer.development.js:6685:13)
      at beginWork (node_modules/react-test-renderer/cjs/react-test-renderer.development.js:8620:13)
      at runWithFiberInDEV (node_modules/react-test-renderer/cjs/react-test-renderer.development.js:2315:13)
      at performUnitOfWork (node_modules/react-test-renderer/cjs/react-test-renderer.development.js:13224:22)
      at workLoopSync (node_modules/react-test-renderer/cjs/react-test-renderer.development.js:13068:41)
      at renderRootSync (node_modules/react-test-renderer/cjs/react-test-renderer.development.js:13049:11)
      at performWorkOnRoot (node_modules/react-test-renderer/cjs/react-test-renderer.development.js:12181:11)
      at performWorkOnRootViaSchedulerTask (node_modules/react-test-renderer/cjs/react-test-renderer.development.js:2908:7)
      at flushActQueue (node_modules/react/cjs/react.development.js:590:34)
      at Object.<anonymous>.process.env.NODE_ENV.exports.act (node_modules/react/cjs/react.development.js:884:10)
      at act (__tests__/BudgetScreens.test.tsx:246:27)
      at asyncGeneratorStep (node_modules/@babel/runtime/helpers/asyncToGenerator.js:3:17)
      at _next (node_modules/@babel/runtime/helpers/asyncToGenerator.js:17:9)
      at node_modules/@babel/runtime/helpers/asyncToGenerator.js:22:7
      at node_modules/@babel/runtime/helpers/asyncToGenerator.js:14:12
      at apply (__tests__/BudgetScreens.test.tsx:239:12)
      at press (__tests__/BudgetScreens.test.tsx:278:11)
      at asyncGeneratorStep (node_modules/@babel/runtime/helpers/asyncToGenerator.js:3:17)
      at _next (node_modules/@babel/runtime/helpers/asyncToGenerator.js:17:9)
      at node_modules/@babel/runtime/helpers/asyncToGenerator.js:22:7
      at node_modules/@babel/runtime/helpers/asyncToGenerator.js:14:12
      at apply (__tests__/BudgetScreens.test.tsx:275:21)
      at toggleCategory (__tests__/BudgetScreens.test.tsx:206:11)
      at asyncGeneratorStep (node_modules/@babel/runtime/helpers/asyncToGenerator.js:3:17)
      at _next (node_modules/@babel/runtime/helpers/asyncToGenerator.js:17:9)

    console.error
      Encountered two children with the same key, `subscripciones`. Keys should be unique so that components maintain their identity across updates. Non-unique keys may cause children to be duplicated and/or omitted — the behavior is unsupported and could change in a future version.

      244 |   }
      245 |
    > 246 |   await ReactTestRenderer.act(() => {
          |                           ^
      247 |     target.props.onPress();
      248 |   });
      249 |   await ReactTestRenderer.act(async () => {});

      at node_modules/react-test-renderer/cjs/react-test-renderer.development.js:3716:23
      at runWithFiberInDEV (node_modules/react-test-renderer/cjs/react-test-renderer.development.js:2315:13)
      at warnOnInvalidKey (node_modules/react-test-renderer/cjs/react-test-renderer.development.js:3715:13)
      at reconcileChildrenArray (node_modules/react-test-renderer/cjs/react-test-renderer.development.js:3757:23)
      at reconcileChildFibersImpl (node_modules/react-test-renderer/cjs/react-test-renderer.development.js:4097:30)
      at node_modules/react-test-renderer/cjs/react-test-renderer.development.js:4202:33
      at reconcileChildren (node_modules/react-test-renderer/cjs/react-test-renderer.development.js:6685:13)
      at beginWork (node_modules/react-test-renderer/cjs/react-test-renderer.development.js:8620:13)
      at runWithFiberInDEV (node_modules/react-test-renderer/cjs/react-test-renderer.development.js:2315:13)
      at performUnitOfWork (node_modules/react-test-renderer/cjs/react-test-renderer.development.js:13224:22)
      at workLoopSync (node_modules/react-test-renderer/cjs/react-test-renderer.development.js:13068:41)
      at renderRootSync (node_modules/react-test-renderer/cjs/react-test-renderer.development.js:13049:11)
      at performWorkOnRoot (node_modules/react-test-renderer/cjs/react-test-renderer.development.js:12181:11)
      at performWorkOnRootViaSchedulerTask (node_modules/react-test-renderer/cjs/react-test-renderer.development.js:2908:7)
      at flushActQueue (node_modules/react/cjs/react.development.js:590:34)
      at Object.<anonymous>.process.env.NODE_ENV.exports.act (node_modules/react/cjs/react.development.js:884:10)
      at act (__tests__/BudgetScreens.test.tsx:246:27)
      at asyncGeneratorStep (node_modules/@babel/runtime/helpers/asyncToGenerator.js:3:17)
      at _next (node_modules/@babel/runtime/helpers/asyncToGenerator.js:17:9)
      at node_modules/@babel/runtime/helpers/asyncToGenerator.js:22:7
      at node_modules/@babel/runtime/helpers/asyncToGenerator.js:14:12
      at apply (__tests__/BudgetScreens.test.tsx:239:12)
      at press (__tests__/BudgetScreens.test.tsx:208:9)
      at asyncGeneratorStep (node_modules/@babel/runtime/helpers/asyncToGenerator.js:3:17)
      at _next (node_modules/@babel/runtime/helpers/asyncToGenerator.js:17:9)

    console.error
      Encountered two children with the same key, `subscripciones`. Keys should be unique so that components maintain their identity across updates. Non-unique keys may cause children to be duplicated and/or omitted — the behavior is unsupported and could change in a future version.

      178 |   }
      179 |
    > 180 |   await ReactTestRenderer.act(() => {
          |                           ^
      181 |     field.props.onChangeText(text);
      182 |   });
      183 |   await ReactTestRenderer.act(async () => {});

      at node_modules/react-test-renderer/cjs/react-test-renderer.development.js:3716:23
      at runWithFiberInDEV (node_modules/react-test-renderer/cjs/react-test-renderer.development.js:2315:13)
      at warnOnInvalidKey (node_modules/react-test-renderer/cjs/react-test-renderer.development.js:3715:13)
      at reconcileChildrenArray (node_modules/react-test-renderer/cjs/react-test-renderer.development.js:3757:23)
      at reconcileChildFibersImpl (node_modules/react-test-renderer/cjs/react-test-renderer.development.js:4097:30)
      at node_modules/react-test-renderer/cjs/react-test-renderer.development.js:4202:33
      at reconcileChildren (node_modules/react-test-renderer/cjs/react-test-renderer.development.js:6685:13)
      at beginWork (node_modules/react-test-renderer/cjs/react-test-renderer.development.js:8620:13)
      at runWithFiberInDEV (node_modules/react-test-renderer/cjs/react-test-renderer.development.js:2315:13)
      at performUnitOfWork (node_modules/react-test-renderer/cjs/react-test-renderer.development.js:13224:22)
      at workLoopSync (node_modules/react-test-renderer/cjs/react-test-renderer.development.js:13068:41)
      at renderRootSync (node_modules/react-test-renderer/cjs/react-test-renderer.development.js:13049:11)
      at performWorkOnRoot (node_modules/react-test-renderer/cjs/react-test-renderer.development.js:12181:11)
      at performWorkOnRootViaSchedulerTask (node_modules/react-test-renderer/cjs/react-test-renderer.development.js:2908:7)
      at flushActQueue (node_modules/react/cjs/react.development.js:590:34)
      at Object.<anonymous>.process.env.NODE_ENV.exports.act (node_modules/react/cjs/react.development.js:884:10)
      at act (__tests__/BudgetScreens.test.tsx:180:27)
      at asyncGeneratorStep (node_modules/@babel/runtime/helpers/asyncToGenerator.js:3:17)
      at _next (node_modules/@babel/runtime/helpers/asyncToGenerator.js:17:9)
      at node_modules/@babel/runtime/helpers/asyncToGenerator.js:22:7
      at node_modules/@babel/runtime/helpers/asyncToGenerator.js:14:12
      at apply (__tests__/BudgetScreens.test.tsx:173:11)
      at Object.type (__tests__/BudgetScreens.test.tsx:466:11)
      at asyncGeneratorStep (node_modules/@babel/runtime/helpers/asyncToGenerator.js:3:17)
      at _next (node_modules/@babel/runtime/helpers/asyncToGenerator.js:17:9)

    console.error
      Encountered two children with the same key, `subscripciones`. Keys should be unique so that components maintain their identity across updates. Non-unique keys may cause children to be duplicated and/or omitted — the behavior is unsupported and could change in a future version.

      244 |   }
      245 |
    > 246 |   await ReactTestRenderer.act(() => {
          |                           ^
      247 |     target.props.onPress();
      248 |   });
      249 |   await ReactTestRenderer.act(async () => {});

      at node_modules/react-test-renderer/cjs/react-test-renderer.development.js:3716:23
      at runWithFiberInDEV (node_modules/react-test-renderer/cjs/react-test-renderer.development.js:2315:13)
      at warnOnInvalidKey (node_modules/react-test-renderer/cjs/react-test-renderer.development.js:3715:13)
      at reconcileChildrenArray (node_modules/react-test-renderer/cjs/react-test-renderer.development.js:3757:23)
      at reconcileChildFibersImpl (node_modules/react-test-renderer/cjs/react-test-renderer.development.js:4097:30)
      at node_modules/react-test-renderer/cjs/react-test-renderer.development.js:4202:33
      at reconcileChildren (node_modules/react-test-renderer/cjs/react-test-renderer.development.js:6685:13)
      at beginWork (node_modules/react-test-renderer/cjs/react-test-renderer.development.js:8620:13)
      at runWithFiberInDEV (node_modules/react-test-renderer/cjs/react-test-renderer.development.js:2315:13)
      at performUnitOfWork (node_modules/react-test-renderer/cjs/react-test-renderer.development.js:13224:22)
      at workLoopSync (node_modules/react-test-renderer/cjs/react-test-renderer.development.js:13068:41)
      at renderRootSync (node_modules/react-test-renderer/cjs/react-test-renderer.development.js:13049:11)
      at performWorkOnRoot (node_modules/react-test-renderer/cjs/react-test-renderer.development.js:12181:11)
      at performWorkOnRootViaSchedulerTask (node_modules/react-test-renderer/cjs/react-test-renderer.development.js:2908:7)
      at flushActQueue (node_modules/react/cjs/react.development.js:590:34)
      at Object.<anonymous>.process.env.NODE_ENV.exports.act (node_modules/react/cjs/react.development.js:884:10)
      at act (__tests__/BudgetScreens.test.tsx:246:27)
      at asyncGeneratorStep (node_modules/@babel/runtime/helpers/asyncToGenerator.js:3:17)
      at _next (node_modules/@babel/runtime/helpers/asyncToGenerator.js:17:9)
      at node_modules/@babel/runtime/helpers/asyncToGenerator.js:22:7
      at node_modules/@babel/runtime/helpers/asyncToGenerator.js:14:12
      at apply (__tests__/BudgetScreens.test.tsx:239:12)
      at Object.press (__tests__/BudgetScreens.test.tsx:474:11)
      at asyncGeneratorStep (node_modules/@babel/runtime/helpers/asyncToGenerator.js:3:17)
      at _next (node_modules/@babel/runtime/helpers/asyncToGenerator.js:17:9)

    console.error
      Encountered two children with the same key, `subscripciones`. Keys should be unique so that components maintain their identity across updates. Non-unique keys may cause children to be duplicated and/or omitted — the behavior is unsupported and could change in a future version.

      244 |   }
      245 |
    > 246 |   await ReactTestRenderer.act(() => {
          |                           ^
      247 |     target.props.onPress();
      248 |   });
      249 |   await ReactTestRenderer.act(async () => {});

      at node_modules/react-test-renderer/cjs/react-test-renderer.development.js:3716:23
      at runWithFiberInDEV (node_modules/react-test-renderer/cjs/react-test-renderer.development.js:2315:13)
      at warnOnInvalidKey (node_modules/react-test-renderer/cjs/react-test-renderer.development.js:3715:13)
      at reconcileChildrenArray (node_modules/react-test-renderer/cjs/react-test-renderer.development.js:3757:23)
      at reconcileChildFibersImpl (node_modules/react-test-renderer/cjs/react-test-renderer.development.js:4097:30)
      at node_modules/react-test-renderer/cjs/react-test-renderer.development.js:4202:33
      at reconcileChildren (node_modules/react-test-renderer/cjs/react-test-renderer.development.js:6685:13)
      at beginWork (node_modules/react-test-renderer/cjs/react-test-renderer.development.js:8620:13)
      at runWithFiberInDEV (node_modules/react-test-renderer/cjs/react-test-renderer.development.js:2315:13)
      at performUnitOfWork (node_modules/react-test-renderer/cjs/react-test-renderer.development.js:13224:22)
      at workLoopSync (node_modules/react-test-renderer/cjs/react-test-renderer.development.js:13068:41)
      at renderRootSync (node_modules/react-test-renderer/cjs/react-test-renderer.development.js:13049:11)
      at performWorkOnRoot (node_modules/react-test-renderer/cjs/react-test-renderer.development.js:12181:11)
      at performWorkOnRootViaSchedulerTask (node_modules/react-test-renderer/cjs/react-test-renderer.development.js:2908:7)
      at flushActQueue (node_modules/react/cjs/react.development.js:590:34)
      at Object.<anonymous>.process.env.NODE_ENV.exports.act (node_modules/react/cjs/react.development.js:884:10)
      at act (__tests__/BudgetScreens.test.tsx:246:27)
      at asyncGeneratorStep (node_modules/@babel/runtime/helpers/asyncToGenerator.js:3:17)
      at _next (node_modules/@babel/runtime/helpers/asyncToGenerator.js:17:9)
      at node_modules/@babel/runtime/helpers/asyncToGenerator.js:22:7
      at node_modules/@babel/runtime/helpers/asyncToGenerator.js:14:12
      at apply (__tests__/BudgetScreens.test.tsx:239:12)
      at Object.press (__tests__/BudgetScreens.test.tsx:477:11)
      at asyncGeneratorStep (node_modules/@babel/runtime/helpers/asyncToGenerator.js:3:17)
      at _next (node_modules/@babel/runtime/helpers/asyncToGenerator.js:17:9)

    console.error
      An update to EditBudgetsScreen inside a test was not wrapped in act(...).
      
      When testing, code that causes React state updates should be wrapped into act(...):
      
      act(() => {
        /* fire events that update state */
      });
      /* assert on the output */
      
      This ensures that you're testing the behavior the user would see in the browser. Learn more at https://react.dev/link/wrap-tests-with-act

      119 |   useEffect(() => {
      120 |     void listSystemCategories().then(result => {
    > 121 |       if (result.ok) setSystemCatalog(result.data.filter(item => item.active));
          |                      ^
      122 |     });
      123 |     void getCurrentBudget().then(result => {
      124 |       if (result.ok) setRecurrence(result.data.recurrence);

      at node_modules/react-test-renderer/cjs/react-test-renderer.development.js:14402:19
      at runWithFiberInDEV (node_modules/react-test-renderer/cjs/react-test-renderer.development.js:2315:13)
      at warnIfUpdatesNotWrappedWithActDEV (node_modules/react-test-renderer/cjs/react-test-renderer.development.js:14401:9)
      at scheduleUpdateOnFiber (node_modules/react-test-renderer/cjs/react-test-renderer.development.js:12086:9)
      at dispatchSetStateInternal (node_modules/react-test-renderer/cjs/react-test-renderer.development.js:6208:13)
      at dispatchSetState (node_modules/react-test-renderer/cjs/react-test-renderer.development.js:6165:7)
      at setSystemCatalog (src/features/expenses/screens/EditBudgetsScreen.tsx:121:22)

    console.error
      An update to EditBudgetsScreen inside a test was not wrapped in act(...).
      
      When testing, code that causes React state updates should be wrapped into act(...):
      
      act(() => {
        /* fire events that update state */
      });
      /* assert on the output */
      
      This ensures that you're testing the behavior the user would see in the browser. Learn more at https://react.dev/link/wrap-tests-with-act

      122 |     });
      123 |     void getCurrentBudget().then(result => {
    > 124 |       if (result.ok) setRecurrence(result.data.recurrence);
          |                      ^
      125 |     });
      126 |   }, []);
      127 |

      at node_modules/react-test-renderer/cjs/react-test-renderer.development.js:14402:19
      at runWithFiberInDEV (node_modules/react-test-renderer/cjs/react-test-renderer.development.js:2315:13)
      at warnIfUpdatesNotWrappedWithActDEV (node_modules/react-test-renderer/cjs/react-test-renderer.development.js:14401:9)
      at scheduleUpdateOnFiber (node_modules/react-test-renderer/cjs/react-test-renderer.development.js:12086:9)
      at dispatchSetStateInternal (node_modules/react-test-renderer/cjs/react-test-renderer.development.js:6208:13)
      at dispatchSetState (node_modules/react-test-renderer/cjs/react-test-renderer.development.js:6165:7)
      at setRecurrence (src/features/expenses/screens/EditBudgetsScreen.tsx:124:22)

    console.error
      An update to EditBudgetsScreen inside a test was not wrapped in act(...).
      
      When testing, code that causes React state updates should be wrapped into act(...):
      
      act(() => {
        /* fire events that update state */
      });
      /* assert on the output */
      
      This ensures that you're testing the behavior the user would see in the browser. Learn more at https://react.dev/link/wrap-tests-with-act

      119 |   useEffect(() => {
      120 |     void listSystemCategories().then(result => {
    > 121 |       if (result.ok) setSystemCatalog(result.data.filter(item => item.active));
          |                      ^
      122 |     });
      123 |     void getCurrentBudget().then(result => {
      124 |       if (result.ok) setRecurrence(result.data.recurrence);

      at node_modules/react-test-renderer/cjs/react-test-renderer.development.js:14402:19
      at runWithFiberInDEV (node_modules/react-test-renderer/cjs/react-test-renderer.development.js:2315:13)
      at warnIfUpdatesNotWrappedWithActDEV (node_modules/react-test-renderer/cjs/react-test-renderer.development.js:14401:9)
      at scheduleUpdateOnFiber (node_modules/react-test-renderer/cjs/react-test-renderer.development.js:12086:9)
      at dispatchSetStateInternal (node_modules/react-test-renderer/cjs/react-test-renderer.development.js:6208:13)
      at dispatchSetState (node_modules/react-test-renderer/cjs/react-test-renderer.development.js:6165:7)
      at setSystemCatalog (src/features/expenses/screens/EditBudgetsScreen.tsx:121:22)

    console.error
      An update to EditBudgetsScreen inside a test was not wrapped in act(...).
      
      When testing, code that causes React state updates should be wrapped into act(...):
      
      act(() => {
        /* fire events that update state */
      });
      /* assert on the output */
      
      This ensures that you're testing the behavior the user would see in the browser. Learn more at https://react.dev/link/wrap-tests-with-act

      122 |     });
      123 |     void getCurrentBudget().then(result => {
    > 124 |       if (result.ok) setRecurrence(result.data.recurrence);
          |                      ^
      125 |     });
      126 |   }, []);
      127 |

      at node_modules/react-test-renderer/cjs/react-test-renderer.development.js:14402:19
      at runWithFiberInDEV (node_modules/react-test-renderer/cjs/react-test-renderer.development.js:2315:13)
      at warnIfUpdatesNotWrappedWithActDEV (node_modules/react-test-renderer/cjs/react-test-renderer.development.js:14401:9)
      at scheduleUpdateOnFiber (node_modules/react-test-renderer/cjs/react-test-renderer.development.js:12086:9)
      at dispatchSetStateInternal (node_modules/react-test-renderer/cjs/react-test-renderer.development.js:6208:13)
      at dispatchSetState (node_modules/react-test-renderer/cjs/react-test-renderer.development.js:6165:7)
      at setRecurrence (src/features/expenses/screens/EditBudgetsScreen.tsx:124:22)

    console.error
      An update to EditBudgetsScreen inside a test was not wrapped in act(...).
      
      When testing, code that causes React state updates should be wrapped into act(...):
      
      act(() => {
        /* fire events that update state */
      });
      /* assert on the output */
      
      This ensures that you're testing the behavior the user would see in the browser. Learn more at https://react.dev/link/wrap-tests-with-act

      119 |   useEffect(() => {
      120 |     void listSystemCategories().then(result => {
    > 121 |       if (result.ok) setSystemCatalog(result.data.filter(item => item.active));
          |                      ^
      122 |     });
      123 |     void getCurrentBudget().then(result => {
      124 |       if (result.ok) setRecurrence(result.data.recurrence);

      at node_modules/react-test-renderer/cjs/react-test-renderer.development.js:14402:19
      at runWithFiberInDEV (node_modules/react-test-renderer/cjs/react-test-renderer.development.js:2315:13)
      at warnIfUpdatesNotWrappedWithActDEV (node_modules/react-test-renderer/cjs/react-test-renderer.development.js:14401:9)
      at scheduleUpdateOnFiber (node_modules/react-test-renderer/cjs/react-test-renderer.development.js:12086:9)
      at dispatchSetStateInternal (node_modules/react-test-renderer/cjs/react-test-renderer.development.js:6208:13)
      at dispatchSetState (node_modules/react-test-renderer/cjs/react-test-renderer.development.js:6165:7)
      at setSystemCatalog (src/features/expenses/screens/EditBudgetsScreen.tsx:121:22)

    console.error
      An update to EditBudgetsScreen inside a test was not wrapped in act(...).
      
      When testing, code that causes React state updates should be wrapped into act(...):
      
      act(() => {
        /* fire events that update state */
      });
      /* assert on the output */
      
      This ensures that you're testing the behavior the user would see in the browser. Learn more at https://react.dev/link/wrap-tests-with-act

      122 |     });
      123 |     void getCurrentBudget().then(result => {
    > 124 |       if (result.ok) setRecurrence(result.data.recurrence);
          |                      ^
      125 |     });
      126 |   }, []);
      127 |

      at node_modules/react-test-renderer/cjs/react-test-renderer.development.js:14402:19
      at runWithFiberInDEV (node_modules/react-test-renderer/cjs/react-test-renderer.development.js:2315:13)
      at warnIfUpdatesNotWrappedWithActDEV (node_modules/react-test-renderer/cjs/react-test-renderer.development.js:14401:9)
      at scheduleUpdateOnFiber (node_modules/react-test-renderer/cjs/react-test-renderer.development.js:12086:9)
      at dispatchSetStateInternal (node_modules/react-test-renderer/cjs/react-test-renderer.development.js:6208:13)
      at dispatchSetState (node_modules/react-test-renderer/cjs/react-test-renderer.development.js:6165:7)
      at setRecurrence (src/features/expenses/screens/EditBudgetsScreen.tsx:124:22)

    console.error
      Encountered two children with the same key, `subscripciones`. Keys should be unique so that components maintain their identity across updates. Non-unique keys may cause children to be duplicated and/or omitted — the behavior is unsupported and could change in a future version.

      244 |   }
      245 |
    > 246 |   await ReactTestRenderer.act(() => {
          |                           ^
      247 |     target.props.onPress();
      248 |   });
      249 |   await ReactTestRenderer.act(async () => {});

      at node_modules/react-test-renderer/cjs/react-test-renderer.development.js:3716:23
      at runWithFiberInDEV (node_modules/react-test-renderer/cjs/react-test-renderer.development.js:2315:13)
      at warnOnInvalidKey (node_modules/react-test-renderer/cjs/react-test-renderer.development.js:3715:13)
      at reconcileChildrenArray (node_modules/react-test-renderer/cjs/react-test-renderer.development.js:3782:31)
      at reconcileChildFibersImpl (node_modules/react-test-renderer/cjs/react-test-renderer.development.js:4097:30)
      at node_modules/react-test-renderer/cjs/react-test-renderer.development.js:4202:33
      at reconcileChildren (node_modules/react-test-renderer/cjs/react-test-renderer.development.js:6684:13)
      at beginWork (node_modules/react-test-renderer/cjs/react-test-renderer.development.js:8620:13)
      at runWithFiberInDEV (node_modules/react-test-renderer/cjs/react-test-renderer.development.js:2315:13)
      at performUnitOfWork (node_modules/react-test-renderer/cjs/react-test-renderer.development.js:13224:22)
      at workLoopSync (node_modules/react-test-renderer/cjs/react-test-renderer.development.js:13068:41)
      at renderRootSync (node_modules/react-test-renderer/cjs/react-test-renderer.development.js:13049:11)
      at performWorkOnRoot (node_modules/react-test-renderer/cjs/react-test-renderer.development.js:12181:11)
      at performWorkOnRootViaSchedulerTask (node_modules/react-test-renderer/cjs/react-test-renderer.development.js:2908:7)
      at flushActQueue (node_modules/react/cjs/react.development.js:590:34)
      at Object.<anonymous>.process.env.NODE_ENV.exports.act (node_modules/react/cjs/react.development.js:884:10)
      at act (__tests__/BudgetScreens.test.tsx:246:27)
      at asyncGeneratorStep (node_modules/@babel/runtime/helpers/asyncToGenerator.js:3:17)
      at _next (node_modules/@babel/runtime/helpers/asyncToGenerator.js:17:9)
      at node_modules/@babel/runtime/helpers/asyncToGenerator.js:22:7
      at node_modules/@babel/runtime/helpers/asyncToGenerator.js:14:12
      at apply (__tests__/BudgetScreens.test.tsx:239:12)
      at press (__tests__/BudgetScreens.test.tsx:193:11)
      at asyncGeneratorStep (node_modules/@babel/runtime/helpers/asyncToGenerator.js:3:17)
      at _next (node_modules/@babel/runtime/helpers/asyncToGenerator.js:17:9)
      at node_modules/@babel/runtime/helpers/asyncToGenerator.js:22:7
      at node_modules/@babel/runtime/helpers/asyncToGenerator.js:14:12
      at apply (__tests__/BudgetScreens.test.tsx:190:21)
      at openCategories (__tests__/BudgetScreens.test.tsx:203:9)
      at asyncGeneratorStep (node_modules/@babel/runtime/helpers/asyncToGenerator.js:3:17)
      at _next (node_modules/@babel/runtime/helpers/asyncToGenerator.js:17:9)
      at node_modules/@babel/runtime/helpers/asyncToGenerator.js:22:7
      at node_modules/@babel/runtime/helpers/asyncToGenerator.js:14:12
      at apply (__tests__/BudgetScreens.test.tsx:202:16)
      at Object.editLimit (__tests__/BudgetScreens.test.tsx:523:11)
      at asyncGeneratorStep (node_modules/@babel/runtime/helpers/asyncToGenerator.js:3:17)
      at _next (node_modules/@babel/runtime/helpers/asyncToGenerator.js:17:9)

    console.error
      Encountered two children with the same key, `subscripciones`. Keys should be unique so that components maintain their identity across updates. Non-unique keys may cause children to be duplicated and/or omitted — the behavior is unsupported and could change in a future version.

      244 |   }
      245 |
    > 246 |   await ReactTestRenderer.act(() => {
          |                           ^
      247 |     target.props.onPress();
      248 |   });
      249 |   await ReactTestRenderer.act(async () => {});

      at node_modules/react-test-renderer/cjs/react-test-renderer.development.js:3716:23
      at runWithFiberInDEV (node_modules/react-test-renderer/cjs/react-test-renderer.development.js:2315:13)
      at warnOnInvalidKey (node_modules/react-test-renderer/cjs/react-test-renderer.development.js:3715:13)
      at reconcileChildrenArray (node_modules/react-test-renderer/cjs/react-test-renderer.development.js:3757:23)
      at reconcileChildFibersImpl (node_modules/react-test-renderer/cjs/react-test-renderer.development.js:4097:30)
      at node_modules/react-test-renderer/cjs/react-test-renderer.development.js:4202:33
      at reconcileChildren (node_modules/react-test-renderer/cjs/react-test-renderer.development.js:6685:13)
      at beginWork (node_modules/react-test-renderer/cjs/react-test-renderer.development.js:8620:13)
      at runWithFiberInDEV (node_modules/react-test-renderer/cjs/react-test-renderer.development.js:2315:13)
      at performUnitOfWork (node_modules/react-test-renderer/cjs/react-test-renderer.development.js:13224:22)
      at workLoopSync (node_modules/react-test-renderer/cjs/react-test-renderer.development.js:13068:41)
      at renderRootSync (node_modules/react-test-renderer/cjs/react-test-renderer.development.js:13049:11)
      at performWorkOnRoot (node_modules/react-test-renderer/cjs/react-test-renderer.development.js:12181:11)
      at performWorkOnRootViaSchedulerTask (node_modules/react-test-renderer/cjs/react-test-renderer.development.js:2908:7)
      at flushActQueue (node_modules/react/cjs/react.development.js:590:34)
      at Object.<anonymous>.process.env.NODE_ENV.exports.act (node_modules/react/cjs/react.development.js:884:10)
      at act (__tests__/BudgetScreens.test.tsx:246:27)
      at asyncGeneratorStep (node_modules/@babel/runtime/helpers/asyncToGenerator.js:3:17)
      at _next (node_modules/@babel/runtime/helpers/asyncToGenerator.js:17:9)
      at node_modules/@babel/runtime/helpers/asyncToGenerator.js:22:7
      at node_modules/@babel/runtime/helpers/asyncToGenerator.js:14:12
      at apply (__tests__/BudgetScreens.test.tsx:239:12)
      at press (__tests__/BudgetScreens.test.tsx:278:11)
      at asyncGeneratorStep (node_modules/@babel/runtime/helpers/asyncToGenerator.js:3:17)
      at _next (node_modules/@babel/runtime/helpers/asyncToGenerator.js:17:9)
      at node_modules/@babel/runtime/helpers/asyncToGenerator.js:22:7
      at node_modules/@babel/runtime/helpers/asyncToGenerator.js:14:12
      at apply (__tests__/BudgetScreens.test.tsx:275:21)
      at toggleCategory (__tests__/BudgetScreens.test.tsx:206:11)
      at asyncGeneratorStep (node_modules/@babel/runtime/helpers/asyncToGenerator.js:3:17)
      at _next (node_modules/@babel/runtime/helpers/asyncToGenerator.js:17:9)

    console.error
      Encountered two children with the same key, `subscripciones`. Keys should be unique so that components maintain their identity across updates. Non-unique keys may cause children to be duplicated and/or omitted — the behavior is unsupported and could change in a future version.

      244 |   }
      245 |
    > 246 |   await ReactTestRenderer.act(() => {
          |                           ^
      247 |     target.props.onPress();
      248 |   });
      249 |   await ReactTestRenderer.act(async () => {});

      at node_modules/react-test-renderer/cjs/react-test-renderer.development.js:3716:23
      at runWithFiberInDEV (node_modules/react-test-renderer/cjs/react-test-renderer.development.js:2315:13)
      at warnOnInvalidKey (node_modules/react-test-renderer/cjs/react-test-renderer.development.js:3715:13)
      at reconcileChildrenArray (node_modules/react-test-renderer/cjs/react-test-renderer.development.js:3757:23)
      at reconcileChildFibersImpl (node_modules/react-test-renderer/cjs/react-test-renderer.development.js:4097:30)
      at node_modules/react-test-renderer/cjs/react-test-renderer.development.js:4202:33
      at reconcileChildren (node_modules/react-test-renderer/cjs/react-test-renderer.development.js:6685:13)
      at beginWork (node_modules/react-test-renderer/cjs/react-test-renderer.development.js:8620:13)
      at runWithFiberInDEV (node_modules/react-test-renderer/cjs/react-test-renderer.development.js:2315:13)
      at performUnitOfWork (node_modules/react-test-renderer/cjs/react-test-renderer.development.js:13224:22)
      at workLoopSync (node_modules/react-test-renderer/cjs/react-test-renderer.development.js:13068:41)
      at renderRootSync (node_modules/react-test-renderer/cjs/react-test-renderer.development.js:13049:11)
      at performWorkOnRoot (node_modules/react-test-renderer/cjs/react-test-renderer.development.js:12181:11)
      at performWorkOnRootViaSchedulerTask (node_modules/react-test-renderer/cjs/react-test-renderer.development.js:2908:7)
      at flushActQueue (node_modules/react/cjs/react.development.js:590:34)
      at Object.<anonymous>.process.env.NODE_ENV.exports.act (node_modules/react/cjs/react.development.js:884:10)
      at act (__tests__/BudgetScreens.test.tsx:246:27)
      at asyncGeneratorStep (node_modules/@babel/runtime/helpers/asyncToGenerator.js:3:17)
      at _next (node_modules/@babel/runtime/helpers/asyncToGenerator.js:17:9)
      at node_modules/@babel/runtime/helpers/asyncToGenerator.js:22:7
      at node_modules/@babel/runtime/helpers/asyncToGenerator.js:14:12
      at apply (__tests__/BudgetScreens.test.tsx:239:12)
      at press (__tests__/BudgetScreens.test.tsx:208:9)
      at asyncGeneratorStep (node_modules/@babel/runtime/helpers/asyncToGenerator.js:3:17)
      at _next (node_modules/@babel/runtime/helpers/asyncToGenerator.js:17:9)

    console.error
      Encountered two children with the same key, `subscripciones`. Keys should be unique so that components maintain their identity across updates. Non-unique keys may cause children to be duplicated and/or omitted — the behavior is unsupported and could change in a future version.

      178 |   }
      179 |
    > 180 |   await ReactTestRenderer.act(() => {
          |                           ^
      181 |     field.props.onChangeText(text);
      182 |   });
      183 |   await ReactTestRenderer.act(async () => {});

      at node_modules/react-test-renderer/cjs/react-test-renderer.development.js:3716:23
      at runWithFiberInDEV (node_modules/react-test-renderer/cjs/react-test-renderer.development.js:2315:13)
      at warnOnInvalidKey (node_modules/react-test-renderer/cjs/react-test-renderer.development.js:3715:13)
      at reconcileChildrenArray (node_modules/react-test-renderer/cjs/react-test-renderer.development.js:3757:23)
      at reconcileChildFibersImpl (node_modules/react-test-renderer/cjs/react-test-renderer.development.js:4097:30)
      at node_modules/react-test-renderer/cjs/react-test-renderer.development.js:4202:33
      at reconcileChildren (node_modules/react-test-renderer/cjs/react-test-renderer.development.js:6685:13)
      at beginWork (node_modules/react-test-renderer/cjs/react-test-renderer.development.js:8620:13)
      at runWithFiberInDEV (node_modules/react-test-renderer/cjs/react-test-renderer.development.js:2315:13)
      at performUnitOfWork (node_modules/react-test-renderer/cjs/react-test-renderer.development.js:13224:22)
      at workLoopSync (node_modules/react-test-renderer/cjs/react-test-renderer.development.js:13068:41)
      at renderRootSync (node_modules/react-test-renderer/cjs/react-test-renderer.development.js:13049:11)
      at performWorkOnRoot (node_modules/react-test-renderer/cjs/react-test-renderer.development.js:12181:11)
      at performWorkOnRootViaSchedulerTask (node_modules/react-test-renderer/cjs/react-test-renderer.development.js:2908:7)
      at flushActQueue (node_modules/react/cjs/react.development.js:590:34)
      at Object.<anonymous>.process.env.NODE_ENV.exports.act (node_modules/react/cjs/react.development.js:884:10)
      at act (__tests__/BudgetScreens.test.tsx:180:27)
      at asyncGeneratorStep (node_modules/@babel/runtime/helpers/asyncToGenerator.js:3:17)
      at _next (node_modules/@babel/runtime/helpers/asyncToGenerator.js:17:9)
      at node_modules/@babel/runtime/helpers/asyncToGenerator.js:22:7
      at node_modules/@babel/runtime/helpers/asyncToGenerator.js:14:12
      at apply (__tests__/BudgetScreens.test.tsx:173:11)
      at Object.type (__tests__/BudgetScreens.test.tsx:524:11)
      at asyncGeneratorStep (node_modules/@babel/runtime/helpers/asyncToGenerator.js:3:17)
      at _next (node_modules/@babel/runtime/helpers/asyncToGenerator.js:17:9)

    console.error
      Encountered two children with the same key, `subscripciones`. Keys should be unique so that components maintain their identity across updates. Non-unique keys may cause children to be duplicated and/or omitted — the behavior is unsupported and could change in a future version.

      244 |   }
      245 |
    > 246 |   await ReactTestRenderer.act(() => {
          |                           ^
      247 |     target.props.onPress();
      248 |   });
      249 |   await ReactTestRenderer.act(async () => {});

      at node_modules/react-test-renderer/cjs/react-test-renderer.development.js:3716:23
      at runWithFiberInDEV (node_modules/react-test-renderer/cjs/react-test-renderer.development.js:2315:13)
      at warnOnInvalidKey (node_modules/react-test-renderer/cjs/react-test-renderer.development.js:3715:13)
      at reconcileChildrenArray (node_modules/react-test-renderer/cjs/react-test-renderer.development.js:3757:23)
      at reconcileChildFibersImpl (node_modules/react-test-renderer/cjs/react-test-renderer.development.js:4097:30)
      at node_modules/react-test-renderer/cjs/react-test-renderer.development.js:4202:33
      at reconcileChildren (node_modules/react-test-renderer/cjs/react-test-renderer.development.js:6685:13)
      at beginWork (node_modules/react-test-renderer/cjs/react-test-renderer.development.js:8620:13)
      at runWithFiberInDEV (node_modules/react-test-renderer/cjs/react-test-renderer.development.js:2315:13)
      at performUnitOfWork (node_modules/react-test-renderer/cjs/react-test-renderer.development.js:13224:22)
      at workLoopSync (node_modules/react-test-renderer/cjs/react-test-renderer.development.js:13068:41)
      at renderRootSync (node_modules/react-test-renderer/cjs/react-test-renderer.development.js:13049:11)
      at performWorkOnRoot (node_modules/react-test-renderer/cjs/react-test-renderer.development.js:12181:11)
      at performWorkOnRootViaSchedulerTask (node_modules/react-test-renderer/cjs/react-test-renderer.development.js:2908:7)
      at flushActQueue (node_modules/react/cjs/react.development.js:590:34)
      at Object.<anonymous>.process.env.NODE_ENV.exports.act (node_modules/react/cjs/react.development.js:884:10)
      at act (__tests__/BudgetScreens.test.tsx:246:27)
      at asyncGeneratorStep (node_modules/@babel/runtime/helpers/asyncToGenerator.js:3:17)
      at _next (node_modules/@babel/runtime/helpers/asyncToGenerator.js:17:9)
      at node_modules/@babel/runtime/helpers/asyncToGenerator.js:22:7
      at node_modules/@babel/runtime/helpers/asyncToGenerator.js:14:12
      at apply (__tests__/BudgetScreens.test.tsx:239:12)
      at Object.press (__tests__/BudgetScreens.test.tsx:530:11)
      at asyncGeneratorStep (node_modules/@babel/runtime/helpers/asyncToGenerator.js:3:17)
      at _next (node_modules/@babel/runtime/helpers/asyncToGenerator.js:17:9)

    console.error
      Encountered two children with the same key, `subscripciones`. Keys should be unique so that components maintain their identity across updates. Non-unique keys may cause children to be duplicated and/or omitted — the behavior is unsupported and could change in a future version.

      244 |   }
      245 |
    > 246 |   await ReactTestRenderer.act(() => {
          |                           ^
      247 |     target.props.onPress();
      248 |   });
      249 |   await ReactTestRenderer.act(async () => {});

      at node_modules/react-test-renderer/cjs/react-test-renderer.development.js:3716:23
      at runWithFiberInDEV (node_modules/react-test-renderer/cjs/react-test-renderer.development.js:2315:13)
      at warnOnInvalidKey (node_modules/react-test-renderer/cjs/react-test-renderer.development.js:3715:13)
      at reconcileChildrenArray (node_modules/react-test-renderer/cjs/react-test-renderer.development.js:3757:23)
      at reconcileChildFibersImpl (node_modules/react-test-renderer/cjs/react-test-renderer.development.js:4097:30)
      at node_modules/react-test-renderer/cjs/react-test-renderer.development.js:4202:33
      at reconcileChildren (node_modules/react-test-renderer/cjs/react-test-renderer.development.js:6685:13)
      at beginWork (node_modules/react-test-renderer/cjs/react-test-renderer.development.js:8620:13)
      at runWithFiberInDEV (node_modules/react-test-renderer/cjs/react-test-renderer.development.js:2315:13)
      at performUnitOfWork (node_modules/react-test-renderer/cjs/react-test-renderer.development.js:13224:22)
      at workLoopSync (node_modules/react-test-renderer/cjs/react-test-renderer.development.js:13068:41)
      at renderRootSync (node_modules/react-test-renderer/cjs/react-test-renderer.development.js:13049:11)
      at performWorkOnRoot (node_modules/react-test-renderer/cjs/react-test-renderer.development.js:12181:11)
      at performWorkOnRootViaSchedulerTask (node_modules/react-test-renderer/cjs/react-test-renderer.development.js:2908:7)
      at flushActQueue (node_modules/react/cjs/react.development.js:590:34)
      at Object.<anonymous>.process.env.NODE_ENV.exports.act (node_modules/react/cjs/react.development.js:884:10)
      at act (__tests__/BudgetScreens.test.tsx:246:27)
      at asyncGeneratorStep (node_modules/@babel/runtime/helpers/asyncToGenerator.js:3:17)
      at _next (node_modules/@babel/runtime/helpers/asyncToGenerator.js:17:9)
      at node_modules/@babel/runtime/helpers/asyncToGenerator.js:22:7
      at node_modules/@babel/runtime/helpers/asyncToGenerator.js:14:12
      at apply (__tests__/BudgetScreens.test.tsx:239:12)
      at Object.press (__tests__/BudgetScreens.test.tsx:531:11)
      at asyncGeneratorStep (node_modules/@babel/runtime/helpers/asyncToGenerator.js:3:17)
      at _next (node_modules/@babel/runtime/helpers/asyncToGenerator.js:17:9)

    console.error
      An update to EditBudgetsScreen inside a test was not wrapped in act(...).
      
      When testing, code that causes React state updates should be wrapped into act(...):
      
      act(() => {
        /* fire events that update state */
      });
      /* assert on the output */
      
      This ensures that you're testing the behavior the user would see in the browser. Learn more at https://react.dev/link/wrap-tests-with-act

      119 |   useEffect(() => {
      120 |     void listSystemCategories().then(result => {
    > 121 |       if (result.ok) setSystemCatalog(result.data.filter(item => item.active));
          |                      ^
      122 |     });
      123 |     void getCurrentBudget().then(result => {
      124 |       if (result.ok) setRecurrence(result.data.recurrence);

      at node_modules/react-test-renderer/cjs/react-test-renderer.development.js:14402:19
      at runWithFiberInDEV (node_modules/react-test-renderer/cjs/react-test-renderer.development.js:2315:13)
      at warnIfUpdatesNotWrappedWithActDEV (node_modules/react-test-renderer/cjs/react-test-renderer.development.js:14401:9)
      at scheduleUpdateOnFiber (node_modules/react-test-renderer/cjs/react-test-renderer.development.js:12086:9)
      at dispatchSetStateInternal (node_modules/react-test-renderer/cjs/react-test-renderer.development.js:6208:13)
      at dispatchSetState (node_modules/react-test-renderer/cjs/react-test-renderer.development.js:6165:7)
      at setSystemCatalog (src/features/expenses/screens/EditBudgetsScreen.tsx:121:22)

    console.error
      An update to EditBudgetsScreen inside a test was not wrapped in act(...).
      
      When testing, code that causes React state updates should be wrapped into act(...):
      
      act(() => {
        /* fire events that update state */
      });
      /* assert on the output */
      
      This ensures that you're testing the behavior the user would see in the browser. Learn more at https://react.dev/link/wrap-tests-with-act

      122 |     });
      123 |     void getCurrentBudget().then(result => {
    > 124 |       if (result.ok) setRecurrence(result.data.recurrence);
          |                      ^
      125 |     });
      126 |   }, []);
      127 |

      at node_modules/react-test-renderer/cjs/react-test-renderer.development.js:14402:19
      at runWithFiberInDEV (node_modules/react-test-renderer/cjs/react-test-renderer.development.js:2315:13)
      at warnIfUpdatesNotWrappedWithActDEV (node_modules/react-test-renderer/cjs/react-test-renderer.development.js:14401:9)
      at scheduleUpdateOnFiber (node_modules/react-test-renderer/cjs/react-test-renderer.development.js:12086:9)
      at dispatchSetStateInternal (node_modules/react-test-renderer/cjs/react-test-renderer.development.js:6208:13)
      at dispatchSetState (node_modules/react-test-renderer/cjs/react-test-renderer.development.js:6165:7)
      at setRecurrence (src/features/expenses/screens/EditBudgetsScreen.tsx:124:22)

    console.error
      An update to EditBudgetsScreen inside a test was not wrapped in act(...).
      
      When testing, code that causes React state updates should be wrapped into act(...):
      
      act(() => {
        /* fire events that update state */
      });
      /* assert on the output */
      
      This ensures that you're testing the behavior the user would see in the browser. Learn more at https://react.dev/link/wrap-tests-with-act

      119 |   useEffect(() => {
      120 |     void listSystemCategories().then(result => {
    > 121 |       if (result.ok) setSystemCatalog(result.data.filter(item => item.active));
          |                      ^
      122 |     });
      123 |     void getCurrentBudget().then(result => {
      124 |       if (result.ok) setRecurrence(result.data.recurrence);

      at node_modules/react-test-renderer/cjs/react-test-renderer.development.js:14402:19
      at runWithFiberInDEV (node_modules/react-test-renderer/cjs/react-test-renderer.development.js:2315:13)
      at warnIfUpdatesNotWrappedWithActDEV (node_modules/react-test-renderer/cjs/react-test-renderer.development.js:14401:9)
      at scheduleUpdateOnFiber (node_modules/react-test-renderer/cjs/react-test-renderer.development.js:12086:9)
      at dispatchSetStateInternal (node_modules/react-test-renderer/cjs/react-test-renderer.development.js:6208:13)
      at dispatchSetState (node_modules/react-test-renderer/cjs/react-test-renderer.development.js:6165:7)
      at setSystemCatalog (src/features/expenses/screens/EditBudgetsScreen.tsx:121:22)

    console.error
      An update to EditBudgetsScreen inside a test was not wrapped in act(...).
      
      When testing, code that causes React state updates should be wrapped into act(...):
      
      act(() => {
        /* fire events that update state */
      });
      /* assert on the output */
      
      This ensures that you're testing the behavior the user would see in the browser. Learn more at https://react.dev/link/wrap-tests-with-act

      122 |     });
      123 |     void getCurrentBudget().then(result => {
    > 124 |       if (result.ok) setRecurrence(result.data.recurrence);
          |                      ^
      125 |     });
      126 |   }, []);
      127 |

      at node_modules/react-test-renderer/cjs/react-test-renderer.development.js:14402:19
      at runWithFiberInDEV (node_modules/react-test-renderer/cjs/react-test-renderer.development.js:2315:13)
      at warnIfUpdatesNotWrappedWithActDEV (node_modules/react-test-renderer/cjs/react-test-renderer.development.js:14401:9)
      at scheduleUpdateOnFiber (node_modules/react-test-renderer/cjs/react-test-renderer.development.js:12086:9)
      at dispatchSetStateInternal (node_modules/react-test-renderer/cjs/react-test-renderer.development.js:6208:13)
      at dispatchSetState (node_modules/react-test-renderer/cjs/react-test-renderer.development.js:6165:7)
      at setRecurrence (src/features/expenses/screens/EditBudgetsScreen.tsx:124:22)

    console.error
      Encountered two children with the same key, `subscripciones`. Keys should be unique so that components maintain their identity across updates. Non-unique keys may cause children to be duplicated and/or omitted — the behavior is unsupported and could change in a future version.

      244 |   }
      245 |
    > 246 |   await ReactTestRenderer.act(() => {
          |                           ^
      247 |     target.props.onPress();
      248 |   });
      249 |   await ReactTestRenderer.act(async () => {});

      at node_modules/react-test-renderer/cjs/react-test-renderer.development.js:3716:23
      at runWithFiberInDEV (node_modules/react-test-renderer/cjs/react-test-renderer.development.js:2315:13)
      at warnOnInvalidKey (node_modules/react-test-renderer/cjs/react-test-renderer.development.js:3715:13)
      at reconcileChildrenArray (node_modules/react-test-renderer/cjs/react-test-renderer.development.js:3782:31)
      at reconcileChildFibersImpl (node_modules/react-test-renderer/cjs/react-test-renderer.development.js:4097:30)
      at node_modules/react-test-renderer/cjs/react-test-renderer.development.js:4202:33
      at reconcileChildren (node_modules/react-test-renderer/cjs/react-test-renderer.development.js:6684:13)
      at beginWork (node_modules/react-test-renderer/cjs/react-test-renderer.development.js:8620:13)
      at runWithFiberInDEV (node_modules/react-test-renderer/cjs/react-test-renderer.development.js:2315:13)
      at performUnitOfWork (node_modules/react-test-renderer/cjs/react-test-renderer.development.js:13224:22)
      at workLoopSync (node_modules/react-test-renderer/cjs/react-test-renderer.development.js:13068:41)
      at renderRootSync (node_modules/react-test-renderer/cjs/react-test-renderer.development.js:13049:11)
      at performWorkOnRoot (node_modules/react-test-renderer/cjs/react-test-renderer.development.js:12181:11)
      at performWorkOnRootViaSchedulerTask (node_modules/react-test-renderer/cjs/react-test-renderer.development.js:2908:7)
      at flushActQueue (node_modules/react/cjs/react.development.js:590:34)
      at Object.<anonymous>.process.env.NODE_ENV.exports.act (node_modules/react/cjs/react.development.js:884:10)
      at act (__tests__/BudgetScreens.test.tsx:246:27)
      at asyncGeneratorStep (node_modules/@babel/runtime/helpers/asyncToGenerator.js:3:17)
      at _next (node_modules/@babel/runtime/helpers/asyncToGenerator.js:17:9)
      at node_modules/@babel/runtime/helpers/asyncToGenerator.js:22:7
      at node_modules/@babel/runtime/helpers/asyncToGenerator.js:14:12
      at apply (__tests__/BudgetScreens.test.tsx:239:12)
      at press (__tests__/BudgetScreens.test.tsx:193:11)
      at asyncGeneratorStep (node_modules/@babel/runtime/helpers/asyncToGenerator.js:3:17)
      at _next (node_modules/@babel/runtime/helpers/asyncToGenerator.js:17:9)
      at node_modules/@babel/runtime/helpers/asyncToGenerator.js:22:7
      at node_modules/@babel/runtime/helpers/asyncToGenerator.js:14:12
      at apply (__tests__/BudgetScreens.test.tsx:190:21)
      at openCategories (__tests__/BudgetScreens.test.tsx:203:9)
      at asyncGeneratorStep (node_modules/@babel/runtime/helpers/asyncToGenerator.js:3:17)
      at _next (node_modules/@babel/runtime/helpers/asyncToGenerator.js:17:9)
      at node_modules/@babel/runtime/helpers/asyncToGenerator.js:22:7
      at node_modules/@babel/runtime/helpers/asyncToGenerator.js:14:12
      at apply (__tests__/BudgetScreens.test.tsx:202:16)
      at Object.editLimit (__tests__/BudgetScreens.test.tsx:561:11)
      at asyncGeneratorStep (node_modules/@babel/runtime/helpers/asyncToGenerator.js:3:17)
      at _next (node_modules/@babel/runtime/helpers/asyncToGenerator.js:17:9)

    console.error
      Encountered two children with the same key, `subscripciones`. Keys should be unique so that components maintain their identity across updates. Non-unique keys may cause children to be duplicated and/or omitted — the behavior is unsupported and could change in a future version.

      244 |   }
      245 |
    > 246 |   await ReactTestRenderer.act(() => {
          |                           ^
      247 |     target.props.onPress();
      248 |   });
      249 |   await ReactTestRenderer.act(async () => {});

      at node_modules/react-test-renderer/cjs/react-test-renderer.development.js:3716:23
      at runWithFiberInDEV (node_modules/react-test-renderer/cjs/react-test-renderer.development.js:2315:13)
      at warnOnInvalidKey (node_modules/react-test-renderer/cjs/react-test-renderer.development.js:3715:13)
      at reconcileChildrenArray (node_modules/react-test-renderer/cjs/react-test-renderer.development.js:3757:23)
      at reconcileChildFibersImpl (node_modules/react-test-renderer/cjs/react-test-renderer.development.js:4097:30)
      at node_modules/react-test-renderer/cjs/react-test-renderer.development.js:4202:33
      at reconcileChildren (node_modules/react-test-renderer/cjs/react-test-renderer.development.js:6685:13)
      at beginWork (node_modules/react-test-renderer/cjs/react-test-renderer.development.js:8620:13)
      at runWithFiberInDEV (node_modules/react-test-renderer/cjs/react-test-renderer.development.js:2315:13)
      at performUnitOfWork (node_modules/react-test-renderer/cjs/react-test-renderer.development.js:13224:22)
      at workLoopSync (node_modules/react-test-renderer/cjs/react-test-renderer.development.js:13068:41)
      at renderRootSync (node_modules/react-test-renderer/cjs/react-test-renderer.development.js:13049:11)
      at performWorkOnRoot (node_modules/react-test-renderer/cjs/react-test-renderer.development.js:12181:11)
      at performWorkOnRootViaSchedulerTask (node_modules/react-test-renderer/cjs/react-test-renderer.development.js:2908:7)
      at flushActQueue (node_modules/react/cjs/react.development.js:590:34)
      at Object.<anonymous>.process.env.NODE_ENV.exports.act (node_modules/react/cjs/react.development.js:884:10)
      at act (__tests__/BudgetScreens.test.tsx:246:27)
      at asyncGeneratorStep (node_modules/@babel/runtime/helpers/asyncToGenerator.js:3:17)
      at _next (node_modules/@babel/runtime/helpers/asyncToGenerator.js:17:9)
      at node_modules/@babel/runtime/helpers/asyncToGenerator.js:22:7
      at node_modules/@babel/runtime/helpers/asyncToGenerator.js:14:12
      at apply (__tests__/BudgetScreens.test.tsx:239:12)
      at press (__tests__/BudgetScreens.test.tsx:278:11)
      at asyncGeneratorStep (node_modules/@babel/runtime/helpers/asyncToGenerator.js:3:17)
      at _next (node_modules/@babel/runtime/helpers/asyncToGenerator.js:17:9)
      at node_modules/@babel/runtime/helpers/asyncToGenerator.js:22:7
      at node_modules/@babel/runtime/helpers/asyncToGenerator.js:14:12
      at apply (__tests__/BudgetScreens.test.tsx:275:21)
      at toggleCategory (__tests__/BudgetScreens.test.tsx:206:11)
      at asyncGeneratorStep (node_modules/@babel/runtime/helpers/asyncToGenerator.js:3:17)
      at _next (node_modules/@babel/runtime/helpers/asyncToGenerator.js:17:9)

    console.error
      Encountered two children with the same key, `subscripciones`. Keys should be unique so that components maintain their identity across updates. Non-unique keys may cause children to be duplicated and/or omitted — the behavior is unsupported and could change in a future version.

      244 |   }
      245 |
    > 246 |   await ReactTestRenderer.act(() => {
          |                           ^
      247 |     target.props.onPress();
      248 |   });
      249 |   await ReactTestRenderer.act(async () => {});

      at node_modules/react-test-renderer/cjs/react-test-renderer.development.js:3716:23
      at runWithFiberInDEV (node_modules/react-test-renderer/cjs/react-test-renderer.development.js:2315:13)
      at warnOnInvalidKey (node_modules/react-test-renderer/cjs/react-test-renderer.development.js:3715:13)
      at reconcileChildrenArray (node_modules/react-test-renderer/cjs/react-test-renderer.development.js:3757:23)
      at reconcileChildFibersImpl (node_modules/react-test-renderer/cjs/react-test-renderer.development.js:4097:30)
      at node_modules/react-test-renderer/cjs/react-test-renderer.development.js:4202:33
      at reconcileChildren (node_modules/react-test-renderer/cjs/react-test-renderer.development.js:6685:13)
      at beginWork (node_modules/react-test-renderer/cjs/react-test-renderer.development.js:8620:13)
      at runWithFiberInDEV (node_modules/react-test-renderer/cjs/react-test-renderer.development.js:2315:13)
      at performUnitOfWork (node_modules/react-test-renderer/cjs/react-test-renderer.development.js:13224:22)
      at workLoopSync (node_modules/react-test-renderer/cjs/react-test-renderer.development.js:13068:41)
      at renderRootSync (node_modules/react-test-renderer/cjs/react-test-renderer.development.js:13049:11)
      at performWorkOnRoot (node_modules/react-test-renderer/cjs/react-test-renderer.development.js:12181:11)
      at performWorkOnRootViaSchedulerTask (node_modules/react-test-renderer/cjs/react-test-renderer.development.js:2908:7)
      at flushActQueue (node_modules/react/cjs/react.development.js:590:34)
      at Object.<anonymous>.process.env.NODE_ENV.exports.act (node_modules/react/cjs/react.development.js:884:10)
      at act (__tests__/BudgetScreens.test.tsx:246:27)
      at asyncGeneratorStep (node_modules/@babel/runtime/helpers/asyncToGenerator.js:3:17)
      at _next (node_modules/@babel/runtime/helpers/asyncToGenerator.js:17:9)
      at node_modules/@babel/runtime/helpers/asyncToGenerator.js:22:7
      at node_modules/@babel/runtime/helpers/asyncToGenerator.js:14:12
      at apply (__tests__/BudgetScreens.test.tsx:239:12)
      at press (__tests__/BudgetScreens.test.tsx:208:9)
      at asyncGeneratorStep (node_modules/@babel/runtime/helpers/asyncToGenerator.js:3:17)
      at _next (node_modules/@babel/runtime/helpers/asyncToGenerator.js:17:9)

    console.error
      Encountered two children with the same key, `subscripciones`. Keys should be unique so that components maintain their identity across updates. Non-unique keys may cause children to be duplicated and/or omitted — the behavior is unsupported and could change in a future version.

      178 |   }
      179 |
    > 180 |   await ReactTestRenderer.act(() => {
          |                           ^
      181 |     field.props.onChangeText(text);
      182 |   });
      183 |   await ReactTestRenderer.act(async () => {});

      at node_modules/react-test-renderer/cjs/react-test-renderer.development.js:3716:23
      at runWithFiberInDEV (node_modules/react-test-renderer/cjs/react-test-renderer.development.js:2315:13)
      at warnOnInvalidKey (node_modules/react-test-renderer/cjs/react-test-renderer.development.js:3715:13)
      at reconcileChildrenArray (node_modules/react-test-renderer/cjs/react-test-renderer.development.js:3757:23)
      at reconcileChildFibersImpl (node_modules/react-test-renderer/cjs/react-test-renderer.development.js:4097:30)
      at node_modules/react-test-renderer/cjs/react-test-renderer.development.js:4202:33
      at reconcileChildren (node_modules/react-test-renderer/cjs/react-test-renderer.development.js:6685:13)
      at beginWork (node_modules/react-test-renderer/cjs/react-test-renderer.development.js:8620:13)
      at runWithFiberInDEV (node_modules/react-test-renderer/cjs/react-test-renderer.development.js:2315:13)
      at performUnitOfWork (node_modules/react-test-renderer/cjs/react-test-renderer.development.js:13224:22)
      at workLoopSync (node_modules/react-test-renderer/cjs/react-test-renderer.development.js:13068:41)
      at renderRootSync (node_modules/react-test-renderer/cjs/react-test-renderer.development.js:13049:11)
      at performWorkOnRoot (node_modules/react-test-renderer/cjs/react-test-renderer.development.js:12181:11)
      at performWorkOnRootViaSchedulerTask (node_modules/react-test-renderer/cjs/react-test-renderer.development.js:2908:7)
      at flushActQueue (node_modules/react/cjs/react.development.js:590:34)
      at Object.<anonymous>.process.env.NODE_ENV.exports.act (node_modules/react/cjs/react.development.js:884:10)
      at act (__tests__/BudgetScreens.test.tsx:180:27)
      at asyncGeneratorStep (node_modules/@babel/runtime/helpers/asyncToGenerator.js:3:17)
      at _next (node_modules/@babel/runtime/helpers/asyncToGenerator.js:17:9)
      at node_modules/@babel/runtime/helpers/asyncToGenerator.js:22:7
      at node_modules/@babel/runtime/helpers/asyncToGenerator.js:14:12
      at apply (__tests__/BudgetScreens.test.tsx:173:11)
      at Object.type (__tests__/BudgetScreens.test.tsx:562:11)
      at asyncGeneratorStep (node_modules/@babel/runtime/helpers/asyncToGenerator.js:3:17)
      at _next (node_modules/@babel/runtime/helpers/asyncToGenerator.js:17:9)

    console.error
      Encountered two children with the same key, `subscripciones`. Keys should be unique so that components maintain their identity across updates. Non-unique keys may cause children to be duplicated and/or omitted — the behavior is unsupported and could change in a future version.

      231 |   }
      232 |
    > 233 |   await ReactTestRenderer.act(() => {
          |                           ^
      234 |     button.props.onPress();
      235 |   });
      236 |   await ReactTestRenderer.act(async () => {});

      at node_modules/react-test-renderer/cjs/react-test-renderer.development.js:3716:23
      at runWithFiberInDEV (node_modules/react-test-renderer/cjs/react-test-renderer.development.js:2315:13)
      at warnOnInvalidKey (node_modules/react-test-renderer/cjs/react-test-renderer.development.js:3715:13)
      at reconcileChildrenArray (node_modules/react-test-renderer/cjs/react-test-renderer.development.js:3757:23)
      at reconcileChildFibersImpl (node_modules/react-test-renderer/cjs/react-test-renderer.development.js:4097:30)
      at node_modules/react-test-renderer/cjs/react-test-renderer.development.js:4202:33
      at reconcileChildren (node_modules/react-test-renderer/cjs/react-test-renderer.development.js:6685:13)
      at beginWork (node_modules/react-test-renderer/cjs/react-test-renderer.development.js:8620:13)
      at runWithFiberInDEV (node_modules/react-test-renderer/cjs/react-test-renderer.development.js:2315:13)
      at performUnitOfWork (node_modules/react-test-renderer/cjs/react-test-renderer.development.js:13224:22)
      at workLoopSync (node_modules/react-test-renderer/cjs/react-test-renderer.development.js:13068:41)
      at renderRootSync (node_modules/react-test-renderer/cjs/react-test-renderer.development.js:13049:11)
      at performWorkOnRoot (node_modules/react-test-renderer/cjs/react-test-renderer.development.js:12181:11)
      at performWorkOnRootViaSchedulerTask (node_modules/react-test-renderer/cjs/react-test-renderer.development.js:2908:7)
      at flushActQueue (node_modules/react/cjs/react.development.js:590:34)
      at Object.<anonymous>.process.env.NODE_ENV.exports.act (node_modules/react/cjs/react.development.js:884:10)
      at act (__tests__/BudgetScreens.test.tsx:233:27)
      at asyncGeneratorStep (node_modules/@babel/runtime/helpers/asyncToGenerator.js:3:17)
      at _next (node_modules/@babel/runtime/helpers/asyncToGenerator.js:17:9)
      at node_modules/@babel/runtime/helpers/asyncToGenerator.js:22:7
      at node_modules/@babel/runtime/helpers/asyncToGenerator.js:14:12
      at apply (__tests__/BudgetScreens.test.tsx:212:16)
      at Object.pressText (__tests__/BudgetScreens.test.tsx:563:11)
      at asyncGeneratorStep (node_modules/@babel/runtime/helpers/asyncToGenerator.js:3:17)
      at _next (node_modules/@babel/runtime/helpers/asyncToGenerator.js:17:9)

    console.error
      An update to EditBudgetsScreen inside a test was not wrapped in act(...).
      
      When testing, code that causes React state updates should be wrapped into act(...):
      
      act(() => {
        /* fire events that update state */
      });
      /* assert on the output */
      
      This ensures that you're testing the behavior the user would see in the browser. Learn more at https://react.dev/link/wrap-tests-with-act

      119 |   useEffect(() => {
      120 |     void listSystemCategories().then(result => {
    > 121 |       if (result.ok) setSystemCatalog(result.data.filter(item => item.active));
          |                      ^
      122 |     });
      123 |     void getCurrentBudget().then(result => {
      124 |       if (result.ok) setRecurrence(result.data.recurrence);

      at node_modules/react-test-renderer/cjs/react-test-renderer.development.js:14402:19
      at runWithFiberInDEV (node_modules/react-test-renderer/cjs/react-test-renderer.development.js:2315:13)
      at warnIfUpdatesNotWrappedWithActDEV (node_modules/react-test-renderer/cjs/react-test-renderer.development.js:14401:9)
      at scheduleUpdateOnFiber (node_modules/react-test-renderer/cjs/react-test-renderer.development.js:12086:9)
      at dispatchSetStateInternal (node_modules/react-test-renderer/cjs/react-test-renderer.development.js:6208:13)
      at dispatchSetState (node_modules/react-test-renderer/cjs/react-test-renderer.development.js:6165:7)
      at setSystemCatalog (src/features/expenses/screens/EditBudgetsScreen.tsx:121:22)

    console.error
      An update to EditBudgetsScreen inside a test was not wrapped in act(...).
      
      When testing, code that causes React state updates should be wrapped into act(...):
      
      act(() => {
        /* fire events that update state */
      });
      /* assert on the output */
      
      This ensures that you're testing the behavior the user would see in the browser. Learn more at https://react.dev/link/wrap-tests-with-act

      122 |     });
      123 |     void getCurrentBudget().then(result => {
    > 124 |       if (result.ok) setRecurrence(result.data.recurrence);
          |                      ^
      125 |     });
      126 |   }, []);
      127 |

      at node_modules/react-test-renderer/cjs/react-test-renderer.development.js:14402:19
      at runWithFiberInDEV (node_modules/react-test-renderer/cjs/react-test-renderer.development.js:2315:13)
      at warnIfUpdatesNotWrappedWithActDEV (node_modules/react-test-renderer/cjs/react-test-renderer.development.js:14401:9)
      at scheduleUpdateOnFiber (node_modules/react-test-renderer/cjs/react-test-renderer.development.js:12086:9)
      at dispatchSetStateInternal (node_modules/react-test-renderer/cjs/react-test-renderer.development.js:6208:13)
      at dispatchSetState (node_modules/react-test-renderer/cjs/react-test-renderer.development.js:6165:7)
      at setRecurrence (src/features/expenses/screens/EditBudgetsScreen.tsx:124:22)

    console.error
      An update to EditBudgetsScreen inside a test was not wrapped in act(...).
      
      When testing, code that causes React state updates should be wrapped into act(...):
      
      act(() => {
        /* fire events that update state */
      });
      /* assert on the output */
      
      This ensures that you're testing the behavior the user would see in the browser. Learn more at https://react.dev/link/wrap-tests-with-act

      119 |   useEffect(() => {
      120 |     void listSystemCategories().then(result => {
    > 121 |       if (result.ok) setSystemCatalog(result.data.filter(item => item.active));
          |                      ^
      122 |     });
      123 |     void getCurrentBudget().then(result => {
      124 |       if (result.ok) setRecurrence(result.data.recurrence);

      at node_modules/react-test-renderer/cjs/react-test-renderer.development.js:14402:19
      at runWithFiberInDEV (node_modules/react-test-renderer/cjs/react-test-renderer.development.js:2315:13)
      at warnIfUpdatesNotWrappedWithActDEV (node_modules/react-test-renderer/cjs/react-test-renderer.development.js:14401:9)
      at scheduleUpdateOnFiber (node_modules/react-test-renderer/cjs/react-test-renderer.development.js:12086:9)
      at dispatchSetStateInternal (node_modules/react-test-renderer/cjs/react-test-renderer.development.js:6208:13)
      at dispatchSetState (node_modules/react-test-renderer/cjs/react-test-renderer.development.js:6165:7)
      at setSystemCatalog (src/features/expenses/screens/EditBudgetsScreen.tsx:121:22)

    console.error
      An update to EditBudgetsScreen inside a test was not wrapped in act(...).
      
      When testing, code that causes React state updates should be wrapped into act(...):
      
      act(() => {
        /* fire events that update state */
      });
      /* assert on the output */
      
      This ensures that you're testing the behavior the user would see in the browser. Learn more at https://react.dev/link/wrap-tests-with-act

      122 |     });
      123 |     void getCurrentBudget().then(result => {
    > 124 |       if (result.ok) setRecurrence(result.data.recurrence);
          |                      ^
      125 |     });
      126 |   }, []);
      127 |

      at node_modules/react-test-renderer/cjs/react-test-renderer.development.js:14402:19
      at runWithFiberInDEV (node_modules/react-test-renderer/cjs/react-test-renderer.development.js:2315:13)
      at warnIfUpdatesNotWrappedWithActDEV (node_modules/react-test-renderer/cjs/react-test-renderer.development.js:14401:9)
      at scheduleUpdateOnFiber (node_modules/react-test-renderer/cjs/react-test-renderer.development.js:12086:9)
      at dispatchSetStateInternal (node_modules/react-test-renderer/cjs/react-test-renderer.development.js:6208:13)
      at dispatchSetState (node_modules/react-test-renderer/cjs/react-test-renderer.development.js:6165:7)
      at setRecurrence (src/features/expenses/screens/EditBudgetsScreen.tsx:124:22)

    console.error
      Encountered two children with the same key, `subscripciones`. Keys should be unique so that components maintain their identity across updates. Non-unique keys may cause children to be duplicated and/or omitted — the behavior is unsupported and could change in a future version.

      244 |   }
      245 |
    > 246 |   await ReactTestRenderer.act(() => {
          |                           ^
      247 |     target.props.onPress();
      248 |   });
      249 |   await ReactTestRenderer.act(async () => {});

      at node_modules/react-test-renderer/cjs/react-test-renderer.development.js:3716:23
      at runWithFiberInDEV (node_modules/react-test-renderer/cjs/react-test-renderer.development.js:2315:13)
      at warnOnInvalidKey (node_modules/react-test-renderer/cjs/react-test-renderer.development.js:3715:13)
      at reconcileChildrenArray (node_modules/react-test-renderer/cjs/react-test-renderer.development.js:3782:31)
      at reconcileChildFibersImpl (node_modules/react-test-renderer/cjs/react-test-renderer.development.js:4097:30)
      at node_modules/react-test-renderer/cjs/react-test-renderer.development.js:4202:33
      at reconcileChildren (node_modules/react-test-renderer/cjs/react-test-renderer.development.js:6684:13)
      at beginWork (node_modules/react-test-renderer/cjs/react-test-renderer.development.js:8620:13)
      at runWithFiberInDEV (node_modules/react-test-renderer/cjs/react-test-renderer.development.js:2315:13)
      at performUnitOfWork (node_modules/react-test-renderer/cjs/react-test-renderer.development.js:13224:22)
      at workLoopSync (node_modules/react-test-renderer/cjs/react-test-renderer.development.js:13068:41)
      at renderRootSync (node_modules/react-test-renderer/cjs/react-test-renderer.development.js:13049:11)
      at performWorkOnRoot (node_modules/react-test-renderer/cjs/react-test-renderer.development.js:12181:11)
      at performWorkOnRootViaSchedulerTask (node_modules/react-test-renderer/cjs/react-test-renderer.development.js:2908:7)
      at flushActQueue (node_modules/react/cjs/react.development.js:590:34)
      at Object.<anonymous>.process.env.NODE_ENV.exports.act (node_modules/react/cjs/react.development.js:884:10)
      at act (__tests__/BudgetScreens.test.tsx:246:27)
      at asyncGeneratorStep (node_modules/@babel/runtime/helpers/asyncToGenerator.js:3:17)
      at _next (node_modules/@babel/runtime/helpers/asyncToGenerator.js:17:9)
      at node_modules/@babel/runtime/helpers/asyncToGenerator.js:22:7
      at node_modules/@babel/runtime/helpers/asyncToGenerator.js:14:12
      at apply (__tests__/BudgetScreens.test.tsx:239:12)
      at press (__tests__/BudgetScreens.test.tsx:193:11)
      at asyncGeneratorStep (node_modules/@babel/runtime/helpers/asyncToGenerator.js:3:17)
      at _next (node_modules/@babel/runtime/helpers/asyncToGenerator.js:17:9)
      at node_modules/@babel/runtime/helpers/asyncToGenerator.js:22:7
      at node_modules/@babel/runtime/helpers/asyncToGenerator.js:14:12
      at apply (__tests__/BudgetScreens.test.tsx:190:21)
      at Object.openCategories (__tests__/BudgetScreens.test.tsx:594:11)
      at asyncGeneratorStep (node_modules/@babel/runtime/helpers/asyncToGenerator.js:3:17)
      at _next (node_modules/@babel/runtime/helpers/asyncToGenerator.js:17:9)

    console.error
      Encountered two children with the same key, `subscripciones`. Keys should be unique so that components maintain their identity across updates. Non-unique keys may cause children to be duplicated and/or omitted — the behavior is unsupported and could change in a future version.

      244 |   }
      245 |
    > 246 |   await ReactTestRenderer.act(() => {
          |                           ^
      247 |     target.props.onPress();
      248 |   });
      249 |   await ReactTestRenderer.act(async () => {});

      at node_modules/react-test-renderer/cjs/react-test-renderer.development.js:3716:23
      at runWithFiberInDEV (node_modules/react-test-renderer/cjs/react-test-renderer.development.js:2315:13)
      at warnOnInvalidKey (node_modules/react-test-renderer/cjs/react-test-renderer.development.js:3715:13)
      at reconcileChildrenArray (node_modules/react-test-renderer/cjs/react-test-renderer.development.js:3757:23)
      at reconcileChildFibersImpl (node_modules/react-test-renderer/cjs/react-test-renderer.development.js:4097:30)
      at node_modules/react-test-renderer/cjs/react-test-renderer.development.js:4202:33
      at reconcileChildren (node_modules/react-test-renderer/cjs/react-test-renderer.development.js:6685:13)
      at beginWork (node_modules/react-test-renderer/cjs/react-test-renderer.development.js:8620:13)
      at runWithFiberInDEV (node_modules/react-test-renderer/cjs/react-test-renderer.development.js:2315:13)
      at performUnitOfWork (node_modules/react-test-renderer/cjs/react-test-renderer.development.js:13224:22)
      at workLoopSync (node_modules/react-test-renderer/cjs/react-test-renderer.development.js:13068:41)
      at renderRootSync (node_modules/react-test-renderer/cjs/react-test-renderer.development.js:13049:11)
      at performWorkOnRoot (node_modules/react-test-renderer/cjs/react-test-renderer.development.js:12181:11)
      at performWorkOnRootViaSchedulerTask (node_modules/react-test-renderer/cjs/react-test-renderer.development.js:2908:7)
      at flushActQueue (node_modules/react/cjs/react.development.js:590:34)
      at Object.<anonymous>.process.env.NODE_ENV.exports.act (node_modules/react/cjs/react.development.js:884:10)
      at act (__tests__/BudgetScreens.test.tsx:246:27)
      at asyncGeneratorStep (node_modules/@babel/runtime/helpers/asyncToGenerator.js:3:17)
      at _next (node_modules/@babel/runtime/helpers/asyncToGenerator.js:17:9)
      at node_modules/@babel/runtime/helpers/asyncToGenerator.js:22:7
      at node_modules/@babel/runtime/helpers/asyncToGenerator.js:14:12
      at apply (__tests__/BudgetScreens.test.tsx:239:12)
      at press (__tests__/BudgetScreens.test.tsx:278:11)
      at asyncGeneratorStep (node_modules/@babel/runtime/helpers/asyncToGenerator.js:3:17)
      at _next (node_modules/@babel/runtime/helpers/asyncToGenerator.js:17:9)
      at node_modules/@babel/runtime/helpers/asyncToGenerator.js:22:7
      at node_modules/@babel/runtime/helpers/asyncToGenerator.js:14:12
      at apply (__tests__/BudgetScreens.test.tsx:275:21)
      at Object.toggleCategory (__tests__/BudgetScreens.test.tsx:595:11)
      at asyncGeneratorStep (node_modules/@babel/runtime/helpers/asyncToGenerator.js:3:17)
      at _next (node_modules/@babel/runtime/helpers/asyncToGenerator.js:17:9)

    console.error
      Encountered two children with the same key, `subscripciones`. Keys should be unique so that components maintain their identity across updates. Non-unique keys may cause children to be duplicated and/or omitted — the behavior is unsupported and could change in a future version.

      244 |   }
      245 |
    > 246 |   await ReactTestRenderer.act(() => {
          |                           ^
      247 |     target.props.onPress();
      248 |   });
      249 |   await ReactTestRenderer.act(async () => {});

      at node_modules/react-test-renderer/cjs/react-test-renderer.development.js:3716:23
      at runWithFiberInDEV (node_modules/react-test-renderer/cjs/react-test-renderer.development.js:2315:13)
      at warnOnInvalidKey (node_modules/react-test-renderer/cjs/react-test-renderer.development.js:3715:13)
      at reconcileChildrenArray (node_modules/react-test-renderer/cjs/react-test-renderer.development.js:3757:23)
      at reconcileChildFibersImpl (node_modules/react-test-renderer/cjs/react-test-renderer.development.js:4097:30)
      at node_modules/react-test-renderer/cjs/react-test-renderer.development.js:4202:33
      at reconcileChildren (node_modules/react-test-renderer/cjs/react-test-renderer.development.js:6685:13)
      at beginWork (node_modules/react-test-renderer/cjs/react-test-renderer.development.js:8620:13)
      at runWithFiberInDEV (node_modules/react-test-renderer/cjs/react-test-renderer.development.js:2315:13)
      at performUnitOfWork (node_modules/react-test-renderer/cjs/react-test-renderer.development.js:13224:22)
      at workLoopSync (node_modules/react-test-renderer/cjs/react-test-renderer.development.js:13068:41)
      at renderRootSync (node_modules/react-test-renderer/cjs/react-test-renderer.development.js:13049:11)
      at performWorkOnRoot (node_modules/react-test-renderer/cjs/react-test-renderer.development.js:12181:11)
      at performWorkOnRootViaSchedulerTask (node_modules/react-test-renderer/cjs/react-test-renderer.development.js:2908:7)
      at flushActQueue (node_modules/react/cjs/react.development.js:590:34)
      at Object.<anonymous>.process.env.NODE_ENV.exports.act (node_modules/react/cjs/react.development.js:884:10)
      at act (__tests__/BudgetScreens.test.tsx:246:27)
      at asyncGeneratorStep (node_modules/@babel/runtime/helpers/asyncToGenerator.js:3:17)
      at _next (node_modules/@babel/runtime/helpers/asyncToGenerator.js:17:9)
      at node_modules/@babel/runtime/helpers/asyncToGenerator.js:22:7
      at node_modules/@babel/runtime/helpers/asyncToGenerator.js:14:12
      at apply (__tests__/BudgetScreens.test.tsx:239:12)
      at Object.press (__tests__/BudgetScreens.test.tsx:599:11)
      at asyncGeneratorStep (node_modules/@babel/runtime/helpers/asyncToGenerator.js:3:17)
      at _next (node_modules/@babel/runtime/helpers/asyncToGenerator.js:17:9)

    console.error
      An update to EditBudgetsScreen inside a test was not wrapped in act(...).
      
      When testing, code that causes React state updates should be wrapped into act(...):
      
      act(() => {
        /* fire events that update state */
      });
      /* assert on the output */
      
      This ensures that you're testing the behavior the user would see in the browser. Learn more at https://react.dev/link/wrap-tests-with-act

      119 |   useEffect(() => {
      120 |     void listSystemCategories().then(result => {
    > 121 |       if (result.ok) setSystemCatalog(result.data.filter(item => item.active));
          |                      ^
      122 |     });
      123 |     void getCurrentBudget().then(result => {
      124 |       if (result.ok) setRecurrence(result.data.recurrence);

      at node_modules/react-test-renderer/cjs/react-test-renderer.development.js:14402:19
      at runWithFiberInDEV (node_modules/react-test-renderer/cjs/react-test-renderer.development.js:2315:13)
      at warnIfUpdatesNotWrappedWithActDEV (node_modules/react-test-renderer/cjs/react-test-renderer.development.js:14401:9)
      at scheduleUpdateOnFiber (node_modules/react-test-renderer/cjs/react-test-renderer.development.js:12086:9)
      at dispatchSetStateInternal (node_modules/react-test-renderer/cjs/react-test-renderer.development.js:6208:13)
      at dispatchSetState (node_modules/react-test-renderer/cjs/react-test-renderer.development.js:6165:7)
      at setSystemCatalog (src/features/expenses/screens/EditBudgetsScreen.tsx:121:22)

    console.error
      An update to EditBudgetsScreen inside a test was not wrapped in act(...).
      
      When testing, code that causes React state updates should be wrapped into act(...):
      
      act(() => {
        /* fire events that update state */
      });
      /* assert on the output */
      
      This ensures that you're testing the behavior the user would see in the browser. Learn more at https://react.dev/link/wrap-tests-with-act

      122 |     });
      123 |     void getCurrentBudget().then(result => {
    > 124 |       if (result.ok) setRecurrence(result.data.recurrence);
          |                      ^
      125 |     });
      126 |   }, []);
      127 |

      at node_modules/react-test-renderer/cjs/react-test-renderer.development.js:14402:19
      at runWithFiberInDEV (node_modules/react-test-renderer/cjs/react-test-renderer.development.js:2315:13)
      at warnIfUpdatesNotWrappedWithActDEV (node_modules/react-test-renderer/cjs/react-test-renderer.development.js:14401:9)
      at scheduleUpdateOnFiber (node_modules/react-test-renderer/cjs/react-test-renderer.development.js:12086:9)
      at dispatchSetStateInternal (node_modules/react-test-renderer/cjs/react-test-renderer.development.js:6208:13)
      at dispatchSetState (node_modules/react-test-renderer/cjs/react-test-renderer.development.js:6165:7)
      at setRecurrence (src/features/expenses/screens/EditBudgetsScreen.tsx:124:22)

    console.error
      Encountered two children with the same key, `subscripciones`. Keys should be unique so that components maintain their identity across updates. Non-unique keys may cause children to be duplicated and/or omitted — the behavior is unsupported and could change in a future version.

      244 |   }
      245 |
    > 246 |   await ReactTestRenderer.act(() => {
          |                           ^
      247 |     target.props.onPress();
      248 |   });
      249 |   await ReactTestRenderer.act(async () => {});

      at node_modules/react-test-renderer/cjs/react-test-renderer.development.js:3716:23
      at runWithFiberInDEV (node_modules/react-test-renderer/cjs/react-test-renderer.development.js:2315:13)
      at warnOnInvalidKey (node_modules/react-test-renderer/cjs/react-test-renderer.development.js:3715:13)
      at reconcileChildrenArray (node_modules/react-test-renderer/cjs/react-test-renderer.development.js:3782:31)
      at reconcileChildFibersImpl (node_modules/react-test-renderer/cjs/react-test-renderer.development.js:4097:30)
      at node_modules/react-test-renderer/cjs/react-test-renderer.development.js:4202:33
      at reconcileChildren (node_modules/react-test-renderer/cjs/react-test-renderer.development.js:6684:13)
      at beginWork (node_modules/react-test-renderer/cjs/react-test-renderer.development.js:8620:13)
      at runWithFiberInDEV (node_modules/react-test-renderer/cjs/react-test-renderer.development.js:2315:13)
      at performUnitOfWork (node_modules/react-test-renderer/cjs/react-test-renderer.development.js:13224:22)
      at workLoopSync (node_modules/react-test-renderer/cjs/react-test-renderer.development.js:13068:41)
      at renderRootSync (node_modules/react-test-renderer/cjs/react-test-renderer.development.js:13049:11)
      at performWorkOnRoot (node_modules/react-test-renderer/cjs/react-test-renderer.development.js:12181:11)
      at performWorkOnRootViaSchedulerTask (node_modules/react-test-renderer/cjs/react-test-renderer.development.js:2908:7)
      at flushActQueue (node_modules/react/cjs/react.development.js:590:34)
      at Object.<anonymous>.process.env.NODE_ENV.exports.act (node_modules/react/cjs/react.development.js:884:10)
      at act (__tests__/BudgetScreens.test.tsx:246:27)
      at asyncGeneratorStep (node_modules/@babel/runtime/helpers/asyncToGenerator.js:3:17)
      at _next (node_modules/@babel/runtime/helpers/asyncToGenerator.js:17:9)
      at node_modules/@babel/runtime/helpers/asyncToGenerator.js:22:7
      at node_modules/@babel/runtime/helpers/asyncToGenerator.js:14:12
      at apply (__tests__/BudgetScreens.test.tsx:239:12)
      at Object.press (__tests__/BudgetScreens.test.tsx:612:11)
      at asyncGeneratorStep (node_modules/@babel/runtime/helpers/asyncToGenerator.js:3:17)
      at _next (node_modules/@babel/runtime/helpers/asyncToGenerator.js:17:9)

    console.error
      An update to EditBudgetsScreen inside a test was not wrapped in act(...).
      
      When testing, code that causes React state updates should be wrapped into act(...):
      
      act(() => {
        /* fire events that update state */
      });
      /* assert on the output */
      
      This ensures that you're testing the behavior the user would see in the browser. Learn more at https://react.dev/link/wrap-tests-with-act

      119 |   useEffect(() => {
      120 |     void listSystemCategories().then(result => {
    > 121 |       if (result.ok) setSystemCatalog(result.data.filter(item => item.active));
          |                      ^
      122 |     });
      123 |     void getCurrentBudget().then(result => {
      124 |       if (result.ok) setRecurrence(result.data.recurrence);

      at node_modules/react-test-renderer/cjs/react-test-renderer.development.js:14402:19
      at runWithFiberInDEV (node_modules/react-test-renderer/cjs/react-test-renderer.development.js:2315:13)
      at warnIfUpdatesNotWrappedWithActDEV (node_modules/react-test-renderer/cjs/react-test-renderer.development.js:14401:9)
      at scheduleUpdateOnFiber (node_modules/react-test-renderer/cjs/react-test-renderer.development.js:12086:9)
      at dispatchSetStateInternal (node_modules/react-test-renderer/cjs/react-test-renderer.development.js:6208:13)
      at dispatchSetState (node_modules/react-test-renderer/cjs/react-test-renderer.development.js:6165:7)
      at setSystemCatalog (src/features/expenses/screens/EditBudgetsScreen.tsx:121:22)

    console.error
      An update to EditBudgetsScreen inside a test was not wrapped in act(...).
      
      When testing, code that causes React state updates should be wrapped into act(...):
      
      act(() => {
        /* fire events that update state */
      });
      /* assert on the output */
      
      This ensures that you're testing the behavior the user would see in the browser. Learn more at https://react.dev/link/wrap-tests-with-act

      122 |     });
      123 |     void getCurrentBudget().then(result => {
    > 124 |       if (result.ok) setRecurrence(result.data.recurrence);
          |                      ^
      125 |     });
      126 |   }, []);
      127 |

      at node_modules/react-test-renderer/cjs/react-test-renderer.development.js:14402:19
      at runWithFiberInDEV (node_modules/react-test-renderer/cjs/react-test-renderer.development.js:2315:13)
      at warnIfUpdatesNotWrappedWithActDEV (node_modules/react-test-renderer/cjs/react-test-renderer.development.js:14401:9)
      at scheduleUpdateOnFiber (node_modules/react-test-renderer/cjs/react-test-renderer.development.js:12086:9)
      at dispatchSetStateInternal (node_modules/react-test-renderer/cjs/react-test-renderer.development.js:6208:13)
      at dispatchSetState (node_modules/react-test-renderer/cjs/react-test-renderer.development.js:6165:7)
      at setRecurrence (src/features/expenses/screens/EditBudgetsScreen.tsx:124:22)

    console.error
      Encountered two children with the same key, `subscripciones`. Keys should be unique so that components maintain their identity across updates. Non-unique keys may cause children to be duplicated and/or omitted — the behavior is unsupported and could change in a future version.

      244 |   }
      245 |
    > 246 |   await ReactTestRenderer.act(() => {
          |                           ^
      247 |     target.props.onPress();
      248 |   });
      249 |   await ReactTestRenderer.act(async () => {});

      at node_modules/react-test-renderer/cjs/react-test-renderer.development.js:3716:23
      at runWithFiberInDEV (node_modules/react-test-renderer/cjs/react-test-renderer.development.js:2315:13)
      at warnOnInvalidKey (node_modules/react-test-renderer/cjs/react-test-renderer.development.js:3715:13)
      at reconcileChildrenArray (node_modules/react-test-renderer/cjs/react-test-renderer.development.js:3782:31)
      at reconcileChildFibersImpl (node_modules/react-test-renderer/cjs/react-test-renderer.development.js:4097:30)
      at node_modules/react-test-renderer/cjs/react-test-renderer.development.js:4202:33
      at reconcileChildren (node_modules/react-test-renderer/cjs/react-test-renderer.development.js:6684:13)
      at beginWork (node_modules/react-test-renderer/cjs/react-test-renderer.development.js:8620:13)
      at runWithFiberInDEV (node_modules/react-test-renderer/cjs/react-test-renderer.development.js:2315:13)
      at performUnitOfWork (node_modules/react-test-renderer/cjs/react-test-renderer.development.js:13224:22)
      at workLoopSync (node_modules/react-test-renderer/cjs/react-test-renderer.development.js:13068:41)
      at renderRootSync (node_modules/react-test-renderer/cjs/react-test-renderer.development.js:13049:11)
      at performWorkOnRoot (node_modules/react-test-renderer/cjs/react-test-renderer.development.js:12181:11)
      at performWorkOnRootViaSchedulerTask (node_modules/react-test-renderer/cjs/react-test-renderer.development.js:2908:7)
      at flushActQueue (node_modules/react/cjs/react.development.js:590:34)
      at Object.<anonymous>.process.env.NODE_ENV.exports.act (node_modules/react/cjs/react.development.js:884:10)
      at act (__tests__/BudgetScreens.test.tsx:246:27)
      at asyncGeneratorStep (node_modules/@babel/runtime/helpers/asyncToGenerator.js:3:17)
      at _next (node_modules/@babel/runtime/helpers/asyncToGenerator.js:17:9)
      at node_modules/@babel/runtime/helpers/asyncToGenerator.js:22:7
      at node_modules/@babel/runtime/helpers/asyncToGenerator.js:14:12
      at apply (__tests__/BudgetScreens.test.tsx:239:12)
      at press (__tests__/BudgetScreens.test.tsx:193:11)
      at asyncGeneratorStep (node_modules/@babel/runtime/helpers/asyncToGenerator.js:3:17)
      at _next (node_modules/@babel/runtime/helpers/asyncToGenerator.js:17:9)
      at node_modules/@babel/runtime/helpers/asyncToGenerator.js:22:7
      at node_modules/@babel/runtime/helpers/asyncToGenerator.js:14:12
      at apply (__tests__/BudgetScreens.test.tsx:190:21)
      at Object.openCategories (__tests__/BudgetScreens.test.tsx:630:11)
      at asyncGeneratorStep (node_modules/@babel/runtime/helpers/asyncToGenerator.js:3:17)
      at _next (node_modules/@babel/runtime/helpers/asyncToGenerator.js:17:9)

PASS __tests__/cards.test.ts
PASS __tests__/customCategories.test.ts
  ● Console

    console.warn
      [customCategories] no se pudieron leer: SyntaxError: Expected property name or '}' in JSON at position 1 (line 1 column 2)
          at JSON.parse (<anonymous>)
          at parse (/Users/macmalona/Desktop/Proyecto/paktay/Paktay/packtay_mobile_front/src/features/expenses/customCategories.ts:328:46)
          at Generator.next (<anonymous>)
          at asyncGeneratorStep (/Users/macmalona/Desktop/Proyecto/paktay/Paktay/packtay_mobile_front/node_modules/@babel/runtime/helpers/asyncToGenerator.js:3:17)
          at _next (/Users/macmalona/Desktop/Proyecto/paktay/Paktay/packtay_mobile_front/node_modules/@babel/runtime/helpers/asyncToGenerator.js:17:9)
          at processTicksAndRejections (node:internal/process/task_queues:104:5)

      328 |     return raw === null ? [] : sanitize(JSON.parse(raw));
      329 |   } catch (error) {
    > 330 |     console.warn('[customCategories] no se pudieron leer:', error);
          |             ^
      331 |     return [];
      332 |   }
      333 | };

      at warn (src/features/expenses/customCategories.ts:330:13)
      at asyncGeneratorStep (node_modules/@babel/runtime/helpers/asyncToGenerator.js:3:17)
      at _next (node_modules/@babel/runtime/helpers/asyncToGenerator.js:17:9)

PASS __tests__/CategoryScreens.test.tsx (7.342 s)
  ● Console

    console.warn
      [auth] Keychain no está enlazado en este binario; usando almacenamiento local hasta recompilar iOS.

      47 |   if (warnedMissingKeychain) return;
      48 |   warnedMissingKeychain = true;
    > 49 |   console.warn(
         |           ^
      50 |     '[auth] Keychain no está enlazado en este binario; usando almacenamiento local hasta recompilar iOS.',
      51 |   );
      52 | };

      at warn (src/features/auth/tokens.ts:49:11)
      at warnMissingKeychain (src/features/auth/tokens.ts:107:31)
      at asyncGeneratorStep (node_modules/@babel/runtime/helpers/asyncToGenerator.js:3:17)
      at _next (node_modules/@babel/runtime/helpers/asyncToGenerator.js:17:9)
      at node_modules/@babel/runtime/helpers/asyncToGenerator.js:22:7
      at node_modules/@babel/runtime/helpers/asyncToGenerator.js:14:12
      at apply (src/features/auth/tokens.ts:95:24)
      at src/features/expenses/expenseApi.ts:142:35
      at asyncGeneratorStep (node_modules/@babel/runtime/helpers/asyncToGenerator.js:3:17)
      at _next (node_modules/@babel/runtime/helpers/asyncToGenerator.js:17:9)
      at node_modules/@babel/runtime/helpers/asyncToGenerator.js:22:7
      at node_modules/@babel/runtime/helpers/asyncToGenerator.js:14:12
      at apply (src/features/expenses/expenseApi.ts:138:21)
      at src/features/expenses/merchantRules.ts:186:33
      at asyncGeneratorStep (node_modules/@babel/runtime/helpers/asyncToGenerator.js:3:17)
      at _next (node_modules/@babel/runtime/helpers/asyncToGenerator.js:17:9)
      at node_modules/@babel/runtime/helpers/asyncToGenerator.js:22:7
      at node_modules/@babel/runtime/helpers/asyncToGenerator.js:14:12

PASS __tests__/Dia7Screens.test.tsx
  ● Console

    console.error
      An update to ProPlanScreen inside a test was not wrapped in act(...).
      
      When testing, code that causes React state updates should be wrapped into act(...):
      
      act(() => {
        /* fire events that update state */
      });
      /* assert on the output */
      
      This ensures that you're testing the behavior the user would see in the browser. Learn more at https://react.dev/link/wrap-tests-with-act

      81 |         const stored = await AsyncStorage.getItem(PRO_WAITLIST_KEY);
      82 |         if (isMounted.current && stored !== null) {
    > 83 |           setIsOnWaitlist(true);
         |           ^
      84 |         }
      85 |       } catch {
      86 |         // Sin disco se vuelve a ofrecer el botón: no pasa nada por pulsarlo dos veces.

      at node_modules/react-test-renderer/cjs/react-test-renderer.development.js:14402:19
      at runWithFiberInDEV (node_modules/react-test-renderer/cjs/react-test-renderer.development.js:2315:13)
      at warnIfUpdatesNotWrappedWithActDEV (node_modules/react-test-renderer/cjs/react-test-renderer.development.js:14401:9)
      at scheduleUpdateOnFiber (node_modules/react-test-renderer/cjs/react-test-renderer.development.js:12086:9)
      at dispatchSetStateInternal (node_modules/react-test-renderer/cjs/react-test-renderer.development.js:6208:13)
      at dispatchSetState (node_modules/react-test-renderer/cjs/react-test-renderer.development.js:6165:7)
      at setIsOnWaitlist (src/features/profile/screens/ProPlanScreen.tsx:83:11)
      at asyncGeneratorStep (node_modules/@babel/runtime/helpers/asyncToGenerator.js:3:17)
      at _next (node_modules/@babel/runtime/helpers/asyncToGenerator.js:17:9)

    console.error
      An update to AlertsScreen inside a test was not wrapped in act(...).
      
      When testing, code that causes React state updates should be wrapped into act(...):
      
      act(() => {
        /* fire events that update state */
      });
      /* assert on the output */
      
      This ensures that you're testing the behavior the user would see in the browser. Learn more at https://react.dev/link/wrap-tests-with-act

      89 |       const next = await getNotificationPermission();
      90 |       if (isMounted.current) {
    > 91 |         setStatus(next);
         |         ^
      92 |       }
      93 |     } catch {
      94 |       if (isMounted.current) {

      at node_modules/react-test-renderer/cjs/react-test-renderer.development.js:14402:19
      at runWithFiberInDEV (node_modules/react-test-renderer/cjs/react-test-renderer.development.js:2315:13)
      at warnIfUpdatesNotWrappedWithActDEV (node_modules/react-test-renderer/cjs/react-test-renderer.development.js:14401:9)
      at scheduleUpdateOnFiber (node_modules/react-test-renderer/cjs/react-test-renderer.development.js:12086:9)
      at dispatchSetStateInternal (node_modules/react-test-renderer/cjs/react-test-renderer.development.js:6208:13)
      at dispatchSetState (node_modules/react-test-renderer/cjs/react-test-renderer.development.js:6165:7)
      at setStatus (src/features/profile/screens/AlertsScreen.tsx:91:9)
      at asyncGeneratorStep (node_modules/@babel/runtime/helpers/asyncToGenerator.js:3:17)
      at _next (node_modules/@babel/runtime/helpers/asyncToGenerator.js:17:9)

    console.error
      An update to AlertsScreen inside a test was not wrapped in act(...).
      
      When testing, code that causes React state updates should be wrapped into act(...):
      
      act(() => {
        /* fire events that update state */
      });
      /* assert on the output */
      
      This ensures that you're testing the behavior the user would see in the browser. Learn more at https://react.dev/link/wrap-tests-with-act

      89 |       const next = await getNotificationPermission();
      90 |       if (isMounted.current) {
    > 91 |         setStatus(next);
         |         ^
      92 |       }
      93 |     } catch {
      94 |       if (isMounted.current) {

      at node_modules/react-test-renderer/cjs/react-test-renderer.development.js:14402:19
      at runWithFiberInDEV (node_modules/react-test-renderer/cjs/react-test-renderer.development.js:2315:13)
      at warnIfUpdatesNotWrappedWithActDEV (node_modules/react-test-renderer/cjs/react-test-renderer.development.js:14401:9)
      at scheduleUpdateOnFiber (node_modules/react-test-renderer/cjs/react-test-renderer.development.js:12086:9)
      at dispatchSetStateInternal (node_modules/react-test-renderer/cjs/react-test-renderer.development.js:6208:13)
      at dispatchSetState (node_modules/react-test-renderer/cjs/react-test-renderer.development.js:6165:7)
      at setStatus (src/features/profile/screens/AlertsScreen.tsx:91:9)
      at asyncGeneratorStep (node_modules/@babel/runtime/helpers/asyncToGenerator.js:3:17)
      at _next (node_modules/@babel/runtime/helpers/asyncToGenerator.js:17:9)

    console.error
      An update to AlertsScreen inside a test was not wrapped in act(...).
      
      When testing, code that causes React state updates should be wrapped into act(...):
      
      act(() => {
        /* fire events that update state */
      });
      /* assert on the output */
      
      This ensures that you're testing the behavior the user would see in the browser. Learn more at https://react.dev/link/wrap-tests-with-act

      89 |       const next = await getNotificationPermission();
      90 |       if (isMounted.current) {
    > 91 |         setStatus(next);
         |         ^
      92 |       }
      93 |     } catch {
      94 |       if (isMounted.current) {

      at node_modules/react-test-renderer/cjs/react-test-renderer.development.js:14402:19
      at runWithFiberInDEV (node_modules/react-test-renderer/cjs/react-test-renderer.development.js:2315:13)
      at warnIfUpdatesNotWrappedWithActDEV (node_modules/react-test-renderer/cjs/react-test-renderer.development.js:14401:9)
      at scheduleUpdateOnFiber (node_modules/react-test-renderer/cjs/react-test-renderer.development.js:12086:9)
      at dispatchSetStateInternal (node_modules/react-test-renderer/cjs/react-test-renderer.development.js:6208:13)
      at dispatchSetState (node_modules/react-test-renderer/cjs/react-test-renderer.development.js:6165:7)
      at setStatus (src/features/profile/screens/AlertsScreen.tsx:91:9)
      at asyncGeneratorStep (node_modules/@babel/runtime/helpers/asyncToGenerator.js:3:17)
      at _next (node_modules/@babel/runtime/helpers/asyncToGenerator.js:17:9)

    console.error
      An update to EditBudgetsScreen inside a test was not wrapped in act(...).
      
      When testing, code that causes React state updates should be wrapped into act(...):
      
      act(() => {
        /* fire events that update state */
      });
      /* assert on the output */
      
      This ensures that you're testing the behavior the user would see in the browser. Learn more at https://react.dev/link/wrap-tests-with-act

      119 |   useEffect(() => {
      120 |     void listSystemCategories().then(result => {
    > 121 |       if (result.ok) setSystemCatalog(result.data.filter(item => item.active));
          |                      ^
      122 |     });
      123 |     void getCurrentBudget().then(result => {
      124 |       if (result.ok) setRecurrence(result.data.recurrence);

      at node_modules/react-test-renderer/cjs/react-test-renderer.development.js:14402:19
      at runWithFiberInDEV (node_modules/react-test-renderer/cjs/react-test-renderer.development.js:2315:13)
      at warnIfUpdatesNotWrappedWithActDEV (node_modules/react-test-renderer/cjs/react-test-renderer.development.js:14401:9)
      at scheduleUpdateOnFiber (node_modules/react-test-renderer/cjs/react-test-renderer.development.js:12086:9)
      at dispatchSetStateInternal (node_modules/react-test-renderer/cjs/react-test-renderer.development.js:6208:13)
      at dispatchSetState (node_modules/react-test-renderer/cjs/react-test-renderer.development.js:6165:7)
      at setSystemCatalog (src/features/expenses/screens/EditBudgetsScreen.tsx:121:22)

    console.error
      An update to EditBudgetsScreen inside a test was not wrapped in act(...).
      
      When testing, code that causes React state updates should be wrapped into act(...):
      
      act(() => {
        /* fire events that update state */
      });
      /* assert on the output */
      
      This ensures that you're testing the behavior the user would see in the browser. Learn more at https://react.dev/link/wrap-tests-with-act

      122 |     });
      123 |     void getCurrentBudget().then(result => {
    > 124 |       if (result.ok) setRecurrence(result.data.recurrence);
          |                      ^
      125 |     });
      126 |   }, []);
      127 |

      at node_modules/react-test-renderer/cjs/react-test-renderer.development.js:14402:19
      at runWithFiberInDEV (node_modules/react-test-renderer/cjs/react-test-renderer.development.js:2315:13)
      at warnIfUpdatesNotWrappedWithActDEV (node_modules/react-test-renderer/cjs/react-test-renderer.development.js:14401:9)
      at scheduleUpdateOnFiber (node_modules/react-test-renderer/cjs/react-test-renderer.development.js:12086:9)
      at dispatchSetStateInternal (node_modules/react-test-renderer/cjs/react-test-renderer.development.js:6208:13)
      at dispatchSetState (node_modules/react-test-renderer/cjs/react-test-renderer.development.js:6165:7)
      at setRecurrence (src/features/expenses/screens/EditBudgetsScreen.tsx:124:22)

    console.error
      Encountered two children with the same key, `subscripciones`. Keys should be unique so that components maintain their identity across updates. Non-unique keys may cause children to be duplicated and/or omitted — the behavior is unsupported and could change in a future version.

      at node_modules/react-test-renderer/cjs/react-test-renderer.development.js:3716:23
      at runWithFiberInDEV (node_modules/react-test-renderer/cjs/react-test-renderer.development.js:2315:13)
      at warnOnInvalidKey (node_modules/react-test-renderer/cjs/react-test-renderer.development.js:3715:13)
      at reconcileChildrenArray (node_modules/react-test-renderer/cjs/react-test-renderer.development.js:3782:31)
      at reconcileChildFibersImpl (node_modules/react-test-renderer/cjs/react-test-renderer.development.js:4097:30)
      at node_modules/react-test-renderer/cjs/react-test-renderer.development.js:4202:33
      at reconcileChildren (node_modules/react-test-renderer/cjs/react-test-renderer.development.js:6684:13)
      at beginWork (node_modules/react-test-renderer/cjs/react-test-renderer.development.js:8620:13)
      at runWithFiberInDEV (node_modules/react-test-renderer/cjs/react-test-renderer.development.js:2315:13)
      at performUnitOfWork (node_modules/react-test-renderer/cjs/react-test-renderer.development.js:13224:22)
      at workLoopSync (node_modules/react-test-renderer/cjs/react-test-renderer.development.js:13068:41)
      at renderRootSync (node_modules/react-test-renderer/cjs/react-test-renderer.development.js:13049:11)
      at performWorkOnRoot (node_modules/react-test-renderer/cjs/react-test-renderer.development.js:12181:11)
      at performWorkOnRootViaSchedulerTask (node_modules/react-test-renderer/cjs/react-test-renderer.development.js:2908:7)
      at flushActQueue (node_modules/react/cjs/react.development.js:590:34)
      at node_modules/react/cjs/react.development.js:847:21

    console.error
      Encountered two children with the same key, `subscripciones`. Keys should be unique so that components maintain their identity across updates. Non-unique keys may cause children to be duplicated and/or omitted — the behavior is unsupported and could change in a future version.

      at node_modules/react-test-renderer/cjs/react-test-renderer.development.js:3716:23
      at runWithFiberInDEV (node_modules/react-test-renderer/cjs/react-test-renderer.development.js:2315:13)
      at warnOnInvalidKey (node_modules/react-test-renderer/cjs/react-test-renderer.development.js:3715:13)
      at reconcileChildrenArray (node_modules/react-test-renderer/cjs/react-test-renderer.development.js:3757:23)
      at reconcileChildFibersImpl (node_modules/react-test-renderer/cjs/react-test-renderer.development.js:4097:30)
      at node_modules/react-test-renderer/cjs/react-test-renderer.development.js:4202:33
      at reconcileChildren (node_modules/react-test-renderer/cjs/react-test-renderer.development.js:6685:13)
      at beginWork (node_modules/react-test-renderer/cjs/react-test-renderer.development.js:8620:13)
      at runWithFiberInDEV (node_modules/react-test-renderer/cjs/react-test-renderer.development.js:2315:13)
      at performUnitOfWork (node_modules/react-test-renderer/cjs/react-test-renderer.development.js:13224:22)
      at workLoopSync (node_modules/react-test-renderer/cjs/react-test-renderer.development.js:13068:41)
      at renderRootSync (node_modules/react-test-renderer/cjs/react-test-renderer.development.js:13049:11)
      at performWorkOnRoot (node_modules/react-test-renderer/cjs/react-test-renderer.development.js:12181:11)
      at performWorkOnRootViaSchedulerTask (node_modules/react-test-renderer/cjs/react-test-renderer.development.js:2908:7)
      at flushActQueue (node_modules/react/cjs/react.development.js:590:34)
      at node_modules/react/cjs/react.development.js:847:21

    console.error
      Encountered two children with the same key, `subscripciones`. Keys should be unique so that components maintain their identity across updates. Non-unique keys may cause children to be duplicated and/or omitted — the behavior is unsupported and could change in a future version.

      at node_modules/react-test-renderer/cjs/react-test-renderer.development.js:3716:23
      at runWithFiberInDEV (node_modules/react-test-renderer/cjs/react-test-renderer.development.js:2315:13)
      at warnOnInvalidKey (node_modules/react-test-renderer/cjs/react-test-renderer.development.js:3715:13)
      at reconcileChildrenArray (node_modules/react-test-renderer/cjs/react-test-renderer.development.js:3757:23)
      at reconcileChildFibersImpl (node_modules/react-test-renderer/cjs/react-test-renderer.development.js:4097:30)
      at node_modules/react-test-renderer/cjs/react-test-renderer.development.js:4202:33
      at reconcileChildren (node_modules/react-test-renderer/cjs/react-test-renderer.development.js:6685:13)
      at beginWork (node_modules/react-test-renderer/cjs/react-test-renderer.development.js:8620:13)
      at runWithFiberInDEV (node_modules/react-test-renderer/cjs/react-test-renderer.development.js:2315:13)
      at performUnitOfWork (node_modules/react-test-renderer/cjs/react-test-renderer.development.js:13224:22)
      at workLoopSync (node_modules/react-test-renderer/cjs/react-test-renderer.development.js:13068:41)
      at renderRootSync (node_modules/react-test-renderer/cjs/react-test-renderer.development.js:13049:11)
      at performWorkOnRoot (node_modules/react-test-renderer/cjs/react-test-renderer.development.js:12181:11)
      at performWorkOnRootViaSchedulerTask (node_modules/react-test-renderer/cjs/react-test-renderer.development.js:2908:7)
      at flushActQueue (node_modules/react/cjs/react.development.js:590:34)
      at node_modules/react/cjs/react.development.js:847:21

    console.error
      Encountered two children with the same key, `subscripciones`. Keys should be unique so that components maintain their identity across updates. Non-unique keys may cause children to be duplicated and/or omitted — the behavior is unsupported and could change in a future version.

      at node_modules/react-test-renderer/cjs/react-test-renderer.development.js:3716:23
      at runWithFiberInDEV (node_modules/react-test-renderer/cjs/react-test-renderer.development.js:2315:13)
      at warnOnInvalidKey (node_modules/react-test-renderer/cjs/react-test-renderer.development.js:3715:13)
      at reconcileChildrenArray (node_modules/react-test-renderer/cjs/react-test-renderer.development.js:3757:23)
      at reconcileChildFibersImpl (node_modules/react-test-renderer/cjs/react-test-renderer.development.js:4097:30)
      at node_modules/react-test-renderer/cjs/react-test-renderer.development.js:4202:33
      at reconcileChildren (node_modules/react-test-renderer/cjs/react-test-renderer.development.js:6685:13)
      at beginWork (node_modules/react-test-renderer/cjs/react-test-renderer.development.js:8620:13)
      at runWithFiberInDEV (node_modules/react-test-renderer/cjs/react-test-renderer.development.js:2315:13)
      at performUnitOfWork (node_modules/react-test-renderer/cjs/react-test-renderer.development.js:13224:22)
      at workLoopSync (node_modules/react-test-renderer/cjs/react-test-renderer.development.js:13068:41)
      at renderRootSync (node_modules/react-test-renderer/cjs/react-test-renderer.development.js:13049:11)
      at performWorkOnRoot (node_modules/react-test-renderer/cjs/react-test-renderer.development.js:12181:11)
      at performWorkOnRootViaSchedulerTask (node_modules/react-test-renderer/cjs/react-test-renderer.development.js:2908:7)
      at flushActQueue (node_modules/react/cjs/react.development.js:590:34)
      at node_modules/react/cjs/react.development.js:847:21

    console.error
      Encountered two children with the same key, `subscripciones`. Keys should be unique so that components maintain their identity across updates. Non-unique keys may cause children to be duplicated and/or omitted — the behavior is unsupported and could change in a future version.

      at node_modules/react-test-renderer/cjs/react-test-renderer.development.js:3716:23
      at runWithFiberInDEV (node_modules/react-test-renderer/cjs/react-test-renderer.development.js:2315:13)
      at warnOnInvalidKey (node_modules/react-test-renderer/cjs/react-test-renderer.development.js:3715:13)
      at reconcileChildrenArray (node_modules/react-test-renderer/cjs/react-test-renderer.development.js:3757:23)
      at reconcileChildFibersImpl (node_modules/react-test-renderer/cjs/react-test-renderer.development.js:4097:30)
      at node_modules/react-test-renderer/cjs/react-test-renderer.development.js:4202:33
      at reconcileChildren (node_modules/react-test-renderer/cjs/react-test-renderer.development.js:6685:13)
      at beginWork (node_modules/react-test-renderer/cjs/react-test-renderer.development.js:8620:13)
      at runWithFiberInDEV (node_modules/react-test-renderer/cjs/react-test-renderer.development.js:2315:13)
      at performUnitOfWork (node_modules/react-test-renderer/cjs/react-test-renderer.development.js:13224:22)
      at workLoopSync (node_modules/react-test-renderer/cjs/react-test-renderer.development.js:13068:41)
      at renderRootSync (node_modules/react-test-renderer/cjs/react-test-renderer.development.js:13049:11)
      at performWorkOnRoot (node_modules/react-test-renderer/cjs/react-test-renderer.development.js:12181:11)
      at performWorkOnRootViaSchedulerTask (node_modules/react-test-renderer/cjs/react-test-renderer.development.js:2908:7)
      at flushActQueue (node_modules/react/cjs/react.development.js:590:34)
      at node_modules/react/cjs/react.development.js:847:21

    console.error
      Encountered two children with the same key, `subscripciones`. Keys should be unique so that components maintain their identity across updates. Non-unique keys may cause children to be duplicated and/or omitted — the behavior is unsupported and could change in a future version.

      at node_modules/react-test-renderer/cjs/react-test-renderer.development.js:3716:23
      at runWithFiberInDEV (node_modules/react-test-renderer/cjs/react-test-renderer.development.js:2315:13)
      at warnOnInvalidKey (node_modules/react-test-renderer/cjs/react-test-renderer.development.js:3715:13)
      at reconcileChildrenArray (node_modules/react-test-renderer/cjs/react-test-renderer.development.js:3757:23)
      at reconcileChildFibersImpl (node_modules/react-test-renderer/cjs/react-test-renderer.development.js:4097:30)
      at node_modules/react-test-renderer/cjs/react-test-renderer.development.js:4202:33
      at reconcileChildren (node_modules/react-test-renderer/cjs/react-test-renderer.development.js:6685:13)
      at beginWork (node_modules/react-test-renderer/cjs/react-test-renderer.development.js:8620:13)
      at runWithFiberInDEV (node_modules/react-test-renderer/cjs/react-test-renderer.development.js:2315:13)
      at performUnitOfWork (node_modules/react-test-renderer/cjs/react-test-renderer.development.js:13224:22)
      at workLoopSync (node_modules/react-test-renderer/cjs/react-test-renderer.development.js:13068:41)
      at renderRootSync (node_modules/react-test-renderer/cjs/react-test-renderer.development.js:13049:11)
      at performWorkOnRoot (node_modules/react-test-renderer/cjs/react-test-renderer.development.js:12181:11)
      at performWorkOnRootViaSchedulerTask (node_modules/react-test-renderer/cjs/react-test-renderer.development.js:2908:7)
      at flushActQueue (node_modules/react/cjs/react.development.js:590:34)
      at node_modules/react/cjs/react.development.js:847:21

    console.error
      Encountered two children with the same key, `subscripciones`. Keys should be unique so that components maintain their identity across updates. Non-unique keys may cause children to be duplicated and/or omitted — the behavior is unsupported and could change in a future version.

      at node_modules/react-test-renderer/cjs/react-test-renderer.development.js:3716:23
      at runWithFiberInDEV (node_modules/react-test-renderer/cjs/react-test-renderer.development.js:2315:13)
      at warnOnInvalidKey (node_modules/react-test-renderer/cjs/react-test-renderer.development.js:3715:13)
      at reconcileChildrenArray (node_modules/react-test-renderer/cjs/react-test-renderer.development.js:3757:23)
      at reconcileChildFibersImpl (node_modules/react-test-renderer/cjs/react-test-renderer.development.js:4097:30)
      at node_modules/react-test-renderer/cjs/react-test-renderer.development.js:4202:33
      at reconcileChildren (node_modules/react-test-renderer/cjs/react-test-renderer.development.js:6685:13)
      at beginWork (node_modules/react-test-renderer/cjs/react-test-renderer.development.js:8620:13)
      at runWithFiberInDEV (node_modules/react-test-renderer/cjs/react-test-renderer.development.js:2315:13)
      at performUnitOfWork (node_modules/react-test-renderer/cjs/react-test-renderer.development.js:13224:22)
      at workLoopSync (node_modules/react-test-renderer/cjs/react-test-renderer.development.js:13068:41)
      at renderRootSync (node_modules/react-test-renderer/cjs/react-test-renderer.development.js:13049:11)
      at performWorkOnRoot (node_modules/react-test-renderer/cjs/react-test-renderer.development.js:12181:11)
      at performWorkOnRootViaSchedulerTask (node_modules/react-test-renderer/cjs/react-test-renderer.development.js:2908:7)
      at flushActQueue (node_modules/react/cjs/react.development.js:590:34)
      at node_modules/react/cjs/react.development.js:847:21

    console.error
      An update to EditBudgetsScreen inside a test was not wrapped in act(...).
      
      When testing, code that causes React state updates should be wrapped into act(...):
      
      act(() => {
        /* fire events that update state */
      });
      /* assert on the output */
      
      This ensures that you're testing the behavior the user would see in the browser. Learn more at https://react.dev/link/wrap-tests-with-act

      119 |   useEffect(() => {
      120 |     void listSystemCategories().then(result => {
    > 121 |       if (result.ok) setSystemCatalog(result.data.filter(item => item.active));
          |                      ^
      122 |     });
      123 |     void getCurrentBudget().then(result => {
      124 |       if (result.ok) setRecurrence(result.data.recurrence);

      at node_modules/react-test-renderer/cjs/react-test-renderer.development.js:14402:19
      at runWithFiberInDEV (node_modules/react-test-renderer/cjs/react-test-renderer.development.js:2315:13)
      at warnIfUpdatesNotWrappedWithActDEV (node_modules/react-test-renderer/cjs/react-test-renderer.development.js:14401:9)
      at scheduleUpdateOnFiber (node_modules/react-test-renderer/cjs/react-test-renderer.development.js:12086:9)
      at dispatchSetStateInternal (node_modules/react-test-renderer/cjs/react-test-renderer.development.js:6208:13)
      at dispatchSetState (node_modules/react-test-renderer/cjs/react-test-renderer.development.js:6165:7)
      at setSystemCatalog (src/features/expenses/screens/EditBudgetsScreen.tsx:121:22)

    console.error
      An update to EditBudgetsScreen inside a test was not wrapped in act(...).
      
      When testing, code that causes React state updates should be wrapped into act(...):
      
      act(() => {
        /* fire events that update state */
      });
      /* assert on the output */
      
      This ensures that you're testing the behavior the user would see in the browser. Learn more at https://react.dev/link/wrap-tests-with-act

      122 |     });
      123 |     void getCurrentBudget().then(result => {
    > 124 |       if (result.ok) setRecurrence(result.data.recurrence);
          |                      ^
      125 |     });
      126 |   }, []);
      127 |

      at node_modules/react-test-renderer/cjs/react-test-renderer.development.js:14402:19
      at runWithFiberInDEV (node_modules/react-test-renderer/cjs/react-test-renderer.development.js:2315:13)
      at warnIfUpdatesNotWrappedWithActDEV (node_modules/react-test-renderer/cjs/react-test-renderer.development.js:14401:9)
      at scheduleUpdateOnFiber (node_modules/react-test-renderer/cjs/react-test-renderer.development.js:12086:9)
      at dispatchSetStateInternal (node_modules/react-test-renderer/cjs/react-test-renderer.development.js:6208:13)
      at dispatchSetState (node_modules/react-test-renderer/cjs/react-test-renderer.development.js:6165:7)
      at setRecurrence (src/features/expenses/screens/EditBudgetsScreen.tsx:124:22)

    console.error
      Encountered two children with the same key, `subscripciones`. Keys should be unique so that components maintain their identity across updates. Non-unique keys may cause children to be duplicated and/or omitted — the behavior is unsupported and could change in a future version.

      at node_modules/react-test-renderer/cjs/react-test-renderer.development.js:3716:23
      at runWithFiberInDEV (node_modules/react-test-renderer/cjs/react-test-renderer.development.js:2315:13)
      at warnOnInvalidKey (node_modules/react-test-renderer/cjs/react-test-renderer.development.js:3715:13)
      at reconcileChildrenArray (node_modules/react-test-renderer/cjs/react-test-renderer.development.js:3782:31)
      at reconcileChildFibersImpl (node_modules/react-test-renderer/cjs/react-test-renderer.development.js:4097:30)
      at node_modules/react-test-renderer/cjs/react-test-renderer.development.js:4202:33
      at reconcileChildren (node_modules/react-test-renderer/cjs/react-test-renderer.development.js:6684:13)
      at beginWork (node_modules/react-test-renderer/cjs/react-test-renderer.development.js:8620:13)
      at runWithFiberInDEV (node_modules/react-test-renderer/cjs/react-test-renderer.development.js:2315:13)
      at performUnitOfWork (node_modules/react-test-renderer/cjs/react-test-renderer.development.js:13224:22)
      at workLoopSync (node_modules/react-test-renderer/cjs/react-test-renderer.development.js:13068:41)
      at renderRootSync (node_modules/react-test-renderer/cjs/react-test-renderer.development.js:13049:11)
      at performWorkOnRoot (node_modules/react-test-renderer/cjs/react-test-renderer.development.js:12181:11)
      at performWorkOnRootViaSchedulerTask (node_modules/react-test-renderer/cjs/react-test-renderer.development.js:2908:7)
      at flushActQueue (node_modules/react/cjs/react.development.js:590:34)
      at node_modules/react/cjs/react.development.js:847:21

    console.error
      Encountered two children with the same key, `subscripciones`. Keys should be unique so that components maintain their identity across updates. Non-unique keys may cause children to be duplicated and/or omitted — the behavior is unsupported and could change in a future version.

      at node_modules/react-test-renderer/cjs/react-test-renderer.development.js:3716:23
      at runWithFiberInDEV (node_modules/react-test-renderer/cjs/react-test-renderer.development.js:2315:13)
      at warnOnInvalidKey (node_modules/react-test-renderer/cjs/react-test-renderer.development.js:3715:13)
      at reconcileChildrenArray (node_modules/react-test-renderer/cjs/react-test-renderer.development.js:3757:23)
      at reconcileChildFibersImpl (node_modules/react-test-renderer/cjs/react-test-renderer.development.js:4097:30)
      at node_modules/react-test-renderer/cjs/react-test-renderer.development.js:4202:33
      at reconcileChildren (node_modules/react-test-renderer/cjs/react-test-renderer.development.js:6685:13)
      at beginWork (node_modules/react-test-renderer/cjs/react-test-renderer.development.js:8620:13)
      at runWithFiberInDEV (node_modules/react-test-renderer/cjs/react-test-renderer.development.js:2315:13)
      at performUnitOfWork (node_modules/react-test-renderer/cjs/react-test-renderer.development.js:13224:22)
      at workLoopSync (node_modules/react-test-renderer/cjs/react-test-renderer.development.js:13068:41)
      at renderRootSync (node_modules/react-test-renderer/cjs/react-test-renderer.development.js:13049:11)
      at performWorkOnRoot (node_modules/react-test-renderer/cjs/react-test-renderer.development.js:12181:11)
      at performWorkOnRootViaSchedulerTask (node_modules/react-test-renderer/cjs/react-test-renderer.development.js:2908:7)
      at flushActQueue (node_modules/react/cjs/react.development.js:590:34)
      at node_modules/react/cjs/react.development.js:847:21

    console.error
      Encountered two children with the same key, `subscripciones`. Keys should be unique so that components maintain their identity across updates. Non-unique keys may cause children to be duplicated and/or omitted — the behavior is unsupported and could change in a future version.

      at node_modules/react-test-renderer/cjs/react-test-renderer.development.js:3716:23
      at runWithFiberInDEV (node_modules/react-test-renderer/cjs/react-test-renderer.development.js:2315:13)
      at warnOnInvalidKey (node_modules/react-test-renderer/cjs/react-test-renderer.development.js:3715:13)
      at reconcileChildrenArray (node_modules/react-test-renderer/cjs/react-test-renderer.development.js:3757:23)
      at reconcileChildFibersImpl (node_modules/react-test-renderer/cjs/react-test-renderer.development.js:4097:30)
      at node_modules/react-test-renderer/cjs/react-test-renderer.development.js:4202:33
      at reconcileChildren (node_modules/react-test-renderer/cjs/react-test-renderer.development.js:6685:13)
      at beginWork (node_modules/react-test-renderer/cjs/react-test-renderer.development.js:8620:13)
      at runWithFiberInDEV (node_modules/react-test-renderer/cjs/react-test-renderer.development.js:2315:13)
      at performUnitOfWork (node_modules/react-test-renderer/cjs/react-test-renderer.development.js:13224:22)
      at workLoopSync (node_modules/react-test-renderer/cjs/react-test-renderer.development.js:13068:41)
      at renderRootSync (node_modules/react-test-renderer/cjs/react-test-renderer.development.js:13049:11)
      at performWorkOnRoot (node_modules/react-test-renderer/cjs/react-test-renderer.development.js:12181:11)
      at performWorkOnRootViaSchedulerTask (node_modules/react-test-renderer/cjs/react-test-renderer.development.js:2908:7)
      at flushActQueue (node_modules/react/cjs/react.development.js:590:34)
      at node_modules/react/cjs/react.development.js:847:21

    console.error
      Encountered two children with the same key, `subscripciones`. Keys should be unique so that components maintain their identity across updates. Non-unique keys may cause children to be duplicated and/or omitted — the behavior is unsupported and could change in a future version.

      at node_modules/react-test-renderer/cjs/react-test-renderer.development.js:3716:23
      at runWithFiberInDEV (node_modules/react-test-renderer/cjs/react-test-renderer.development.js:2315:13)
      at warnOnInvalidKey (node_modules/react-test-renderer/cjs/react-test-renderer.development.js:3715:13)
      at reconcileChildrenArray (node_modules/react-test-renderer/cjs/react-test-renderer.development.js:3757:23)
      at reconcileChildFibersImpl (node_modules/react-test-renderer/cjs/react-test-renderer.development.js:4097:30)
      at node_modules/react-test-renderer/cjs/react-test-renderer.development.js:4202:33
      at reconcileChildren (node_modules/react-test-renderer/cjs/react-test-renderer.development.js:6685:13)
      at beginWork (node_modules/react-test-renderer/cjs/react-test-renderer.development.js:8620:13)
      at runWithFiberInDEV (node_modules/react-test-renderer/cjs/react-test-renderer.development.js:2315:13)
      at performUnitOfWork (node_modules/react-test-renderer/cjs/react-test-renderer.development.js:13224:22)
      at workLoopSync (node_modules/react-test-renderer/cjs/react-test-renderer.development.js:13068:41)
      at renderRootSync (node_modules/react-test-renderer/cjs/react-test-renderer.development.js:13049:11)
      at performWorkOnRoot (node_modules/react-test-renderer/cjs/react-test-renderer.development.js:12181:11)
      at performWorkOnRootViaSchedulerTask (node_modules/react-test-renderer/cjs/react-test-renderer.development.js:2908:7)
      at flushActQueue (node_modules/react/cjs/react.development.js:590:34)
      at node_modules/react/cjs/react.development.js:847:21

    console.error
      Encountered two children with the same key, `subscripciones`. Keys should be unique so that components maintain their identity across updates. Non-unique keys may cause children to be duplicated and/or omitted — the behavior is unsupported and could change in a future version.

      at node_modules/react-test-renderer/cjs/react-test-renderer.development.js:3716:23
      at runWithFiberInDEV (node_modules/react-test-renderer/cjs/react-test-renderer.development.js:2315:13)
      at warnOnInvalidKey (node_modules/react-test-renderer/cjs/react-test-renderer.development.js:3715:13)
      at reconcileChildrenArray (node_modules/react-test-renderer/cjs/react-test-renderer.development.js:3757:23)
      at reconcileChildFibersImpl (node_modules/react-test-renderer/cjs/react-test-renderer.development.js:4097:30)
      at node_modules/react-test-renderer/cjs/react-test-renderer.development.js:4202:33
      at reconcileChildren (node_modules/react-test-renderer/cjs/react-test-renderer.development.js:6685:13)
      at beginWork (node_modules/react-test-renderer/cjs/react-test-renderer.development.js:8620:13)
      at runWithFiberInDEV (node_modules/react-test-renderer/cjs/react-test-renderer.development.js:2315:13)
      at performUnitOfWork (node_modules/react-test-renderer/cjs/react-test-renderer.development.js:13224:22)
      at workLoopSync (node_modules/react-test-renderer/cjs/react-test-renderer.development.js:13068:41)
      at renderRootSync (node_modules/react-test-renderer/cjs/react-test-renderer.development.js:13049:11)
      at performWorkOnRoot (node_modules/react-test-renderer/cjs/react-test-renderer.development.js:12181:11)
      at performWorkOnRootViaSchedulerTask (node_modules/react-test-renderer/cjs/react-test-renderer.development.js:2908:7)
      at flushActQueue (node_modules/react/cjs/react.development.js:590:34)
      at node_modules/react/cjs/react.development.js:847:21

PASS __tests__/useExpenseLinks.test.tsx
PASS __tests__/confirmDraft.test.ts
PASS __tests__/BankScreens.test.tsx (7.897 s)
  ● Console

    console.warn
      [auth] Keychain no está enlazado en este binario; usando almacenamiento local hasta recompilar iOS.

      47 |   if (warnedMissingKeychain) return;
      48 |   warnedMissingKeychain = true;
    > 49 |   console.warn(
         |           ^
      50 |     '[auth] Keychain no está enlazado en este binario; usando almacenamiento local hasta recompilar iOS.',
      51 |   );
      52 | };

      at warn (src/features/auth/tokens.ts:49:11)
      at warnMissingKeychain (src/features/auth/tokens.ts:144:7)
      at asyncGeneratorStep (node_modules/@babel/runtime/helpers/asyncToGenerator.js:3:17)
      at _next (node_modules/@babel/runtime/helpers/asyncToGenerator.js:17:9)
      at node_modules/@babel/runtime/helpers/asyncToGenerator.js:22:7
      at node_modules/@babel/runtime/helpers/asyncToGenerator.js:14:12
      at apply (src/features/auth/tokens.ts:141:25)
      at Object.<anonymous> (__tests__/BankScreens.test.tsx:453:22)
      at asyncGeneratorStep (node_modules/@babel/runtime/helpers/asyncToGenerator.js:3:17)
      at _next (node_modules/@babel/runtime/helpers/asyncToGenerator.js:17:9)

    console.info
      [http][business] DELETE /api/v1/user/cards/pichincha:mastercard · eliminando tarjeta

      at info (src/features/expenses/userCardsApi.ts:163:13)

    console.info
      [http][business] DELETE /api/v1/user/cards/pichincha:mastercard · completado · status=204

      at info (src/features/expenses/userCardsApi.ts:174:13)

    console.info
      [http][business] DELETE /api/v1/user/cards/pichincha:mastercard · eliminando tarjeta

      at info (src/features/expenses/userCardsApi.ts:163:13)

    console.warn
      [http][business] DELETE /api/v1/user/cards/pichincha:mastercard · error HTTP · status=400

      169 |     if (!response.ok) {
      170 |       const body = await response.json().catch(() => null);
    > 171 |       console.warn(`[http][business] DELETE ${path} · error HTTP · status=${response.status}`);
          |               ^
      172 |       return {ok: false, message: typeof body?.message === 'string' ? body.message : `No pudimos eliminar la tarjeta (HTTP ${response.status}).`};
      173 |     }
      174 |     console.info(`[http][business] DELETE ${path} · completado · status=${response.status}`);

      at warn (src/features/expenses/userCardsApi.ts:171:15)
      at asyncGeneratorStep (node_modules/@babel/runtime/helpers/asyncToGenerator.js:3:17)
      at _next (node_modules/@babel/runtime/helpers/asyncToGenerator.js:17:9)

    console.info
      [http][business] PATCH /api/v1/user/cards/pichincha:mastercard/deactivate · desactivando tarjeta

      at info (src/features/expenses/userCardsApi.ts:58:13)

    console.info
      [http][business] PATCH /api/v1/user/cards/pichincha:mastercard/deactivate · completado · status=200

      at info (src/features/expenses/userCardsApi.ts:69:13)

    console.info
      [http][business] PATCH /api/v1/user/cards/pichincha:mastercard/activate · activando tarjeta

      at info (src/features/expenses/userCardsApi.ts:58:13)

    console.info
      [http][business] PATCH /api/v1/user/cards/pichincha:mastercard/activate · completado · status=200

      at info (src/features/expenses/userCardsApi.ts:69:13)

    console.info
      [http][business] PUT /api/v1/user/cards/pichincha:mastercard/limit · cambiando límite mensual

      at info (src/features/expenses/userCardsApi.ts:200:13)

    console.info
      [http][business] PUT /api/v1/user/cards/pichincha:mastercard/limit · completado · status=200

      at info (src/features/expenses/userCardsApi.ts:212:13)

    console.info
      [http][business] PUT /api/v1/user/cards/pichincha:mastercard/limit · quitando límite mensual

      at info (src/features/expenses/userCardsApi.ts:200:13)

    console.info
      [http][business] PUT /api/v1/user/cards/pichincha:mastercard/limit · completado · status=200

      at info (src/features/expenses/userCardsApi.ts:212:13)

    console.info
      [http][business] PUT /api/v1/user/cards/pichincha:mastercard/limit · cambiando límite mensual

      at info (src/features/expenses/userCardsApi.ts:200:13)

    console.warn
      [http][business] PUT /api/v1/user/cards/pichincha:mastercard/limit · error HTTP · status=400

      207 |     const body = await response.json().catch(() => null);
      208 |     if (!response.ok) {
    > 209 |       console.warn(`[http][business] PUT ${path} · error HTTP · status=${response.status}`);
          |               ^
      210 |       return {ok: false, message: typeof body?.message === 'string' ? body.message : `No pudimos guardar el límite (HTTP ${response.status}).`};
      211 |     }
      212 |     console.info(`[http][business] PUT ${path} · completado · status=${response.status}`);

      at warn (src/features/expenses/userCardsApi.ts:209:15)
      at asyncGeneratorStep (node_modules/@babel/runtime/helpers/asyncToGenerator.js:3:17)
      at _next (node_modules/@babel/runtime/helpers/asyncToGenerator.js:17:9)

    console.info
      [http][business] PUT /api/v1/user/cards/card-1/limit · cambiando límite mensual

      at info (src/features/expenses/userCardsApi.ts:200:13)

    console.info
      [http][business] PUT /api/v1/user/cards/card-1/limit · completado · status=200

      at info (src/features/expenses/userCardsApi.ts:212:13)

    console.info
      [http][business] PUT /api/v1/user/cards/card-1/limit · quitando límite mensual

      at info (src/features/expenses/userCardsApi.ts:200:13)

    console.info
      [http][business] PUT /api/v1/user/cards/card-1/limit · completado · status=200

      at info (src/features/expenses/userCardsApi.ts:212:13)

    console.info
      [http][business] PUT /api/v1/user/cards/card-1/limit · cambiando límite mensual

      at info (src/features/expenses/userCardsApi.ts:200:13)

    console.warn
      [http][business] PUT /api/v1/user/cards/card-1/limit · error HTTP · status=400

      207 |     const body = await response.json().catch(() => null);
      208 |     if (!response.ok) {
    > 209 |       console.warn(`[http][business] PUT ${path} · error HTTP · status=${response.status}`);
          |               ^
      210 |       return {ok: false, message: typeof body?.message === 'string' ? body.message : `No pudimos guardar el límite (HTTP ${response.status}).`};
      211 |     }
      212 |     console.info(`[http][business] PUT ${path} · completado · status=${response.status}`);

      at warn (src/features/expenses/userCardsApi.ts:209:15)
      at asyncGeneratorStep (node_modules/@babel/runtime/helpers/asyncToGenerator.js:3:17)
      at _next (node_modules/@babel/runtime/helpers/asyncToGenerator.js:17:9)

PASS __tests__/ReviewQueueForms.test.tsx (7.835 s)
  ● Console

    console.error
      An update to ReviewQueueScreen inside a test was not wrapped in act(...).
      
      When testing, code that causes React state updates should be wrapped into act(...):
      
      act(() => {
        /* fire events that update state */
      });
      /* assert on the output */
      
      This ensures that you're testing the behavior the user would see in the browser. Learn more at https://react.dev/link/wrap-tests-with-act

      443 |   /** Suelta todo lo que era de un borrador concreto. */
      444 |   const resetChoice = (): void => {
    > 445 |     setError(null);
          |     ^
      446 |     setChosen(null);
      447 |     setIsPickingAll(false);
      448 |     setBankInput('');

      at node_modules/react-test-renderer/cjs/react-test-renderer.development.js:14402:19
      at runWithFiberInDEV (node_modules/react-test-renderer/cjs/react-test-renderer.development.js:2315:13)
      at warnIfUpdatesNotWrappedWithActDEV (node_modules/react-test-renderer/cjs/react-test-renderer.development.js:14401:9)
      at scheduleUpdateOnFiber (node_modules/react-test-renderer/cjs/react-test-renderer.development.js:12086:9)
      at dispatchSetStateInternal (node_modules/react-test-renderer/cjs/react-test-renderer.development.js:6208:13)
      at dispatchSetState (node_modules/react-test-renderer/cjs/react-test-renderer.development.js:6165:7)
      at setError (src/features/wallet/screens/ReviewQueueScreen.tsx:445:5)
      at resetChoice (src/features/wallet/screens/ReviewQueueScreen.tsx:456:5)
      at Object.next (src/features/wallet/screens/ReviewQueueScreen.tsx:585:7)
      at asyncGeneratorStep (node_modules/@babel/runtime/helpers/asyncToGenerator.js:3:17)
      at _next (node_modules/@babel/runtime/helpers/asyncToGenerator.js:17:9)

    console.error
      An update to ReviewQueueScreen inside a test was not wrapped in act(...).
      
      When testing, code that causes React state updates should be wrapped into act(...):
      
      act(() => {
        /* fire events that update state */
      });
      /* assert on the output */
      
      This ensures that you're testing the behavior the user would see in the browser. Learn more at https://react.dev/link/wrap-tests-with-act

      444 |   const resetChoice = (): void => {
      445 |     setError(null);
    > 446 |     setChosen(null);
          |     ^
      447 |     setIsPickingAll(false);
      448 |     setBankInput('');
      449 |     setOtherCurrency(null);

      at node_modules/react-test-renderer/cjs/react-test-renderer.development.js:14402:19
      at runWithFiberInDEV (node_modules/react-test-renderer/cjs/react-test-renderer.development.js:2315:13)
      at warnIfUpdatesNotWrappedWithActDEV (node_modules/react-test-renderer/cjs/react-test-renderer.development.js:14401:9)
      at scheduleUpdateOnFiber (node_modules/react-test-renderer/cjs/react-test-renderer.development.js:12086:9)
      at dispatchSetStateInternal (node_modules/react-test-renderer/cjs/react-test-renderer.development.js:6208:13)
      at dispatchSetState (node_modules/react-test-renderer/cjs/react-test-renderer.development.js:6165:7)
      at setChosen (src/features/wallet/screens/ReviewQueueScreen.tsx:446:5)
      at resetChoice (src/features/wallet/screens/ReviewQueueScreen.tsx:456:5)
      at Object.next (src/features/wallet/screens/ReviewQueueScreen.tsx:585:7)
      at asyncGeneratorStep (node_modules/@babel/runtime/helpers/asyncToGenerator.js:3:17)
      at _next (node_modules/@babel/runtime/helpers/asyncToGenerator.js:17:9)

    console.error
      An update to ReviewQueueScreen inside a test was not wrapped in act(...).
      
      When testing, code that causes React state updates should be wrapped into act(...):
      
      act(() => {
        /* fire events that update state */
      });
      /* assert on the output */
      
      This ensures that you're testing the behavior the user would see in the browser. Learn more at https://react.dev/link/wrap-tests-with-act

      445 |     setError(null);
      446 |     setChosen(null);
    > 447 |     setIsPickingAll(false);
          |     ^
      448 |     setBankInput('');
      449 |     setOtherCurrency(null);
      450 |   };

      at node_modules/react-test-renderer/cjs/react-test-renderer.development.js:14402:19
      at runWithFiberInDEV (node_modules/react-test-renderer/cjs/react-test-renderer.development.js:2315:13)
      at warnIfUpdatesNotWrappedWithActDEV (node_modules/react-test-renderer/cjs/react-test-renderer.development.js:14401:9)
      at scheduleUpdateOnFiber (node_modules/react-test-renderer/cjs/react-test-renderer.development.js:12086:9)
      at dispatchSetStateInternal (node_modules/react-test-renderer/cjs/react-test-renderer.development.js:6208:13)
      at dispatchSetState (node_modules/react-test-renderer/cjs/react-test-renderer.development.js:6165:7)
      at setIsPickingAll (src/features/wallet/screens/ReviewQueueScreen.tsx:447:5)
      at resetChoice (src/features/wallet/screens/ReviewQueueScreen.tsx:456:5)
      at Object.next (src/features/wallet/screens/ReviewQueueScreen.tsx:585:7)
      at asyncGeneratorStep (node_modules/@babel/runtime/helpers/asyncToGenerator.js:3:17)
      at _next (node_modules/@babel/runtime/helpers/asyncToGenerator.js:17:9)

    console.error
      An update to ReviewQueueScreen inside a test was not wrapped in act(...).
      
      When testing, code that causes React state updates should be wrapped into act(...):
      
      act(() => {
        /* fire events that update state */
      });
      /* assert on the output */
      
      This ensures that you're testing the behavior the user would see in the browser. Learn more at https://react.dev/link/wrap-tests-with-act

      446 |     setChosen(null);
      447 |     setIsPickingAll(false);
    > 448 |     setBankInput('');
          |     ^
      449 |     setOtherCurrency(null);
      450 |   };
      451 |

      at node_modules/react-test-renderer/cjs/react-test-renderer.development.js:14402:19
      at runWithFiberInDEV (node_modules/react-test-renderer/cjs/react-test-renderer.development.js:2315:13)
      at warnIfUpdatesNotWrappedWithActDEV (node_modules/react-test-renderer/cjs/react-test-renderer.development.js:14401:9)
      at scheduleUpdateOnFiber (node_modules/react-test-renderer/cjs/react-test-renderer.development.js:12086:9)
      at dispatchSetStateInternal (node_modules/react-test-renderer/cjs/react-test-renderer.development.js:6208:13)
      at dispatchSetState (node_modules/react-test-renderer/cjs/react-test-renderer.development.js:6165:7)
      at setBankInput (src/features/wallet/screens/ReviewQueueScreen.tsx:448:5)
      at resetChoice (src/features/wallet/screens/ReviewQueueScreen.tsx:456:5)
      at Object.next (src/features/wallet/screens/ReviewQueueScreen.tsx:585:7)
      at asyncGeneratorStep (node_modules/@babel/runtime/helpers/asyncToGenerator.js:3:17)
      at _next (node_modules/@babel/runtime/helpers/asyncToGenerator.js:17:9)

    console.error
      An update to ReviewQueueScreen inside a test was not wrapped in act(...).
      
      When testing, code that causes React state updates should be wrapped into act(...):
      
      act(() => {
        /* fire events that update state */
      });
      /* assert on the output */
      
      This ensures that you're testing the behavior the user would see in the browser. Learn more at https://react.dev/link/wrap-tests-with-act

      447 |     setIsPickingAll(false);
      448 |     setBankInput('');
    > 449 |     setOtherCurrency(null);
          |     ^
      450 |   };
      451 |
      452 |   const next = (): void => {

      at node_modules/react-test-renderer/cjs/react-test-renderer.development.js:14402:19
      at runWithFiberInDEV (node_modules/react-test-renderer/cjs/react-test-renderer.development.js:2315:13)
      at warnIfUpdatesNotWrappedWithActDEV (node_modules/react-test-renderer/cjs/react-test-renderer.development.js:14401:9)
      at scheduleUpdateOnFiber (node_modules/react-test-renderer/cjs/react-test-renderer.development.js:12086:9)
      at dispatchSetStateInternal (node_modules/react-test-renderer/cjs/react-test-renderer.development.js:6208:13)
      at dispatchSetState (node_modules/react-test-renderer/cjs/react-test-renderer.development.js:6165:7)
      at setOtherCurrency (src/features/wallet/screens/ReviewQueueScreen.tsx:449:5)
      at resetChoice (src/features/wallet/screens/ReviewQueueScreen.tsx:456:5)
      at Object.next (src/features/wallet/screens/ReviewQueueScreen.tsx:585:7)
      at asyncGeneratorStep (node_modules/@babel/runtime/helpers/asyncToGenerator.js:3:17)
      at _next (node_modules/@babel/runtime/helpers/asyncToGenerator.js:17:9)

    console.error
      An update to ReviewQueueScreen inside a test was not wrapped in act(...).
      
      When testing, code that causes React state updates should be wrapped into act(...):
      
      act(() => {
        /* fire events that update state */
      });
      /* assert on the output */
      
      This ensures that you're testing the behavior the user would see in the browser. Learn more at https://react.dev/link/wrap-tests-with-act

      455 |     // pantalla existe para evitar. Lo mismo el monto del banco.
      456 |     resetChoice();
    > 457 |     setFocusId(null);
          |     ^
      458 |   };
      459 |
      460 |   /**

      at node_modules/react-test-renderer/cjs/react-test-renderer.development.js:14402:19
      at runWithFiberInDEV (node_modules/react-test-renderer/cjs/react-test-renderer.development.js:2315:13)
      at warnIfUpdatesNotWrappedWithActDEV (node_modules/react-test-renderer/cjs/react-test-renderer.development.js:14401:9)
      at scheduleUpdateOnFiber (node_modules/react-test-renderer/cjs/react-test-renderer.development.js:12086:9)
      at dispatchSetStateInternal (node_modules/react-test-renderer/cjs/react-test-renderer.development.js:6208:13)
      at dispatchSetState (node_modules/react-test-renderer/cjs/react-test-renderer.development.js:6165:7)
      at setFocusId (src/features/wallet/screens/ReviewQueueScreen.tsx:457:5)
      at Object.next (src/features/wallet/screens/ReviewQueueScreen.tsx:585:7)
      at asyncGeneratorStep (node_modules/@babel/runtime/helpers/asyncToGenerator.js:3:17)
      at _next (node_modules/@babel/runtime/helpers/asyncToGenerator.js:17:9)

    console.error
      An update to ReviewQueueScreen inside a test was not wrapped in act(...).
      
      When testing, code that causes React state updates should be wrapped into act(...):
      
      act(() => {
        /* fire events that update state */
      });
      /* assert on the output */
      
      This ensures that you're testing the behavior the user would see in the browser. Learn more at https://react.dev/link/wrap-tests-with-act

      586 |     } catch (failure) {
      587 |       setError(failureMessage(failure));
    > 588 |     } finally {saving.current = false; setIsSaving(false);}
          |                                        ^
      589 |   };
      590 |
      591 |   /** Cierra la hoja «Fue en otra moneda» sin guardar nada: vuelve a la vista de antes. */

      at node_modules/react-test-renderer/cjs/react-test-renderer.development.js:14402:19
      at runWithFiberInDEV (node_modules/react-test-renderer/cjs/react-test-renderer.development.js:2315:13)
      at warnIfUpdatesNotWrappedWithActDEV (node_modules/react-test-renderer/cjs/react-test-renderer.development.js:14401:9)
      at scheduleUpdateOnFiber (node_modules/react-test-renderer/cjs/react-test-renderer.development.js:12086:9)
      at dispatchSetStateInternal (node_modules/react-test-renderer/cjs/react-test-renderer.development.js:6208:13)
      at dispatchSetState (node_modules/react-test-renderer/cjs/react-test-renderer.development.js:6165:7)
      at Object.setIsSaving (src/features/wallet/screens/ReviewQueueScreen.tsx:588:40)
      at asyncGeneratorStep (node_modules/@babel/runtime/helpers/asyncToGenerator.js:3:17)
      at _next (node_modules/@babel/runtime/helpers/asyncToGenerator.js:17:9)

    console.error
      An update to ReviewQueueScreen inside a test was not wrapped in act(...).
      
      When testing, code that causes React state updates should be wrapped into act(...):
      
      act(() => {
        /* fire events that update state */
      });
      /* assert on the output */
      
      This ensures that you're testing the behavior the user would see in the browser. Learn more at https://react.dev/link/wrap-tests-with-act

      443 |   /** Suelta todo lo que era de un borrador concreto. */
      444 |   const resetChoice = (): void => {
    > 445 |     setError(null);
          |     ^
      446 |     setChosen(null);
      447 |     setIsPickingAll(false);
      448 |     setBankInput('');

      at node_modules/react-test-renderer/cjs/react-test-renderer.development.js:14402:19
      at runWithFiberInDEV (node_modules/react-test-renderer/cjs/react-test-renderer.development.js:2315:13)
      at warnIfUpdatesNotWrappedWithActDEV (node_modules/react-test-renderer/cjs/react-test-renderer.development.js:14401:9)
      at scheduleUpdateOnFiber (node_modules/react-test-renderer/cjs/react-test-renderer.development.js:12086:9)
      at dispatchSetStateInternal (node_modules/react-test-renderer/cjs/react-test-renderer.development.js:6208:13)
      at dispatchSetState (node_modules/react-test-renderer/cjs/react-test-renderer.development.js:6165:7)
      at setError (src/features/wallet/screens/ReviewQueueScreen.tsx:445:5)
      at resetChoice (src/features/wallet/screens/ReviewQueueScreen.tsx:456:5)
      at Object.next (src/features/wallet/screens/ReviewQueueScreen.tsx:585:7)
      at asyncGeneratorStep (node_modules/@babel/runtime/helpers/asyncToGenerator.js:3:17)
      at _next (node_modules/@babel/runtime/helpers/asyncToGenerator.js:17:9)

    console.error
      An update to ReviewQueueScreen inside a test was not wrapped in act(...).
      
      When testing, code that causes React state updates should be wrapped into act(...):
      
      act(() => {
        /* fire events that update state */
      });
      /* assert on the output */
      
      This ensures that you're testing the behavior the user would see in the browser. Learn more at https://react.dev/link/wrap-tests-with-act

      444 |   const resetChoice = (): void => {
      445 |     setError(null);
    > 446 |     setChosen(null);
          |     ^
      447 |     setIsPickingAll(false);
      448 |     setBankInput('');
      449 |     setOtherCurrency(null);

      at node_modules/react-test-renderer/cjs/react-test-renderer.development.js:14402:19
      at runWithFiberInDEV (node_modules/react-test-renderer/cjs/react-test-renderer.development.js:2315:13)
      at warnIfUpdatesNotWrappedWithActDEV (node_modules/react-test-renderer/cjs/react-test-renderer.development.js:14401:9)
      at scheduleUpdateOnFiber (node_modules/react-test-renderer/cjs/react-test-renderer.development.js:12086:9)
      at dispatchSetStateInternal (node_modules/react-test-renderer/cjs/react-test-renderer.development.js:6208:13)
      at dispatchSetState (node_modules/react-test-renderer/cjs/react-test-renderer.development.js:6165:7)
      at setChosen (src/features/wallet/screens/ReviewQueueScreen.tsx:446:5)
      at resetChoice (src/features/wallet/screens/ReviewQueueScreen.tsx:456:5)
      at Object.next (src/features/wallet/screens/ReviewQueueScreen.tsx:585:7)
      at asyncGeneratorStep (node_modules/@babel/runtime/helpers/asyncToGenerator.js:3:17)
      at _next (node_modules/@babel/runtime/helpers/asyncToGenerator.js:17:9)

    console.error
      An update to ReviewQueueScreen inside a test was not wrapped in act(...).
      
      When testing, code that causes React state updates should be wrapped into act(...):
      
      act(() => {
        /* fire events that update state */
      });
      /* assert on the output */
      
      This ensures that you're testing the behavior the user would see in the browser. Learn more at https://react.dev/link/wrap-tests-with-act

      445 |     setError(null);
      446 |     setChosen(null);
    > 447 |     setIsPickingAll(false);
          |     ^
      448 |     setBankInput('');
      449 |     setOtherCurrency(null);
      450 |   };

      at node_modules/react-test-renderer/cjs/react-test-renderer.development.js:14402:19
      at runWithFiberInDEV (node_modules/react-test-renderer/cjs/react-test-renderer.development.js:2315:13)
      at warnIfUpdatesNotWrappedWithActDEV (node_modules/react-test-renderer/cjs/react-test-renderer.development.js:14401:9)
      at scheduleUpdateOnFiber (node_modules/react-test-renderer/cjs/react-test-renderer.development.js:12086:9)
      at dispatchSetStateInternal (node_modules/react-test-renderer/cjs/react-test-renderer.development.js:6208:13)
      at dispatchSetState (node_modules/react-test-renderer/cjs/react-test-renderer.development.js:6165:7)
      at setIsPickingAll (src/features/wallet/screens/ReviewQueueScreen.tsx:447:5)
      at resetChoice (src/features/wallet/screens/ReviewQueueScreen.tsx:456:5)
      at Object.next (src/features/wallet/screens/ReviewQueueScreen.tsx:585:7)
      at asyncGeneratorStep (node_modules/@babel/runtime/helpers/asyncToGenerator.js:3:17)
      at _next (node_modules/@babel/runtime/helpers/asyncToGenerator.js:17:9)

    console.error
      An update to ReviewQueueScreen inside a test was not wrapped in act(...).
      
      When testing, code that causes React state updates should be wrapped into act(...):
      
      act(() => {
        /* fire events that update state */
      });
      /* assert on the output */
      
      This ensures that you're testing the behavior the user would see in the browser. Learn more at https://react.dev/link/wrap-tests-with-act

      446 |     setChosen(null);
      447 |     setIsPickingAll(false);
    > 448 |     setBankInput('');
          |     ^
      449 |     setOtherCurrency(null);
      450 |   };
      451 |

      at node_modules/react-test-renderer/cjs/react-test-renderer.development.js:14402:19
      at runWithFiberInDEV (node_modules/react-test-renderer/cjs/react-test-renderer.development.js:2315:13)
      at warnIfUpdatesNotWrappedWithActDEV (node_modules/react-test-renderer/cjs/react-test-renderer.development.js:14401:9)
      at scheduleUpdateOnFiber (node_modules/react-test-renderer/cjs/react-test-renderer.development.js:12086:9)
      at dispatchSetStateInternal (node_modules/react-test-renderer/cjs/react-test-renderer.development.js:6208:13)
      at dispatchSetState (node_modules/react-test-renderer/cjs/react-test-renderer.development.js:6165:7)
      at setBankInput (src/features/wallet/screens/ReviewQueueScreen.tsx:448:5)
      at resetChoice (src/features/wallet/screens/ReviewQueueScreen.tsx:456:5)
      at Object.next (src/features/wallet/screens/ReviewQueueScreen.tsx:585:7)
      at asyncGeneratorStep (node_modules/@babel/runtime/helpers/asyncToGenerator.js:3:17)
      at _next (node_modules/@babel/runtime/helpers/asyncToGenerator.js:17:9)

    console.error
      An update to ReviewQueueScreen inside a test was not wrapped in act(...).
      
      When testing, code that causes React state updates should be wrapped into act(...):
      
      act(() => {
        /* fire events that update state */
      });
      /* assert on the output */
      
      This ensures that you're testing the behavior the user would see in the browser. Learn more at https://react.dev/link/wrap-tests-with-act

      447 |     setIsPickingAll(false);
      448 |     setBankInput('');
    > 449 |     setOtherCurrency(null);
          |     ^
      450 |   };
      451 |
      452 |   const next = (): void => {

      at node_modules/react-test-renderer/cjs/react-test-renderer.development.js:14402:19
      at runWithFiberInDEV (node_modules/react-test-renderer/cjs/react-test-renderer.development.js:2315:13)
      at warnIfUpdatesNotWrappedWithActDEV (node_modules/react-test-renderer/cjs/react-test-renderer.development.js:14401:9)
      at scheduleUpdateOnFiber (node_modules/react-test-renderer/cjs/react-test-renderer.development.js:12086:9)
      at dispatchSetStateInternal (node_modules/react-test-renderer/cjs/react-test-renderer.development.js:6208:13)
      at dispatchSetState (node_modules/react-test-renderer/cjs/react-test-renderer.development.js:6165:7)
      at setOtherCurrency (src/features/wallet/screens/ReviewQueueScreen.tsx:449:5)
      at resetChoice (src/features/wallet/screens/ReviewQueueScreen.tsx:456:5)
      at Object.next (src/features/wallet/screens/ReviewQueueScreen.tsx:585:7)
      at asyncGeneratorStep (node_modules/@babel/runtime/helpers/asyncToGenerator.js:3:17)
      at _next (node_modules/@babel/runtime/helpers/asyncToGenerator.js:17:9)

    console.error
      An update to ReviewQueueScreen inside a test was not wrapped in act(...).
      
      When testing, code that causes React state updates should be wrapped into act(...):
      
      act(() => {
        /* fire events that update state */
      });
      /* assert on the output */
      
      This ensures that you're testing the behavior the user would see in the browser. Learn more at https://react.dev/link/wrap-tests-with-act

      455 |     // pantalla existe para evitar. Lo mismo el monto del banco.
      456 |     resetChoice();
    > 457 |     setFocusId(null);
          |     ^
      458 |   };
      459 |
      460 |   /**

      at node_modules/react-test-renderer/cjs/react-test-renderer.development.js:14402:19
      at runWithFiberInDEV (node_modules/react-test-renderer/cjs/react-test-renderer.development.js:2315:13)
      at warnIfUpdatesNotWrappedWithActDEV (node_modules/react-test-renderer/cjs/react-test-renderer.development.js:14401:9)
      at scheduleUpdateOnFiber (node_modules/react-test-renderer/cjs/react-test-renderer.development.js:12086:9)
      at dispatchSetStateInternal (node_modules/react-test-renderer/cjs/react-test-renderer.development.js:6208:13)
      at dispatchSetState (node_modules/react-test-renderer/cjs/react-test-renderer.development.js:6165:7)
      at setFocusId (src/features/wallet/screens/ReviewQueueScreen.tsx:457:5)
      at Object.next (src/features/wallet/screens/ReviewQueueScreen.tsx:585:7)
      at asyncGeneratorStep (node_modules/@babel/runtime/helpers/asyncToGenerator.js:3:17)
      at _next (node_modules/@babel/runtime/helpers/asyncToGenerator.js:17:9)

    console.error
      An update to ReviewQueueScreen inside a test was not wrapped in act(...).
      
      When testing, code that causes React state updates should be wrapped into act(...):
      
      act(() => {
        /* fire events that update state */
      });
      /* assert on the output */
      
      This ensures that you're testing the behavior the user would see in the browser. Learn more at https://react.dev/link/wrap-tests-with-act

      586 |     } catch (failure) {
      587 |       setError(failureMessage(failure));
    > 588 |     } finally {saving.current = false; setIsSaving(false);}
          |                                        ^
      589 |   };
      590 |
      591 |   /** Cierra la hoja «Fue en otra moneda» sin guardar nada: vuelve a la vista de antes. */

      at node_modules/react-test-renderer/cjs/react-test-renderer.development.js:14402:19
      at runWithFiberInDEV (node_modules/react-test-renderer/cjs/react-test-renderer.development.js:2315:13)
      at warnIfUpdatesNotWrappedWithActDEV (node_modules/react-test-renderer/cjs/react-test-renderer.development.js:14401:9)
      at scheduleUpdateOnFiber (node_modules/react-test-renderer/cjs/react-test-renderer.development.js:12086:9)
      at dispatchSetStateInternal (node_modules/react-test-renderer/cjs/react-test-renderer.development.js:6208:13)
      at dispatchSetState (node_modules/react-test-renderer/cjs/react-test-renderer.development.js:6165:7)
      at Object.setIsSaving (src/features/wallet/screens/ReviewQueueScreen.tsx:588:40)
      at asyncGeneratorStep (node_modules/@babel/runtime/helpers/asyncToGenerator.js:3:17)
      at _next (node_modules/@babel/runtime/helpers/asyncToGenerator.js:17:9)

    console.error
      An update to ReviewQueueScreen inside a test was not wrapped in act(...).
      
      When testing, code that causes React state updates should be wrapped into act(...):
      
      act(() => {
        /* fire events that update state */
      });
      /* assert on the output */
      
      This ensures that you're testing the behavior the user would see in the browser. Learn more at https://react.dev/link/wrap-tests-with-act

      443 |   /** Suelta todo lo que era de un borrador concreto. */
      444 |   const resetChoice = (): void => {
    > 445 |     setError(null);
          |     ^
      446 |     setChosen(null);
      447 |     setIsPickingAll(false);
      448 |     setBankInput('');

      at node_modules/react-test-renderer/cjs/react-test-renderer.development.js:14402:19
      at runWithFiberInDEV (node_modules/react-test-renderer/cjs/react-test-renderer.development.js:2315:13)
      at warnIfUpdatesNotWrappedWithActDEV (node_modules/react-test-renderer/cjs/react-test-renderer.development.js:14401:9)
      at scheduleUpdateOnFiber (node_modules/react-test-renderer/cjs/react-test-renderer.development.js:12086:9)
      at dispatchSetStateInternal (node_modules/react-test-renderer/cjs/react-test-renderer.development.js:6208:13)
      at dispatchSetState (node_modules/react-test-renderer/cjs/react-test-renderer.development.js:6165:7)
      at setError (src/features/wallet/screens/ReviewQueueScreen.tsx:445:5)
      at resetChoice (src/features/wallet/screens/ReviewQueueScreen.tsx:456:5)
      at Object.next (src/features/wallet/screens/ReviewQueueScreen.tsx:585:7)
      at asyncGeneratorStep (node_modules/@babel/runtime/helpers/asyncToGenerator.js:3:17)
      at _next (node_modules/@babel/runtime/helpers/asyncToGenerator.js:17:9)

    console.error
      An update to ReviewQueueScreen inside a test was not wrapped in act(...).
      
      When testing, code that causes React state updates should be wrapped into act(...):
      
      act(() => {
        /* fire events that update state */
      });
      /* assert on the output */
      
      This ensures that you're testing the behavior the user would see in the browser. Learn more at https://react.dev/link/wrap-tests-with-act

      444 |   const resetChoice = (): void => {
      445 |     setError(null);
    > 446 |     setChosen(null);
          |     ^
      447 |     setIsPickingAll(false);
      448 |     setBankInput('');
      449 |     setOtherCurrency(null);

      at node_modules/react-test-renderer/cjs/react-test-renderer.development.js:14402:19
      at runWithFiberInDEV (node_modules/react-test-renderer/cjs/react-test-renderer.development.js:2315:13)
      at warnIfUpdatesNotWrappedWithActDEV (node_modules/react-test-renderer/cjs/react-test-renderer.development.js:14401:9)
      at scheduleUpdateOnFiber (node_modules/react-test-renderer/cjs/react-test-renderer.development.js:12086:9)
      at dispatchSetStateInternal (node_modules/react-test-renderer/cjs/react-test-renderer.development.js:6208:13)
      at dispatchSetState (node_modules/react-test-renderer/cjs/react-test-renderer.development.js:6165:7)
      at setChosen (src/features/wallet/screens/ReviewQueueScreen.tsx:446:5)
      at resetChoice (src/features/wallet/screens/ReviewQueueScreen.tsx:456:5)
      at Object.next (src/features/wallet/screens/ReviewQueueScreen.tsx:585:7)
      at asyncGeneratorStep (node_modules/@babel/runtime/helpers/asyncToGenerator.js:3:17)
      at _next (node_modules/@babel/runtime/helpers/asyncToGenerator.js:17:9)

    console.error
      An update to ReviewQueueScreen inside a test was not wrapped in act(...).
      
      When testing, code that causes React state updates should be wrapped into act(...):
      
      act(() => {
        /* fire events that update state */
      });
      /* assert on the output */
      
      This ensures that you're testing the behavior the user would see in the browser. Learn more at https://react.dev/link/wrap-tests-with-act

      445 |     setError(null);
      446 |     setChosen(null);
    > 447 |     setIsPickingAll(false);
          |     ^
      448 |     setBankInput('');
      449 |     setOtherCurrency(null);
      450 |   };

      at node_modules/react-test-renderer/cjs/react-test-renderer.development.js:14402:19
      at runWithFiberInDEV (node_modules/react-test-renderer/cjs/react-test-renderer.development.js:2315:13)
      at warnIfUpdatesNotWrappedWithActDEV (node_modules/react-test-renderer/cjs/react-test-renderer.development.js:14401:9)
      at scheduleUpdateOnFiber (node_modules/react-test-renderer/cjs/react-test-renderer.development.js:12086:9)
      at dispatchSetStateInternal (node_modules/react-test-renderer/cjs/react-test-renderer.development.js:6208:13)
      at dispatchSetState (node_modules/react-test-renderer/cjs/react-test-renderer.development.js:6165:7)
      at setIsPickingAll (src/features/wallet/screens/ReviewQueueScreen.tsx:447:5)
      at resetChoice (src/features/wallet/screens/ReviewQueueScreen.tsx:456:5)
      at Object.next (src/features/wallet/screens/ReviewQueueScreen.tsx:585:7)
      at asyncGeneratorStep (node_modules/@babel/runtime/helpers/asyncToGenerator.js:3:17)
      at _next (node_modules/@babel/runtime/helpers/asyncToGenerator.js:17:9)

    console.error
      An update to ReviewQueueScreen inside a test was not wrapped in act(...).
      
      When testing, code that causes React state updates should be wrapped into act(...):
      
      act(() => {
        /* fire events that update state */
      });
      /* assert on the output */
      
      This ensures that you're testing the behavior the user would see in the browser. Learn more at https://react.dev/link/wrap-tests-with-act

      446 |     setChosen(null);
      447 |     setIsPickingAll(false);
    > 448 |     setBankInput('');
          |     ^
      449 |     setOtherCurrency(null);
      450 |   };
      451 |

      at node_modules/react-test-renderer/cjs/react-test-renderer.development.js:14402:19
      at runWithFiberInDEV (node_modules/react-test-renderer/cjs/react-test-renderer.development.js:2315:13)
      at warnIfUpdatesNotWrappedWithActDEV (node_modules/react-test-renderer/cjs/react-test-renderer.development.js:14401:9)
      at scheduleUpdateOnFiber (node_modules/react-test-renderer/cjs/react-test-renderer.development.js:12086:9)
      at dispatchSetStateInternal (node_modules/react-test-renderer/cjs/react-test-renderer.development.js:6208:13)
      at dispatchSetState (node_modules/react-test-renderer/cjs/react-test-renderer.development.js:6165:7)
      at setBankInput (src/features/wallet/screens/ReviewQueueScreen.tsx:448:5)
      at resetChoice (src/features/wallet/screens/ReviewQueueScreen.tsx:456:5)
      at Object.next (src/features/wallet/screens/ReviewQueueScreen.tsx:585:7)
      at asyncGeneratorStep (node_modules/@babel/runtime/helpers/asyncToGenerator.js:3:17)
      at _next (node_modules/@babel/runtime/helpers/asyncToGenerator.js:17:9)

    console.error
      An update to ReviewQueueScreen inside a test was not wrapped in act(...).
      
      When testing, code that causes React state updates should be wrapped into act(...):
      
      act(() => {
        /* fire events that update state */
      });
      /* assert on the output */
      
      This ensures that you're testing the behavior the user would see in the browser. Learn more at https://react.dev/link/wrap-tests-with-act

      447 |     setIsPickingAll(false);
      448 |     setBankInput('');
    > 449 |     setOtherCurrency(null);
          |     ^
      450 |   };
      451 |
      452 |   const next = (): void => {

      at node_modules/react-test-renderer/cjs/react-test-renderer.development.js:14402:19
      at runWithFiberInDEV (node_modules/react-test-renderer/cjs/react-test-renderer.development.js:2315:13)
      at warnIfUpdatesNotWrappedWithActDEV (node_modules/react-test-renderer/cjs/react-test-renderer.development.js:14401:9)
      at scheduleUpdateOnFiber (node_modules/react-test-renderer/cjs/react-test-renderer.development.js:12086:9)
      at dispatchSetStateInternal (node_modules/react-test-renderer/cjs/react-test-renderer.development.js:6208:13)
      at dispatchSetState (node_modules/react-test-renderer/cjs/react-test-renderer.development.js:6165:7)
      at setOtherCurrency (src/features/wallet/screens/ReviewQueueScreen.tsx:449:5)
      at resetChoice (src/features/wallet/screens/ReviewQueueScreen.tsx:456:5)
      at Object.next (src/features/wallet/screens/ReviewQueueScreen.tsx:585:7)
      at asyncGeneratorStep (node_modules/@babel/runtime/helpers/asyncToGenerator.js:3:17)
      at _next (node_modules/@babel/runtime/helpers/asyncToGenerator.js:17:9)

    console.error
      An update to ReviewQueueScreen inside a test was not wrapped in act(...).
      
      When testing, code that causes React state updates should be wrapped into act(...):
      
      act(() => {
        /* fire events that update state */
      });
      /* assert on the output */
      
      This ensures that you're testing the behavior the user would see in the browser. Learn more at https://react.dev/link/wrap-tests-with-act

      455 |     // pantalla existe para evitar. Lo mismo el monto del banco.
      456 |     resetChoice();
    > 457 |     setFocusId(null);
          |     ^
      458 |   };
      459 |
      460 |   /**

      at node_modules/react-test-renderer/cjs/react-test-renderer.development.js:14402:19
      at runWithFiberInDEV (node_modules/react-test-renderer/cjs/react-test-renderer.development.js:2315:13)
      at warnIfUpdatesNotWrappedWithActDEV (node_modules/react-test-renderer/cjs/react-test-renderer.development.js:14401:9)
      at scheduleUpdateOnFiber (node_modules/react-test-renderer/cjs/react-test-renderer.development.js:12086:9)
      at dispatchSetStateInternal (node_modules/react-test-renderer/cjs/react-test-renderer.development.js:6208:13)
      at dispatchSetState (node_modules/react-test-renderer/cjs/react-test-renderer.development.js:6165:7)
      at setFocusId (src/features/wallet/screens/ReviewQueueScreen.tsx:457:5)
      at Object.next (src/features/wallet/screens/ReviewQueueScreen.tsx:585:7)
      at asyncGeneratorStep (node_modules/@babel/runtime/helpers/asyncToGenerator.js:3:17)
      at _next (node_modules/@babel/runtime/helpers/asyncToGenerator.js:17:9)

    console.error
      An update to ReviewQueueScreen inside a test was not wrapped in act(...).
      
      When testing, code that causes React state updates should be wrapped into act(...):
      
      act(() => {
        /* fire events that update state */
      });
      /* assert on the output */
      
      This ensures that you're testing the behavior the user would see in the browser. Learn more at https://react.dev/link/wrap-tests-with-act

      586 |     } catch (failure) {
      587 |       setError(failureMessage(failure));
    > 588 |     } finally {saving.current = false; setIsSaving(false);}
          |                                        ^
      589 |   };
      590 |
      591 |   /** Cierra la hoja «Fue en otra moneda» sin guardar nada: vuelve a la vista de antes. */

      at node_modules/react-test-renderer/cjs/react-test-renderer.development.js:14402:19
      at runWithFiberInDEV (node_modules/react-test-renderer/cjs/react-test-renderer.development.js:2315:13)
      at warnIfUpdatesNotWrappedWithActDEV (node_modules/react-test-renderer/cjs/react-test-renderer.development.js:14401:9)
      at scheduleUpdateOnFiber (node_modules/react-test-renderer/cjs/react-test-renderer.development.js:12086:9)
      at dispatchSetStateInternal (node_modules/react-test-renderer/cjs/react-test-renderer.development.js:6208:13)
      at dispatchSetState (node_modules/react-test-renderer/cjs/react-test-renderer.development.js:6165:7)
      at Object.setIsSaving (src/features/wallet/screens/ReviewQueueScreen.tsx:588:40)
      at asyncGeneratorStep (node_modules/@babel/runtime/helpers/asyncToGenerator.js:3:17)
      at _next (node_modules/@babel/runtime/helpers/asyncToGenerator.js:17:9)

    console.error
      An update to ReviewQueueScreen inside a test was not wrapped in act(...).
      
      When testing, code that causes React state updates should be wrapped into act(...):
      
      act(() => {
        /* fire events that update state */
      });
      /* assert on the output */
      
      This ensures that you're testing the behavior the user would see in the browser. Learn more at https://react.dev/link/wrap-tests-with-act

      443 |   /** Suelta todo lo que era de un borrador concreto. */
      444 |   const resetChoice = (): void => {
    > 445 |     setError(null);
          |     ^
      446 |     setChosen(null);
      447 |     setIsPickingAll(false);
      448 |     setBankInput('');

      at node_modules/react-test-renderer/cjs/react-test-renderer.development.js:14402:19
      at runWithFiberInDEV (node_modules/react-test-renderer/cjs/react-test-renderer.development.js:2315:13)
      at warnIfUpdatesNotWrappedWithActDEV (node_modules/react-test-renderer/cjs/react-test-renderer.development.js:14401:9)
      at scheduleUpdateOnFiber (node_modules/react-test-renderer/cjs/react-test-renderer.development.js:12086:9)
      at dispatchSetStateInternal (node_modules/react-test-renderer/cjs/react-test-renderer.development.js:6208:13)
      at dispatchSetState (node_modules/react-test-renderer/cjs/react-test-renderer.development.js:6165:7)
      at setError (src/features/wallet/screens/ReviewQueueScreen.tsx:445:5)
      at resetChoice (src/features/wallet/screens/ReviewQueueScreen.tsx:456:5)
      at Object.next (src/features/wallet/screens/ReviewQueueScreen.tsx:585:7)
      at asyncGeneratorStep (node_modules/@babel/runtime/helpers/asyncToGenerator.js:3:17)
      at _next (node_modules/@babel/runtime/helpers/asyncToGenerator.js:17:9)

    console.error
      An update to ReviewQueueScreen inside a test was not wrapped in act(...).
      
      When testing, code that causes React state updates should be wrapped into act(...):
      
      act(() => {
        /* fire events that update state */
      });
      /* assert on the output */
      
      This ensures that you're testing the behavior the user would see in the browser. Learn more at https://react.dev/link/wrap-tests-with-act

      444 |   const resetChoice = (): void => {
      445 |     setError(null);
    > 446 |     setChosen(null);
          |     ^
      447 |     setIsPickingAll(false);
      448 |     setBankInput('');
      449 |     setOtherCurrency(null);

      at node_modules/react-test-renderer/cjs/react-test-renderer.development.js:14402:19
      at runWithFiberInDEV (node_modules/react-test-renderer/cjs/react-test-renderer.development.js:2315:13)
      at warnIfUpdatesNotWrappedWithActDEV (node_modules/react-test-renderer/cjs/react-test-renderer.development.js:14401:9)
      at scheduleUpdateOnFiber (node_modules/react-test-renderer/cjs/react-test-renderer.development.js:12086:9)
      at dispatchSetStateInternal (node_modules/react-test-renderer/cjs/react-test-renderer.development.js:6208:13)
      at dispatchSetState (node_modules/react-test-renderer/cjs/react-test-renderer.development.js:6165:7)
      at setChosen (src/features/wallet/screens/ReviewQueueScreen.tsx:446:5)
      at resetChoice (src/features/wallet/screens/ReviewQueueScreen.tsx:456:5)
      at Object.next (src/features/wallet/screens/ReviewQueueScreen.tsx:585:7)
      at asyncGeneratorStep (node_modules/@babel/runtime/helpers/asyncToGenerator.js:3:17)
      at _next (node_modules/@babel/runtime/helpers/asyncToGenerator.js:17:9)

    console.error
      An update to ReviewQueueScreen inside a test was not wrapped in act(...).
      
      When testing, code that causes React state updates should be wrapped into act(...):
      
      act(() => {
        /* fire events that update state */
      });
      /* assert on the output */
      
      This ensures that you're testing the behavior the user would see in the browser. Learn more at https://react.dev/link/wrap-tests-with-act

      445 |     setError(null);
      446 |     setChosen(null);
    > 447 |     setIsPickingAll(false);
          |     ^
      448 |     setBankInput('');
      449 |     setOtherCurrency(null);
      450 |   };

      at node_modules/react-test-renderer/cjs/react-test-renderer.development.js:14402:19
      at runWithFiberInDEV (node_modules/react-test-renderer/cjs/react-test-renderer.development.js:2315:13)
      at warnIfUpdatesNotWrappedWithActDEV (node_modules/react-test-renderer/cjs/react-test-renderer.development.js:14401:9)
      at scheduleUpdateOnFiber (node_modules/react-test-renderer/cjs/react-test-renderer.development.js:12086:9)
      at dispatchSetStateInternal (node_modules/react-test-renderer/cjs/react-test-renderer.development.js:6208:13)
      at dispatchSetState (node_modules/react-test-renderer/cjs/react-test-renderer.development.js:6165:7)
      at setIsPickingAll (src/features/wallet/screens/ReviewQueueScreen.tsx:447:5)
      at resetChoice (src/features/wallet/screens/ReviewQueueScreen.tsx:456:5)
      at Object.next (src/features/wallet/screens/ReviewQueueScreen.tsx:585:7)
      at asyncGeneratorStep (node_modules/@babel/runtime/helpers/asyncToGenerator.js:3:17)
      at _next (node_modules/@babel/runtime/helpers/asyncToGenerator.js:17:9)

    console.error
      An update to ReviewQueueScreen inside a test was not wrapped in act(...).
      
      When testing, code that causes React state updates should be wrapped into act(...):
      
      act(() => {
        /* fire events that update state */
      });
      /* assert on the output */
      
      This ensures that you're testing the behavior the user would see in the browser. Learn more at https://react.dev/link/wrap-tests-with-act

      446 |     setChosen(null);
      447 |     setIsPickingAll(false);
    > 448 |     setBankInput('');
          |     ^
      449 |     setOtherCurrency(null);
      450 |   };
      451 |

      at node_modules/react-test-renderer/cjs/react-test-renderer.development.js:14402:19
      at runWithFiberInDEV (node_modules/react-test-renderer/cjs/react-test-renderer.development.js:2315:13)
      at warnIfUpdatesNotWrappedWithActDEV (node_modules/react-test-renderer/cjs/react-test-renderer.development.js:14401:9)
      at scheduleUpdateOnFiber (node_modules/react-test-renderer/cjs/react-test-renderer.development.js:12086:9)
      at dispatchSetStateInternal (node_modules/react-test-renderer/cjs/react-test-renderer.development.js:6208:13)
      at dispatchSetState (node_modules/react-test-renderer/cjs/react-test-renderer.development.js:6165:7)
      at setBankInput (src/features/wallet/screens/ReviewQueueScreen.tsx:448:5)
      at resetChoice (src/features/wallet/screens/ReviewQueueScreen.tsx:456:5)
      at Object.next (src/features/wallet/screens/ReviewQueueScreen.tsx:585:7)
      at asyncGeneratorStep (node_modules/@babel/runtime/helpers/asyncToGenerator.js:3:17)
      at _next (node_modules/@babel/runtime/helpers/asyncToGenerator.js:17:9)

    console.error
      An update to ReviewQueueScreen inside a test was not wrapped in act(...).
      
      When testing, code that causes React state updates should be wrapped into act(...):
      
      act(() => {
        /* fire events that update state */
      });
      /* assert on the output */
      
      This ensures that you're testing the behavior the user would see in the browser. Learn more at https://react.dev/link/wrap-tests-with-act

      447 |     setIsPickingAll(false);
      448 |     setBankInput('');
    > 449 |     setOtherCurrency(null);
          |     ^
      450 |   };
      451 |
      452 |   const next = (): void => {

      at node_modules/react-test-renderer/cjs/react-test-renderer.development.js:14402:19
      at runWithFiberInDEV (node_modules/react-test-renderer/cjs/react-test-renderer.development.js:2315:13)
      at warnIfUpdatesNotWrappedWithActDEV (node_modules/react-test-renderer/cjs/react-test-renderer.development.js:14401:9)
      at scheduleUpdateOnFiber (node_modules/react-test-renderer/cjs/react-test-renderer.development.js:12086:9)
      at dispatchSetStateInternal (node_modules/react-test-renderer/cjs/react-test-renderer.development.js:6208:13)
      at dispatchSetState (node_modules/react-test-renderer/cjs/react-test-renderer.development.js:6165:7)
      at setOtherCurrency (src/features/wallet/screens/ReviewQueueScreen.tsx:449:5)
      at resetChoice (src/features/wallet/screens/ReviewQueueScreen.tsx:456:5)
      at Object.next (src/features/wallet/screens/ReviewQueueScreen.tsx:585:7)
      at asyncGeneratorStep (node_modules/@babel/runtime/helpers/asyncToGenerator.js:3:17)
      at _next (node_modules/@babel/runtime/helpers/asyncToGenerator.js:17:9)

    console.error
      An update to ReviewQueueScreen inside a test was not wrapped in act(...).
      
      When testing, code that causes React state updates should be wrapped into act(...):
      
      act(() => {
        /* fire events that update state */
      });
      /* assert on the output */
      
      This ensures that you're testing the behavior the user would see in the browser. Learn more at https://react.dev/link/wrap-tests-with-act

      455 |     // pantalla existe para evitar. Lo mismo el monto del banco.
      456 |     resetChoice();
    > 457 |     setFocusId(null);
          |     ^
      458 |   };
      459 |
      460 |   /**

      at node_modules/react-test-renderer/cjs/react-test-renderer.development.js:14402:19
      at runWithFiberInDEV (node_modules/react-test-renderer/cjs/react-test-renderer.development.js:2315:13)
      at warnIfUpdatesNotWrappedWithActDEV (node_modules/react-test-renderer/cjs/react-test-renderer.development.js:14401:9)
      at scheduleUpdateOnFiber (node_modules/react-test-renderer/cjs/react-test-renderer.development.js:12086:9)
      at dispatchSetStateInternal (node_modules/react-test-renderer/cjs/react-test-renderer.development.js:6208:13)
      at dispatchSetState (node_modules/react-test-renderer/cjs/react-test-renderer.development.js:6165:7)
      at setFocusId (src/features/wallet/screens/ReviewQueueScreen.tsx:457:5)
      at Object.next (src/features/wallet/screens/ReviewQueueScreen.tsx:585:7)
      at asyncGeneratorStep (node_modules/@babel/runtime/helpers/asyncToGenerator.js:3:17)
      at _next (node_modules/@babel/runtime/helpers/asyncToGenerator.js:17:9)

    console.error
      An update to ReviewQueueScreen inside a test was not wrapped in act(...).
      
      When testing, code that causes React state updates should be wrapped into act(...):
      
      act(() => {
        /* fire events that update state */
      });
      /* assert on the output */
      
      This ensures that you're testing the behavior the user would see in the browser. Learn more at https://react.dev/link/wrap-tests-with-act

      586 |     } catch (failure) {
      587 |       setError(failureMessage(failure));
    > 588 |     } finally {saving.current = false; setIsSaving(false);}
          |                                        ^
      589 |   };
      590 |
      591 |   /** Cierra la hoja «Fue en otra moneda» sin guardar nada: vuelve a la vista de antes. */

      at node_modules/react-test-renderer/cjs/react-test-renderer.development.js:14402:19
      at runWithFiberInDEV (node_modules/react-test-renderer/cjs/react-test-renderer.development.js:2315:13)
      at warnIfUpdatesNotWrappedWithActDEV (node_modules/react-test-renderer/cjs/react-test-renderer.development.js:14401:9)
      at scheduleUpdateOnFiber (node_modules/react-test-renderer/cjs/react-test-renderer.development.js:12086:9)
      at dispatchSetStateInternal (node_modules/react-test-renderer/cjs/react-test-renderer.development.js:6208:13)
      at dispatchSetState (node_modules/react-test-renderer/cjs/react-test-renderer.development.js:6165:7)
      at Object.setIsSaving (src/features/wallet/screens/ReviewQueueScreen.tsx:588:40)
      at asyncGeneratorStep (node_modules/@babel/runtime/helpers/asyncToGenerator.js:3:17)
      at _next (node_modules/@babel/runtime/helpers/asyncToGenerator.js:17:9)

    console.error
      An update to ReviewQueueScreen inside a test was not wrapped in act(...).
      
      When testing, code that causes React state updates should be wrapped into act(...):
      
      act(() => {
        /* fire events that update state */
      });
      /* assert on the output */
      
      This ensures that you're testing the behavior the user would see in the browser. Learn more at https://react.dev/link/wrap-tests-with-act

      486 |     const result = await activateRemoteCard(inactiveCard.id);
      487 |     if (!result.ok) {
    > 488 |       setIsReactivating(false);
          |       ^
      489 |       setError(result.message);
      490 |       return;
      491 |     }

      at node_modules/react-test-renderer/cjs/react-test-renderer.development.js:14402:19
      at runWithFiberInDEV (node_modules/react-test-renderer/cjs/react-test-renderer.development.js:2315:13)
      at warnIfUpdatesNotWrappedWithActDEV (node_modules/react-test-renderer/cjs/react-test-renderer.development.js:14401:9)
      at scheduleUpdateOnFiber (node_modules/react-test-renderer/cjs/react-test-renderer.development.js:12086:9)
      at dispatchSetStateInternal (node_modules/react-test-renderer/cjs/react-test-renderer.development.js:6208:13)
      at dispatchSetState (node_modules/react-test-renderer/cjs/react-test-renderer.development.js:6165:7)
      at setIsReactivating (src/features/wallet/screens/ReviewQueueScreen.tsx:488:7)
      at asyncGeneratorStep (node_modules/@babel/runtime/helpers/asyncToGenerator.js:3:17)
      at _next (node_modules/@babel/runtime/helpers/asyncToGenerator.js:17:9)

    console.error
      An update to ReviewQueueScreen inside a test was not wrapped in act(...).
      
      When testing, code that causes React state updates should be wrapped into act(...):
      
      act(() => {
        /* fire events that update state */
      });
      /* assert on the output */
      
      This ensures that you're testing the behavior the user would see in the browser. Learn more at https://react.dev/link/wrap-tests-with-act

      487 |     if (!result.ok) {
      488 |       setIsReactivating(false);
    > 489 |       setError(result.message);
          |       ^
      490 |       return;
      491 |     }
      492 |     await setCardStatus(inactiveCard.id, 'ACTIVE');

      at node_modules/react-test-renderer/cjs/react-test-renderer.development.js:14402:19
      at runWithFiberInDEV (node_modules/react-test-renderer/cjs/react-test-renderer.development.js:2315:13)
      at warnIfUpdatesNotWrappedWithActDEV (node_modules/react-test-renderer/cjs/react-test-renderer.development.js:14401:9)
      at scheduleUpdateOnFiber (node_modules/react-test-renderer/cjs/react-test-renderer.development.js:12086:9)
      at dispatchSetStateInternal (node_modules/react-test-renderer/cjs/react-test-renderer.development.js:6208:13)
      at dispatchSetState (node_modules/react-test-renderer/cjs/react-test-renderer.development.js:6165:7)
      at setError (src/features/wallet/screens/ReviewQueueScreen.tsx:489:7)
      at asyncGeneratorStep (node_modules/@babel/runtime/helpers/asyncToGenerator.js:3:17)
      at _next (node_modules/@babel/runtime/helpers/asyncToGenerator.js:17:9)

    console.error
      An update to ReviewQueueScreen inside a test was not wrapped in act(...).
      
      When testing, code that causes React state updates should be wrapped into act(...):
      
      act(() => {
        /* fire events that update state */
      });
      /* assert on the output */
      
      This ensures that you're testing the behavior the user would see in the browser. Learn more at https://react.dev/link/wrap-tests-with-act

      443 |   /** Suelta todo lo que era de un borrador concreto. */
      444 |   const resetChoice = (): void => {
    > 445 |     setError(null);
          |     ^
      446 |     setChosen(null);
      447 |     setIsPickingAll(false);
      448 |     setBankInput('');

      at node_modules/react-test-renderer/cjs/react-test-renderer.development.js:14402:19
      at runWithFiberInDEV (node_modules/react-test-renderer/cjs/react-test-renderer.development.js:2315:13)
      at warnIfUpdatesNotWrappedWithActDEV (node_modules/react-test-renderer/cjs/react-test-renderer.development.js:14401:9)
      at scheduleUpdateOnFiber (node_modules/react-test-renderer/cjs/react-test-renderer.development.js:12086:9)
      at dispatchSetStateInternal (node_modules/react-test-renderer/cjs/react-test-renderer.development.js:6208:13)
      at dispatchSetState (node_modules/react-test-renderer/cjs/react-test-renderer.development.js:6165:7)
      at setError (src/features/wallet/screens/ReviewQueueScreen.tsx:445:5)
      at resetChoice (src/features/wallet/screens/ReviewQueueScreen.tsx:456:5)
      at next (src/features/wallet/screens/ReviewQueueScreen.tsx:619:7)
      at asyncGeneratorStep (node_modules/@babel/runtime/helpers/asyncToGenerator.js:3:17)
      at _next (node_modules/@babel/runtime/helpers/asyncToGenerator.js:17:9)

    console.error
      An update to ReviewQueueScreen inside a test was not wrapped in act(...).
      
      When testing, code that causes React state updates should be wrapped into act(...):
      
      act(() => {
        /* fire events that update state */
      });
      /* assert on the output */
      
      This ensures that you're testing the behavior the user would see in the browser. Learn more at https://react.dev/link/wrap-tests-with-act

      444 |   const resetChoice = (): void => {
      445 |     setError(null);
    > 446 |     setChosen(null);
          |     ^
      447 |     setIsPickingAll(false);
      448 |     setBankInput('');
      449 |     setOtherCurrency(null);

      at node_modules/react-test-renderer/cjs/react-test-renderer.development.js:14402:19
      at runWithFiberInDEV (node_modules/react-test-renderer/cjs/react-test-renderer.development.js:2315:13)
      at warnIfUpdatesNotWrappedWithActDEV (node_modules/react-test-renderer/cjs/react-test-renderer.development.js:14401:9)
      at scheduleUpdateOnFiber (node_modules/react-test-renderer/cjs/react-test-renderer.development.js:12086:9)
      at dispatchSetStateInternal (node_modules/react-test-renderer/cjs/react-test-renderer.development.js:6208:13)
      at dispatchSetState (node_modules/react-test-renderer/cjs/react-test-renderer.development.js:6165:7)
      at setChosen (src/features/wallet/screens/ReviewQueueScreen.tsx:446:5)
      at resetChoice (src/features/wallet/screens/ReviewQueueScreen.tsx:456:5)
      at next (src/features/wallet/screens/ReviewQueueScreen.tsx:619:7)
      at asyncGeneratorStep (node_modules/@babel/runtime/helpers/asyncToGenerator.js:3:17)
      at _next (node_modules/@babel/runtime/helpers/asyncToGenerator.js:17:9)

    console.error
      An update to ReviewQueueScreen inside a test was not wrapped in act(...).
      
      When testing, code that causes React state updates should be wrapped into act(...):
      
      act(() => {
        /* fire events that update state */
      });
      /* assert on the output */
      
      This ensures that you're testing the behavior the user would see in the browser. Learn more at https://react.dev/link/wrap-tests-with-act

      445 |     setError(null);
      446 |     setChosen(null);
    > 447 |     setIsPickingAll(false);
          |     ^
      448 |     setBankInput('');
      449 |     setOtherCurrency(null);
      450 |   };

      at node_modules/react-test-renderer/cjs/react-test-renderer.development.js:14402:19
      at runWithFiberInDEV (node_modules/react-test-renderer/cjs/react-test-renderer.development.js:2315:13)
      at warnIfUpdatesNotWrappedWithActDEV (node_modules/react-test-renderer/cjs/react-test-renderer.development.js:14401:9)
      at scheduleUpdateOnFiber (node_modules/react-test-renderer/cjs/react-test-renderer.development.js:12086:9)
      at dispatchSetStateInternal (node_modules/react-test-renderer/cjs/react-test-renderer.development.js:6208:13)
      at dispatchSetState (node_modules/react-test-renderer/cjs/react-test-renderer.development.js:6165:7)
      at setIsPickingAll (src/features/wallet/screens/ReviewQueueScreen.tsx:447:5)
      at resetChoice (src/features/wallet/screens/ReviewQueueScreen.tsx:456:5)
      at next (src/features/wallet/screens/ReviewQueueScreen.tsx:619:7)
      at asyncGeneratorStep (node_modules/@babel/runtime/helpers/asyncToGenerator.js:3:17)
      at _next (node_modules/@babel/runtime/helpers/asyncToGenerator.js:17:9)

    console.error
      An update to ReviewQueueScreen inside a test was not wrapped in act(...).
      
      When testing, code that causes React state updates should be wrapped into act(...):
      
      act(() => {
        /* fire events that update state */
      });
      /* assert on the output */
      
      This ensures that you're testing the behavior the user would see in the browser. Learn more at https://react.dev/link/wrap-tests-with-act

      446 |     setChosen(null);
      447 |     setIsPickingAll(false);
    > 448 |     setBankInput('');
          |     ^
      449 |     setOtherCurrency(null);
      450 |   };
      451 |

      at node_modules/react-test-renderer/cjs/react-test-renderer.development.js:14402:19
      at runWithFiberInDEV (node_modules/react-test-renderer/cjs/react-test-renderer.development.js:2315:13)
      at warnIfUpdatesNotWrappedWithActDEV (node_modules/react-test-renderer/cjs/react-test-renderer.development.js:14401:9)
      at scheduleUpdateOnFiber (node_modules/react-test-renderer/cjs/react-test-renderer.development.js:12086:9)
      at dispatchSetStateInternal (node_modules/react-test-renderer/cjs/react-test-renderer.development.js:6208:13)
      at dispatchSetState (node_modules/react-test-renderer/cjs/react-test-renderer.development.js:6165:7)
      at setBankInput (src/features/wallet/screens/ReviewQueueScreen.tsx:448:5)
      at resetChoice (src/features/wallet/screens/ReviewQueueScreen.tsx:456:5)
      at next (src/features/wallet/screens/ReviewQueueScreen.tsx:619:7)
      at asyncGeneratorStep (node_modules/@babel/runtime/helpers/asyncToGenerator.js:3:17)
      at _next (node_modules/@babel/runtime/helpers/asyncToGenerator.js:17:9)

    console.error
      An update to ReviewQueueScreen inside a test was not wrapped in act(...).
      
      When testing, code that causes React state updates should be wrapped into act(...):
      
      act(() => {
        /* fire events that update state */
      });
      /* assert on the output */
      
      This ensures that you're testing the behavior the user would see in the browser. Learn more at https://react.dev/link/wrap-tests-with-act

      447 |     setIsPickingAll(false);
      448 |     setBankInput('');
    > 449 |     setOtherCurrency(null);
          |     ^
      450 |   };
      451 |
      452 |   const next = (): void => {

      at node_modules/react-test-renderer/cjs/react-test-renderer.development.js:14402:19
      at runWithFiberInDEV (node_modules/react-test-renderer/cjs/react-test-renderer.development.js:2315:13)
      at warnIfUpdatesNotWrappedWithActDEV (node_modules/react-test-renderer/cjs/react-test-renderer.development.js:14401:9)
      at scheduleUpdateOnFiber (node_modules/react-test-renderer/cjs/react-test-renderer.development.js:12086:9)
      at dispatchSetStateInternal (node_modules/react-test-renderer/cjs/react-test-renderer.development.js:6208:13)
      at dispatchSetState (node_modules/react-test-renderer/cjs/react-test-renderer.development.js:6165:7)
      at setOtherCurrency (src/features/wallet/screens/ReviewQueueScreen.tsx:449:5)
      at resetChoice (src/features/wallet/screens/ReviewQueueScreen.tsx:456:5)
      at next (src/features/wallet/screens/ReviewQueueScreen.tsx:619:7)
      at asyncGeneratorStep (node_modules/@babel/runtime/helpers/asyncToGenerator.js:3:17)
      at _next (node_modules/@babel/runtime/helpers/asyncToGenerator.js:17:9)

    console.error
      An update to ReviewQueueScreen inside a test was not wrapped in act(...).
      
      When testing, code that causes React state updates should be wrapped into act(...):
      
      act(() => {
        /* fire events that update state */
      });
      /* assert on the output */
      
      This ensures that you're testing the behavior the user would see in the browser. Learn more at https://react.dev/link/wrap-tests-with-act

      455 |     // pantalla existe para evitar. Lo mismo el monto del banco.
      456 |     resetChoice();
    > 457 |     setFocusId(null);
          |     ^
      458 |   };
      459 |
      460 |   /**

      at node_modules/react-test-renderer/cjs/react-test-renderer.development.js:14402:19
      at runWithFiberInDEV (node_modules/react-test-renderer/cjs/react-test-renderer.development.js:2315:13)
      at warnIfUpdatesNotWrappedWithActDEV (node_modules/react-test-renderer/cjs/react-test-renderer.development.js:14401:9)
      at scheduleUpdateOnFiber (node_modules/react-test-renderer/cjs/react-test-renderer.development.js:12086:9)
      at dispatchSetStateInternal (node_modules/react-test-renderer/cjs/react-test-renderer.development.js:6208:13)
      at dispatchSetState (node_modules/react-test-renderer/cjs/react-test-renderer.development.js:6165:7)
      at setFocusId (src/features/wallet/screens/ReviewQueueScreen.tsx:457:5)
      at next (src/features/wallet/screens/ReviewQueueScreen.tsx:619:7)
      at asyncGeneratorStep (node_modules/@babel/runtime/helpers/asyncToGenerator.js:3:17)
      at _next (node_modules/@babel/runtime/helpers/asyncToGenerator.js:17:9)

    console.error
      An update to ReviewQueueScreen inside a test was not wrapped in act(...).
      
      When testing, code that causes React state updates should be wrapped into act(...):
      
      act(() => {
        /* fire events that update state */
      });
      /* assert on the output */
      
      This ensures that you're testing the behavior the user would see in the browser. Learn more at https://react.dev/link/wrap-tests-with-act

      625 |     } finally {
      626 |       saving.current = false;
    > 627 |       setIsSaving(false);
          |       ^
      628 |     }
      629 |   };
      630 |

      at node_modules/react-test-renderer/cjs/react-test-renderer.development.js:14402:19
      at runWithFiberInDEV (node_modules/react-test-renderer/cjs/react-test-renderer.development.js:2315:13)
      at warnIfUpdatesNotWrappedWithActDEV (node_modules/react-test-renderer/cjs/react-test-renderer.development.js:14401:9)
      at scheduleUpdateOnFiber (node_modules/react-test-renderer/cjs/react-test-renderer.development.js:12086:9)
      at dispatchSetStateInternal (node_modules/react-test-renderer/cjs/react-test-renderer.development.js:6208:13)
      at dispatchSetState (node_modules/react-test-renderer/cjs/react-test-renderer.development.js:6165:7)
      at setIsSaving (src/features/wallet/screens/ReviewQueueScreen.tsx:627:7)
      at asyncGeneratorStep (node_modules/@babel/runtime/helpers/asyncToGenerator.js:3:17)
      at _next (node_modules/@babel/runtime/helpers/asyncToGenerator.js:17:9)

    console.error
      An update to ReviewQueueScreen inside a test was not wrapped in act(...).
      
      When testing, code that causes React state updates should be wrapped into act(...):
      
      act(() => {
        /* fire events that update state */
      });
      /* assert on the output */
      
      This ensures that you're testing the behavior the user would see in the browser. Learn more at https://react.dev/link/wrap-tests-with-act

      443 |   /** Suelta todo lo que era de un borrador concreto. */
      444 |   const resetChoice = (): void => {
    > 445 |     setError(null);
          |     ^
      446 |     setChosen(null);
      447 |     setIsPickingAll(false);
      448 |     setBankInput('');

      at node_modules/react-test-renderer/cjs/react-test-renderer.development.js:14402:19
      at runWithFiberInDEV (node_modules/react-test-renderer/cjs/react-test-renderer.development.js:2315:13)
      at warnIfUpdatesNotWrappedWithActDEV (node_modules/react-test-renderer/cjs/react-test-renderer.development.js:14401:9)
      at scheduleUpdateOnFiber (node_modules/react-test-renderer/cjs/react-test-renderer.development.js:12086:9)
      at dispatchSetStateInternal (node_modules/react-test-renderer/cjs/react-test-renderer.development.js:6208:13)
      at dispatchSetState (node_modules/react-test-renderer/cjs/react-test-renderer.development.js:6165:7)
      at setError (src/features/wallet/screens/ReviewQueueScreen.tsx:445:5)
      at resetChoice (src/features/wallet/screens/ReviewQueueScreen.tsx:456:5)
      at next (src/features/wallet/screens/ReviewQueueScreen.tsx:619:7)
      at asyncGeneratorStep (node_modules/@babel/runtime/helpers/asyncToGenerator.js:3:17)
      at _next (node_modules/@babel/runtime/helpers/asyncToGenerator.js:17:9)

    console.error
      An update to ReviewQueueScreen inside a test was not wrapped in act(...).
      
      When testing, code that causes React state updates should be wrapped into act(...):
      
      act(() => {
        /* fire events that update state */
      });
      /* assert on the output */
      
      This ensures that you're testing the behavior the user would see in the browser. Learn more at https://react.dev/link/wrap-tests-with-act

      444 |   const resetChoice = (): void => {
      445 |     setError(null);
    > 446 |     setChosen(null);
          |     ^
      447 |     setIsPickingAll(false);
      448 |     setBankInput('');
      449 |     setOtherCurrency(null);

      at node_modules/react-test-renderer/cjs/react-test-renderer.development.js:14402:19
      at runWithFiberInDEV (node_modules/react-test-renderer/cjs/react-test-renderer.development.js:2315:13)
      at warnIfUpdatesNotWrappedWithActDEV (node_modules/react-test-renderer/cjs/react-test-renderer.development.js:14401:9)
      at scheduleUpdateOnFiber (node_modules/react-test-renderer/cjs/react-test-renderer.development.js:12086:9)
      at dispatchSetStateInternal (node_modules/react-test-renderer/cjs/react-test-renderer.development.js:6208:13)
      at dispatchSetState (node_modules/react-test-renderer/cjs/react-test-renderer.development.js:6165:7)
      at setChosen (src/features/wallet/screens/ReviewQueueScreen.tsx:446:5)
      at resetChoice (src/features/wallet/screens/ReviewQueueScreen.tsx:456:5)
      at next (src/features/wallet/screens/ReviewQueueScreen.tsx:619:7)
      at asyncGeneratorStep (node_modules/@babel/runtime/helpers/asyncToGenerator.js:3:17)
      at _next (node_modules/@babel/runtime/helpers/asyncToGenerator.js:17:9)

    console.error
      An update to ReviewQueueScreen inside a test was not wrapped in act(...).
      
      When testing, code that causes React state updates should be wrapped into act(...):
      
      act(() => {
        /* fire events that update state */
      });
      /* assert on the output */
      
      This ensures that you're testing the behavior the user would see in the browser. Learn more at https://react.dev/link/wrap-tests-with-act

      445 |     setError(null);
      446 |     setChosen(null);
    > 447 |     setIsPickingAll(false);
          |     ^
      448 |     setBankInput('');
      449 |     setOtherCurrency(null);
      450 |   };

      at node_modules/react-test-renderer/cjs/react-test-renderer.development.js:14402:19
      at runWithFiberInDEV (node_modules/react-test-renderer/cjs/react-test-renderer.development.js:2315:13)
      at warnIfUpdatesNotWrappedWithActDEV (node_modules/react-test-renderer/cjs/react-test-renderer.development.js:14401:9)
      at scheduleUpdateOnFiber (node_modules/react-test-renderer/cjs/react-test-renderer.development.js:12086:9)
      at dispatchSetStateInternal (node_modules/react-test-renderer/cjs/react-test-renderer.development.js:6208:13)
      at dispatchSetState (node_modules/react-test-renderer/cjs/react-test-renderer.development.js:6165:7)
      at setIsPickingAll (src/features/wallet/screens/ReviewQueueScreen.tsx:447:5)
      at resetChoice (src/features/wallet/screens/ReviewQueueScreen.tsx:456:5)
      at next (src/features/wallet/screens/ReviewQueueScreen.tsx:619:7)
      at asyncGeneratorStep (node_modules/@babel/runtime/helpers/asyncToGenerator.js:3:17)
      at _next (node_modules/@babel/runtime/helpers/asyncToGenerator.js:17:9)

    console.error
      An update to ReviewQueueScreen inside a test was not wrapped in act(...).
      
      When testing, code that causes React state updates should be wrapped into act(...):
      
      act(() => {
        /* fire events that update state */
      });
      /* assert on the output */
      
      This ensures that you're testing the behavior the user would see in the browser. Learn more at https://react.dev/link/wrap-tests-with-act

      446 |     setChosen(null);
      447 |     setIsPickingAll(false);
    > 448 |     setBankInput('');
          |     ^
      449 |     setOtherCurrency(null);
      450 |   };
      451 |

      at node_modules/react-test-renderer/cjs/react-test-renderer.development.js:14402:19
      at runWithFiberInDEV (node_modules/react-test-renderer/cjs/react-test-renderer.development.js:2315:13)
      at warnIfUpdatesNotWrappedWithActDEV (node_modules/react-test-renderer/cjs/react-test-renderer.development.js:14401:9)
      at scheduleUpdateOnFiber (node_modules/react-test-renderer/cjs/react-test-renderer.development.js:12086:9)
      at dispatchSetStateInternal (node_modules/react-test-renderer/cjs/react-test-renderer.development.js:6208:13)
      at dispatchSetState (node_modules/react-test-renderer/cjs/react-test-renderer.development.js:6165:7)
      at setBankInput (src/features/wallet/screens/ReviewQueueScreen.tsx:448:5)
      at resetChoice (src/features/wallet/screens/ReviewQueueScreen.tsx:456:5)
      at next (src/features/wallet/screens/ReviewQueueScreen.tsx:619:7)
      at asyncGeneratorStep (node_modules/@babel/runtime/helpers/asyncToGenerator.js:3:17)
      at _next (node_modules/@babel/runtime/helpers/asyncToGenerator.js:17:9)

    console.error
      An update to ReviewQueueScreen inside a test was not wrapped in act(...).
      
      When testing, code that causes React state updates should be wrapped into act(...):
      
      act(() => {
        /* fire events that update state */
      });
      /* assert on the output */
      
      This ensures that you're testing the behavior the user would see in the browser. Learn more at https://react.dev/link/wrap-tests-with-act

      447 |     setIsPickingAll(false);
      448 |     setBankInput('');
    > 449 |     setOtherCurrency(null);
          |     ^
      450 |   };
      451 |
      452 |   const next = (): void => {

      at node_modules/react-test-renderer/cjs/react-test-renderer.development.js:14402:19
      at runWithFiberInDEV (node_modules/react-test-renderer/cjs/react-test-renderer.development.js:2315:13)
      at warnIfUpdatesNotWrappedWithActDEV (node_modules/react-test-renderer/cjs/react-test-renderer.development.js:14401:9)
      at scheduleUpdateOnFiber (node_modules/react-test-renderer/cjs/react-test-renderer.development.js:12086:9)
      at dispatchSetStateInternal (node_modules/react-test-renderer/cjs/react-test-renderer.development.js:6208:13)
      at dispatchSetState (node_modules/react-test-renderer/cjs/react-test-renderer.development.js:6165:7)
      at setOtherCurrency (src/features/wallet/screens/ReviewQueueScreen.tsx:449:5)
      at resetChoice (src/features/wallet/screens/ReviewQueueScreen.tsx:456:5)
      at next (src/features/wallet/screens/ReviewQueueScreen.tsx:619:7)
      at asyncGeneratorStep (node_modules/@babel/runtime/helpers/asyncToGenerator.js:3:17)
      at _next (node_modules/@babel/runtime/helpers/asyncToGenerator.js:17:9)

    console.error
      An update to ReviewQueueScreen inside a test was not wrapped in act(...).
      
      When testing, code that causes React state updates should be wrapped into act(...):
      
      act(() => {
        /* fire events that update state */
      });
      /* assert on the output */
      
      This ensures that you're testing the behavior the user would see in the browser. Learn more at https://react.dev/link/wrap-tests-with-act

      455 |     // pantalla existe para evitar. Lo mismo el monto del banco.
      456 |     resetChoice();
    > 457 |     setFocusId(null);
          |     ^
      458 |   };
      459 |
      460 |   /**

      at node_modules/react-test-renderer/cjs/react-test-renderer.development.js:14402:19
      at runWithFiberInDEV (node_modules/react-test-renderer/cjs/react-test-renderer.development.js:2315:13)
      at warnIfUpdatesNotWrappedWithActDEV (node_modules/react-test-renderer/cjs/react-test-renderer.development.js:14401:9)
      at scheduleUpdateOnFiber (node_modules/react-test-renderer/cjs/react-test-renderer.development.js:12086:9)
      at dispatchSetStateInternal (node_modules/react-test-renderer/cjs/react-test-renderer.development.js:6208:13)
      at dispatchSetState (node_modules/react-test-renderer/cjs/react-test-renderer.development.js:6165:7)
      at setFocusId (src/features/wallet/screens/ReviewQueueScreen.tsx:457:5)
      at next (src/features/wallet/screens/ReviewQueueScreen.tsx:619:7)
      at asyncGeneratorStep (node_modules/@babel/runtime/helpers/asyncToGenerator.js:3:17)
      at _next (node_modules/@babel/runtime/helpers/asyncToGenerator.js:17:9)

    console.error
      An update to ReviewQueueScreen inside a test was not wrapped in act(...).
      
      When testing, code that causes React state updates should be wrapped into act(...):
      
      act(() => {
        /* fire events that update state */
      });
      /* assert on the output */
      
      This ensures that you're testing the behavior the user would see in the browser. Learn more at https://react.dev/link/wrap-tests-with-act

      625 |     } finally {
      626 |       saving.current = false;
    > 627 |       setIsSaving(false);
          |       ^
      628 |     }
      629 |   };
      630 |

      at node_modules/react-test-renderer/cjs/react-test-renderer.development.js:14402:19
      at runWithFiberInDEV (node_modules/react-test-renderer/cjs/react-test-renderer.development.js:2315:13)
      at warnIfUpdatesNotWrappedWithActDEV (node_modules/react-test-renderer/cjs/react-test-renderer.development.js:14401:9)
      at scheduleUpdateOnFiber (node_modules/react-test-renderer/cjs/react-test-renderer.development.js:12086:9)
      at dispatchSetStateInternal (node_modules/react-test-renderer/cjs/react-test-renderer.development.js:6208:13)
      at dispatchSetState (node_modules/react-test-renderer/cjs/react-test-renderer.development.js:6165:7)
      at setIsSaving (src/features/wallet/screens/ReviewQueueScreen.tsx:627:7)
      at asyncGeneratorStep (node_modules/@babel/runtime/helpers/asyncToGenerator.js:3:17)
      at _next (node_modules/@babel/runtime/helpers/asyncToGenerator.js:17:9)

    console.error
      An update to ReviewQueueScreen inside a test was not wrapped in act(...).
      
      When testing, code that causes React state updates should be wrapped into act(...):
      
      act(() => {
        /* fire events that update state */
      });
      /* assert on the output */
      
      This ensures that you're testing the behavior the user would see in the browser. Learn more at https://react.dev/link/wrap-tests-with-act

      443 |   /** Suelta todo lo que era de un borrador concreto. */
      444 |   const resetChoice = (): void => {
    > 445 |     setError(null);
          |     ^
      446 |     setChosen(null);
      447 |     setIsPickingAll(false);
      448 |     setBankInput('');

      at node_modules/react-test-renderer/cjs/react-test-renderer.development.js:14402:19
      at runWithFiberInDEV (node_modules/react-test-renderer/cjs/react-test-renderer.development.js:2315:13)
      at warnIfUpdatesNotWrappedWithActDEV (node_modules/react-test-renderer/cjs/react-test-renderer.development.js:14401:9)
      at scheduleUpdateOnFiber (node_modules/react-test-renderer/cjs/react-test-renderer.development.js:12086:9)
      at dispatchSetStateInternal (node_modules/react-test-renderer/cjs/react-test-renderer.development.js:6208:13)
      at dispatchSetState (node_modules/react-test-renderer/cjs/react-test-renderer.development.js:6165:7)
      at setError (src/features/wallet/screens/ReviewQueueScreen.tsx:445:5)
      at resetChoice (src/features/wallet/screens/ReviewQueueScreen.tsx:456:5)
      at next (src/features/wallet/screens/ReviewQueueScreen.tsx:619:7)
      at asyncGeneratorStep (node_modules/@babel/runtime/helpers/asyncToGenerator.js:3:17)
      at _next (node_modules/@babel/runtime/helpers/asyncToGenerator.js:17:9)

    console.error
      An update to ReviewQueueScreen inside a test was not wrapped in act(...).
      
      When testing, code that causes React state updates should be wrapped into act(...):
      
      act(() => {
        /* fire events that update state */
      });
      /* assert on the output */
      
      This ensures that you're testing the behavior the user would see in the browser. Learn more at https://react.dev/link/wrap-tests-with-act

      444 |   const resetChoice = (): void => {
      445 |     setError(null);
    > 446 |     setChosen(null);
          |     ^
      447 |     setIsPickingAll(false);
      448 |     setBankInput('');
      449 |     setOtherCurrency(null);

      at node_modules/react-test-renderer/cjs/react-test-renderer.development.js:14402:19
      at runWithFiberInDEV (node_modules/react-test-renderer/cjs/react-test-renderer.development.js:2315:13)
      at warnIfUpdatesNotWrappedWithActDEV (node_modules/react-test-renderer/cjs/react-test-renderer.development.js:14401:9)
      at scheduleUpdateOnFiber (node_modules/react-test-renderer/cjs/react-test-renderer.development.js:12086:9)
      at dispatchSetStateInternal (node_modules/react-test-renderer/cjs/react-test-renderer.development.js:6208:13)
      at dispatchSetState (node_modules/react-test-renderer/cjs/react-test-renderer.development.js:6165:7)
      at setChosen (src/features/wallet/screens/ReviewQueueScreen.tsx:446:5)
      at resetChoice (src/features/wallet/screens/ReviewQueueScreen.tsx:456:5)
      at next (src/features/wallet/screens/ReviewQueueScreen.tsx:619:7)
      at asyncGeneratorStep (node_modules/@babel/runtime/helpers/asyncToGenerator.js:3:17)
      at _next (node_modules/@babel/runtime/helpers/asyncToGenerator.js:17:9)

    console.error
      An update to ReviewQueueScreen inside a test was not wrapped in act(...).
      
      When testing, code that causes React state updates should be wrapped into act(...):
      
      act(() => {
        /* fire events that update state */
      });
      /* assert on the output */
      
      This ensures that you're testing the behavior the user would see in the browser. Learn more at https://react.dev/link/wrap-tests-with-act

      445 |     setError(null);
      446 |     setChosen(null);
    > 447 |     setIsPickingAll(false);
          |     ^
      448 |     setBankInput('');
      449 |     setOtherCurrency(null);
      450 |   };

      at node_modules/react-test-renderer/cjs/react-test-renderer.development.js:14402:19
      at runWithFiberInDEV (node_modules/react-test-renderer/cjs/react-test-renderer.development.js:2315:13)
      at warnIfUpdatesNotWrappedWithActDEV (node_modules/react-test-renderer/cjs/react-test-renderer.development.js:14401:9)
      at scheduleUpdateOnFiber (node_modules/react-test-renderer/cjs/react-test-renderer.development.js:12086:9)
      at dispatchSetStateInternal (node_modules/react-test-renderer/cjs/react-test-renderer.development.js:6208:13)
      at dispatchSetState (node_modules/react-test-renderer/cjs/react-test-renderer.development.js:6165:7)
      at setIsPickingAll (src/features/wallet/screens/ReviewQueueScreen.tsx:447:5)
      at resetChoice (src/features/wallet/screens/ReviewQueueScreen.tsx:456:5)
      at next (src/features/wallet/screens/ReviewQueueScreen.tsx:619:7)
      at asyncGeneratorStep (node_modules/@babel/runtime/helpers/asyncToGenerator.js:3:17)
      at _next (node_modules/@babel/runtime/helpers/asyncToGenerator.js:17:9)

    console.error
      An update to ReviewQueueScreen inside a test was not wrapped in act(...).
      
      When testing, code that causes React state updates should be wrapped into act(...):
      
      act(() => {
        /* fire events that update state */
      });
      /* assert on the output */
      
      This ensures that you're testing the behavior the user would see in the browser. Learn more at https://react.dev/link/wrap-tests-with-act

      446 |     setChosen(null);
      447 |     setIsPickingAll(false);
    > 448 |     setBankInput('');
          |     ^
      449 |     setOtherCurrency(null);
      450 |   };
      451 |

      at node_modules/react-test-renderer/cjs/react-test-renderer.development.js:14402:19
      at runWithFiberInDEV (node_modules/react-test-renderer/cjs/react-test-renderer.development.js:2315:13)
      at warnIfUpdatesNotWrappedWithActDEV (node_modules/react-test-renderer/cjs/react-test-renderer.development.js:14401:9)
      at scheduleUpdateOnFiber (node_modules/react-test-renderer/cjs/react-test-renderer.development.js:12086:9)
      at dispatchSetStateInternal (node_modules/react-test-renderer/cjs/react-test-renderer.development.js:6208:13)
      at dispatchSetState (node_modules/react-test-renderer/cjs/react-test-renderer.development.js:6165:7)
      at setBankInput (src/features/wallet/screens/ReviewQueueScreen.tsx:448:5)
      at resetChoice (src/features/wallet/screens/ReviewQueueScreen.tsx:456:5)
      at next (src/features/wallet/screens/ReviewQueueScreen.tsx:619:7)
      at asyncGeneratorStep (node_modules/@babel/runtime/helpers/asyncToGenerator.js:3:17)
      at _next (node_modules/@babel/runtime/helpers/asyncToGenerator.js:17:9)

    console.error
      An update to ReviewQueueScreen inside a test was not wrapped in act(...).
      
      When testing, code that causes React state updates should be wrapped into act(...):
      
      act(() => {
        /* fire events that update state */
      });
      /* assert on the output */
      
      This ensures that you're testing the behavior the user would see in the browser. Learn more at https://react.dev/link/wrap-tests-with-act

      447 |     setIsPickingAll(false);
      448 |     setBankInput('');
    > 449 |     setOtherCurrency(null);
          |     ^
      450 |   };
      451 |
      452 |   const next = (): void => {

      at node_modules/react-test-renderer/cjs/react-test-renderer.development.js:14402:19
      at runWithFiberInDEV (node_modules/react-test-renderer/cjs/react-test-renderer.development.js:2315:13)
      at warnIfUpdatesNotWrappedWithActDEV (node_modules/react-test-renderer/cjs/react-test-renderer.development.js:14401:9)
      at scheduleUpdateOnFiber (node_modules/react-test-renderer/cjs/react-test-renderer.development.js:12086:9)
      at dispatchSetStateInternal (node_modules/react-test-renderer/cjs/react-test-renderer.development.js:6208:13)
      at dispatchSetState (node_modules/react-test-renderer/cjs/react-test-renderer.development.js:6165:7)
      at setOtherCurrency (src/features/wallet/screens/ReviewQueueScreen.tsx:449:5)
      at resetChoice (src/features/wallet/screens/ReviewQueueScreen.tsx:456:5)
      at next (src/features/wallet/screens/ReviewQueueScreen.tsx:619:7)
      at asyncGeneratorStep (node_modules/@babel/runtime/helpers/asyncToGenerator.js:3:17)
      at _next (node_modules/@babel/runtime/helpers/asyncToGenerator.js:17:9)

    console.error
      An update to ReviewQueueScreen inside a test was not wrapped in act(...).
      
      When testing, code that causes React state updates should be wrapped into act(...):
      
      act(() => {
        /* fire events that update state */
      });
      /* assert on the output */
      
      This ensures that you're testing the behavior the user would see in the browser. Learn more at https://react.dev/link/wrap-tests-with-act

      455 |     // pantalla existe para evitar. Lo mismo el monto del banco.
      456 |     resetChoice();
    > 457 |     setFocusId(null);
          |     ^
      458 |   };
      459 |
      460 |   /**

      at node_modules/react-test-renderer/cjs/react-test-renderer.development.js:14402:19
      at runWithFiberInDEV (node_modules/react-test-renderer/cjs/react-test-renderer.development.js:2315:13)
      at warnIfUpdatesNotWrappedWithActDEV (node_modules/react-test-renderer/cjs/react-test-renderer.development.js:14401:9)
      at scheduleUpdateOnFiber (node_modules/react-test-renderer/cjs/react-test-renderer.development.js:12086:9)
      at dispatchSetStateInternal (node_modules/react-test-renderer/cjs/react-test-renderer.development.js:6208:13)
      at dispatchSetState (node_modules/react-test-renderer/cjs/react-test-renderer.development.js:6165:7)
      at setFocusId (src/features/wallet/screens/ReviewQueueScreen.tsx:457:5)
      at next (src/features/wallet/screens/ReviewQueueScreen.tsx:619:7)
      at asyncGeneratorStep (node_modules/@babel/runtime/helpers/asyncToGenerator.js:3:17)
      at _next (node_modules/@babel/runtime/helpers/asyncToGenerator.js:17:9)

    console.error
      An update to ReviewQueueScreen inside a test was not wrapped in act(...).
      
      When testing, code that causes React state updates should be wrapped into act(...):
      
      act(() => {
        /* fire events that update state */
      });
      /* assert on the output */
      
      This ensures that you're testing the behavior the user would see in the browser. Learn more at https://react.dev/link/wrap-tests-with-act

      625 |     } finally {
      626 |       saving.current = false;
    > 627 |       setIsSaving(false);
          |       ^
      628 |     }
      629 |   };
      630 |

      at node_modules/react-test-renderer/cjs/react-test-renderer.development.js:14402:19
      at runWithFiberInDEV (node_modules/react-test-renderer/cjs/react-test-renderer.development.js:2315:13)
      at warnIfUpdatesNotWrappedWithActDEV (node_modules/react-test-renderer/cjs/react-test-renderer.development.js:14401:9)
      at scheduleUpdateOnFiber (node_modules/react-test-renderer/cjs/react-test-renderer.development.js:12086:9)
      at dispatchSetStateInternal (node_modules/react-test-renderer/cjs/react-test-renderer.development.js:6208:13)
      at dispatchSetState (node_modules/react-test-renderer/cjs/react-test-renderer.development.js:6165:7)
      at setIsSaving (src/features/wallet/screens/ReviewQueueScreen.tsx:627:7)
      at asyncGeneratorStep (node_modules/@babel/runtime/helpers/asyncToGenerator.js:3:17)
      at _next (node_modules/@babel/runtime/helpers/asyncToGenerator.js:17:9)

    console.error
      An update to ReviewQueueScreen inside a test was not wrapped in act(...).
      
      When testing, code that causes React state updates should be wrapped into act(...):
      
      act(() => {
        /* fire events that update state */
      });
      /* assert on the output */
      
      This ensures that you're testing the behavior the user would see in the browser. Learn more at https://react.dev/link/wrap-tests-with-act

      443 |   /** Suelta todo lo que era de un borrador concreto. */
      444 |   const resetChoice = (): void => {
    > 445 |     setError(null);
          |     ^
      446 |     setChosen(null);
      447 |     setIsPickingAll(false);
      448 |     setBankInput('');

      at node_modules/react-test-renderer/cjs/react-test-renderer.development.js:14402:19
      at runWithFiberInDEV (node_modules/react-test-renderer/cjs/react-test-renderer.development.js:2315:13)
      at warnIfUpdatesNotWrappedWithActDEV (node_modules/react-test-renderer/cjs/react-test-renderer.development.js:14401:9)
      at scheduleUpdateOnFiber (node_modules/react-test-renderer/cjs/react-test-renderer.development.js:12086:9)
      at dispatchSetStateInternal (node_modules/react-test-renderer/cjs/react-test-renderer.development.js:6208:13)
      at dispatchSetState (node_modules/react-test-renderer/cjs/react-test-renderer.development.js:6165:7)
      at setError (src/features/wallet/screens/ReviewQueueScreen.tsx:445:5)
      at resetChoice (src/features/wallet/screens/ReviewQueueScreen.tsx:456:5)
      at next (src/features/wallet/screens/ReviewQueueScreen.tsx:619:7)
      at asyncGeneratorStep (node_modules/@babel/runtime/helpers/asyncToGenerator.js:3:17)
      at _next (node_modules/@babel/runtime/helpers/asyncToGenerator.js:17:9)

    console.error
      An update to ReviewQueueScreen inside a test was not wrapped in act(...).
      
      When testing, code that causes React state updates should be wrapped into act(...):
      
      act(() => {
        /* fire events that update state */
      });
      /* assert on the output */
      
      This ensures that you're testing the behavior the user would see in the browser. Learn more at https://react.dev/link/wrap-tests-with-act

      444 |   const resetChoice = (): void => {
      445 |     setError(null);
    > 446 |     setChosen(null);
          |     ^
      447 |     setIsPickingAll(false);
      448 |     setBankInput('');
      449 |     setOtherCurrency(null);

      at node_modules/react-test-renderer/cjs/react-test-renderer.development.js:14402:19
      at runWithFiberInDEV (node_modules/react-test-renderer/cjs/react-test-renderer.development.js:2315:13)
      at warnIfUpdatesNotWrappedWithActDEV (node_modules/react-test-renderer/cjs/react-test-renderer.development.js:14401:9)
      at scheduleUpdateOnFiber (node_modules/react-test-renderer/cjs/react-test-renderer.development.js:12086:9)
      at dispatchSetStateInternal (node_modules/react-test-renderer/cjs/react-test-renderer.development.js:6208:13)
      at dispatchSetState (node_modules/react-test-renderer/cjs/react-test-renderer.development.js:6165:7)
      at setChosen (src/features/wallet/screens/ReviewQueueScreen.tsx:446:5)
      at resetChoice (src/features/wallet/screens/ReviewQueueScreen.tsx:456:5)
      at next (src/features/wallet/screens/ReviewQueueScreen.tsx:619:7)
      at asyncGeneratorStep (node_modules/@babel/runtime/helpers/asyncToGenerator.js:3:17)
      at _next (node_modules/@babel/runtime/helpers/asyncToGenerator.js:17:9)

    console.error
      An update to ReviewQueueScreen inside a test was not wrapped in act(...).
      
      When testing, code that causes React state updates should be wrapped into act(...):
      
      act(() => {
        /* fire events that update state */
      });
      /* assert on the output */
      
      This ensures that you're testing the behavior the user would see in the browser. Learn more at https://react.dev/link/wrap-tests-with-act

      445 |     setError(null);
      446 |     setChosen(null);
    > 447 |     setIsPickingAll(false);
          |     ^
      448 |     setBankInput('');
      449 |     setOtherCurrency(null);
      450 |   };

      at node_modules/react-test-renderer/cjs/react-test-renderer.development.js:14402:19
      at runWithFiberInDEV (node_modules/react-test-renderer/cjs/react-test-renderer.development.js:2315:13)
      at warnIfUpdatesNotWrappedWithActDEV (node_modules/react-test-renderer/cjs/react-test-renderer.development.js:14401:9)
      at scheduleUpdateOnFiber (node_modules/react-test-renderer/cjs/react-test-renderer.development.js:12086:9)
      at dispatchSetStateInternal (node_modules/react-test-renderer/cjs/react-test-renderer.development.js:6208:13)
      at dispatchSetState (node_modules/react-test-renderer/cjs/react-test-renderer.development.js:6165:7)
      at setIsPickingAll (src/features/wallet/screens/ReviewQueueScreen.tsx:447:5)
      at resetChoice (src/features/wallet/screens/ReviewQueueScreen.tsx:456:5)
      at next (src/features/wallet/screens/ReviewQueueScreen.tsx:619:7)
      at asyncGeneratorStep (node_modules/@babel/runtime/helpers/asyncToGenerator.js:3:17)
      at _next (node_modules/@babel/runtime/helpers/asyncToGenerator.js:17:9)

    console.error
      An update to ReviewQueueScreen inside a test was not wrapped in act(...).
      
      When testing, code that causes React state updates should be wrapped into act(...):
      
      act(() => {
        /* fire events that update state */
      });
      /* assert on the output */
      
      This ensures that you're testing the behavior the user would see in the browser. Learn more at https://react.dev/link/wrap-tests-with-act

      446 |     setChosen(null);
      447 |     setIsPickingAll(false);
    > 448 |     setBankInput('');
          |     ^
      449 |     setOtherCurrency(null);
      450 |   };
      451 |

      at node_modules/react-test-renderer/cjs/react-test-renderer.development.js:14402:19
      at runWithFiberInDEV (node_modules/react-test-renderer/cjs/react-test-renderer.development.js:2315:13)
      at warnIfUpdatesNotWrappedWithActDEV (node_modules/react-test-renderer/cjs/react-test-renderer.development.js:14401:9)
      at scheduleUpdateOnFiber (node_modules/react-test-renderer/cjs/react-test-renderer.development.js:12086:9)
      at dispatchSetStateInternal (node_modules/react-test-renderer/cjs/react-test-renderer.development.js:6208:13)
      at dispatchSetState (node_modules/react-test-renderer/cjs/react-test-renderer.development.js:6165:7)
      at setBankInput (src/features/wallet/screens/ReviewQueueScreen.tsx:448:5)
      at resetChoice (src/features/wallet/screens/ReviewQueueScreen.tsx:456:5)
      at next (src/features/wallet/screens/ReviewQueueScreen.tsx:619:7)
      at asyncGeneratorStep (node_modules/@babel/runtime/helpers/asyncToGenerator.js:3:17)
      at _next (node_modules/@babel/runtime/helpers/asyncToGenerator.js:17:9)

    console.error
      An update to ReviewQueueScreen inside a test was not wrapped in act(...).
      
      When testing, code that causes React state updates should be wrapped into act(...):
      
      act(() => {
        /* fire events that update state */
      });
      /* assert on the output */
      
      This ensures that you're testing the behavior the user would see in the browser. Learn more at https://react.dev/link/wrap-tests-with-act

      447 |     setIsPickingAll(false);
      448 |     setBankInput('');
    > 449 |     setOtherCurrency(null);
          |     ^
      450 |   };
      451 |
      452 |   const next = (): void => {

      at node_modules/react-test-renderer/cjs/react-test-renderer.development.js:14402:19
      at runWithFiberInDEV (node_modules/react-test-renderer/cjs/react-test-renderer.development.js:2315:13)
      at warnIfUpdatesNotWrappedWithActDEV (node_modules/react-test-renderer/cjs/react-test-renderer.development.js:14401:9)
      at scheduleUpdateOnFiber (node_modules/react-test-renderer/cjs/react-test-renderer.development.js:12086:9)
      at dispatchSetStateInternal (node_modules/react-test-renderer/cjs/react-test-renderer.development.js:6208:13)
      at dispatchSetState (node_modules/react-test-renderer/cjs/react-test-renderer.development.js:6165:7)
      at setOtherCurrency (src/features/wallet/screens/ReviewQueueScreen.tsx:449:5)
      at resetChoice (src/features/wallet/screens/ReviewQueueScreen.tsx:456:5)
      at next (src/features/wallet/screens/ReviewQueueScreen.tsx:619:7)
      at asyncGeneratorStep (node_modules/@babel/runtime/helpers/asyncToGenerator.js:3:17)
      at _next (node_modules/@babel/runtime/helpers/asyncToGenerator.js:17:9)

    console.error
      An update to ReviewQueueScreen inside a test was not wrapped in act(...).
      
      When testing, code that causes React state updates should be wrapped into act(...):
      
      act(() => {
        /* fire events that update state */
      });
      /* assert on the output */
      
      This ensures that you're testing the behavior the user would see in the browser. Learn more at https://react.dev/link/wrap-tests-with-act

      455 |     // pantalla existe para evitar. Lo mismo el monto del banco.
      456 |     resetChoice();
    > 457 |     setFocusId(null);
          |     ^
      458 |   };
      459 |
      460 |   /**

      at node_modules/react-test-renderer/cjs/react-test-renderer.development.js:14402:19
      at runWithFiberInDEV (node_modules/react-test-renderer/cjs/react-test-renderer.development.js:2315:13)
      at warnIfUpdatesNotWrappedWithActDEV (node_modules/react-test-renderer/cjs/react-test-renderer.development.js:14401:9)
      at scheduleUpdateOnFiber (node_modules/react-test-renderer/cjs/react-test-renderer.development.js:12086:9)
      at dispatchSetStateInternal (node_modules/react-test-renderer/cjs/react-test-renderer.development.js:6208:13)
      at dispatchSetState (node_modules/react-test-renderer/cjs/react-test-renderer.development.js:6165:7)
      at setFocusId (src/features/wallet/screens/ReviewQueueScreen.tsx:457:5)
      at next (src/features/wallet/screens/ReviewQueueScreen.tsx:619:7)
      at asyncGeneratorStep (node_modules/@babel/runtime/helpers/asyncToGenerator.js:3:17)
      at _next (node_modules/@babel/runtime/helpers/asyncToGenerator.js:17:9)

    console.error
      An update to ReviewQueueScreen inside a test was not wrapped in act(...).
      
      When testing, code that causes React state updates should be wrapped into act(...):
      
      act(() => {
        /* fire events that update state */
      });
      /* assert on the output */
      
      This ensures that you're testing the behavior the user would see in the browser. Learn more at https://react.dev/link/wrap-tests-with-act

      625 |     } finally {
      626 |       saving.current = false;
    > 627 |       setIsSaving(false);
          |       ^
      628 |     }
      629 |   };
      630 |

      at node_modules/react-test-renderer/cjs/react-test-renderer.development.js:14402:19
      at runWithFiberInDEV (node_modules/react-test-renderer/cjs/react-test-renderer.development.js:2315:13)
      at warnIfUpdatesNotWrappedWithActDEV (node_modules/react-test-renderer/cjs/react-test-renderer.development.js:14401:9)
      at scheduleUpdateOnFiber (node_modules/react-test-renderer/cjs/react-test-renderer.development.js:12086:9)
      at dispatchSetStateInternal (node_modules/react-test-renderer/cjs/react-test-renderer.development.js:6208:13)
      at dispatchSetState (node_modules/react-test-renderer/cjs/react-test-renderer.development.js:6165:7)
      at setIsSaving (src/features/wallet/screens/ReviewQueueScreen.tsx:627:7)
      at asyncGeneratorStep (node_modules/@babel/runtime/helpers/asyncToGenerator.js:3:17)
      at _next (node_modules/@babel/runtime/helpers/asyncToGenerator.js:17:9)

    console.error
      An update to ReviewQueueScreen inside a test was not wrapped in act(...).
      
      When testing, code that causes React state updates should be wrapped into act(...):
      
      act(() => {
        /* fire events that update state */
      });
      /* assert on the output */
      
      This ensures that you're testing the behavior the user would see in the browser. Learn more at https://react.dev/link/wrap-tests-with-act

      622 |       // pantalla pasa sola a «captura 21».
      623 |       if (isPlanLimitError(failure)) closeOtherCurrency();
    > 624 |       setError(failureMessage(failure));
          |       ^
      625 |     } finally {
      626 |       saving.current = false;
      627 |       setIsSaving(false);

      at node_modules/react-test-renderer/cjs/react-test-renderer.development.js:14402:19
      at runWithFiberInDEV (node_modules/react-test-renderer/cjs/react-test-renderer.development.js:2315:13)
      at warnIfUpdatesNotWrappedWithActDEV (node_modules/react-test-renderer/cjs/react-test-renderer.development.js:14401:9)
      at scheduleUpdateOnFiber (node_modules/react-test-renderer/cjs/react-test-renderer.development.js:12086:9)
      at dispatchSetStateInternal (node_modules/react-test-renderer/cjs/react-test-renderer.development.js:6208:13)
      at dispatchSetState (node_modules/react-test-renderer/cjs/react-test-renderer.development.js:6165:7)
      at setError (src/features/wallet/screens/ReviewQueueScreen.tsx:624:7)
          at Generator.throw (<anonymous>)
      at asyncGeneratorStep (node_modules/@babel/runtime/helpers/asyncToGenerator.js:3:17)
      at _throw (node_modules/@babel/runtime/helpers/asyncToGenerator.js:20:9)

    console.error
      An update to ReviewQueueScreen inside a test was not wrapped in act(...).
      
      When testing, code that causes React state updates should be wrapped into act(...):
      
      act(() => {
        /* fire events that update state */
      });
      /* assert on the output */
      
      This ensures that you're testing the behavior the user would see in the browser. Learn more at https://react.dev/link/wrap-tests-with-act

      625 |     } finally {
      626 |       saving.current = false;
    > 627 |       setIsSaving(false);
          |       ^
      628 |     }
      629 |   };
      630 |

      at node_modules/react-test-renderer/cjs/react-test-renderer.development.js:14402:19
      at runWithFiberInDEV (node_modules/react-test-renderer/cjs/react-test-renderer.development.js:2315:13)
      at warnIfUpdatesNotWrappedWithActDEV (node_modules/react-test-renderer/cjs/react-test-renderer.development.js:14401:9)
      at scheduleUpdateOnFiber (node_modules/react-test-renderer/cjs/react-test-renderer.development.js:12086:9)
      at dispatchSetStateInternal (node_modules/react-test-renderer/cjs/react-test-renderer.development.js:6208:13)
      at dispatchSetState (node_modules/react-test-renderer/cjs/react-test-renderer.development.js:6165:7)
      at setIsSaving (src/features/wallet/screens/ReviewQueueScreen.tsx:627:7)
          at Generator.throw (<anonymous>)
      at asyncGeneratorStep (node_modules/@babel/runtime/helpers/asyncToGenerator.js:3:17)
      at _throw (node_modules/@babel/runtime/helpers/asyncToGenerator.js:20:9)

    console.error
      An update to ReviewQueueScreen inside a test was not wrapped in act(...).
      
      When testing, code that causes React state updates should be wrapped into act(...):
      
      act(() => {
        /* fire events that update state */
      });
      /* assert on the output */
      
      This ensures that you're testing the behavior the user would see in the browser. Learn more at https://react.dev/link/wrap-tests-with-act

      585 |       next();
      586 |     } catch (failure) {
    > 587 |       setError(failureMessage(failure));
          |       ^
      588 |     } finally {saving.current = false; setIsSaving(false);}
      589 |   };
      590 |

      at node_modules/react-test-renderer/cjs/react-test-renderer.development.js:14402:19
      at runWithFiberInDEV (node_modules/react-test-renderer/cjs/react-test-renderer.development.js:2315:13)
      at warnIfUpdatesNotWrappedWithActDEV (node_modules/react-test-renderer/cjs/react-test-renderer.development.js:14401:9)
      at scheduleUpdateOnFiber (node_modules/react-test-renderer/cjs/react-test-renderer.development.js:12086:9)
      at dispatchSetStateInternal (node_modules/react-test-renderer/cjs/react-test-renderer.development.js:6208:13)
      at dispatchSetState (node_modules/react-test-renderer/cjs/react-test-renderer.development.js:6165:7)
      at Object.setError (src/features/wallet/screens/ReviewQueueScreen.tsx:587:7)
          at Generator.throw (<anonymous>)
      at asyncGeneratorStep (node_modules/@babel/runtime/helpers/asyncToGenerator.js:3:17)
      at _throw (node_modules/@babel/runtime/helpers/asyncToGenerator.js:20:9)

    console.error
      An update to ReviewQueueScreen inside a test was not wrapped in act(...).
      
      When testing, code that causes React state updates should be wrapped into act(...):
      
      act(() => {
        /* fire events that update state */
      });
      /* assert on the output */
      
      This ensures that you're testing the behavior the user would see in the browser. Learn more at https://react.dev/link/wrap-tests-with-act

      586 |     } catch (failure) {
      587 |       setError(failureMessage(failure));
    > 588 |     } finally {saving.current = false; setIsSaving(false);}
          |                                        ^
      589 |   };
      590 |
      591 |   /** Cierra la hoja «Fue en otra moneda» sin guardar nada: vuelve a la vista de antes. */

      at node_modules/react-test-renderer/cjs/react-test-renderer.development.js:14402:19
      at runWithFiberInDEV (node_modules/react-test-renderer/cjs/react-test-renderer.development.js:2315:13)
      at warnIfUpdatesNotWrappedWithActDEV (node_modules/react-test-renderer/cjs/react-test-renderer.development.js:14401:9)
      at scheduleUpdateOnFiber (node_modules/react-test-renderer/cjs/react-test-renderer.development.js:12086:9)
      at dispatchSetStateInternal (node_modules/react-test-renderer/cjs/react-test-renderer.development.js:6208:13)
      at dispatchSetState (node_modules/react-test-renderer/cjs/react-test-renderer.development.js:6165:7)
      at Object.setIsSaving (src/features/wallet/screens/ReviewQueueScreen.tsx:588:40)
          at Generator.throw (<anonymous>)
      at asyncGeneratorStep (node_modules/@babel/runtime/helpers/asyncToGenerator.js:3:17)
      at _throw (node_modules/@babel/runtime/helpers/asyncToGenerator.js:20:9)

PASS __tests__/AddExpenseSheet.test.tsx
PASS __tests__/categoryBudgets.test.ts
PASS __tests__/MoveMerchantSheet.test.tsx
PASS __tests__/parseExpenseLink.test.ts
PASS __tests__/summaryApi.test.ts
  ● Console

    console.warn
      [auth] Keychain no está enlazado en este binario; usando almacenamiento local hasta recompilar iOS.

      47 |   if (warnedMissingKeychain) return;
      48 |   warnedMissingKeychain = true;
    > 49 |   console.warn(
         |           ^
      50 |     '[auth] Keychain no está enlazado en este binario; usando almacenamiento local hasta recompilar iOS.',
      51 |   );
      52 | };

      at warn (src/features/auth/tokens.ts:49:11)
      at warnMissingKeychain (src/features/auth/tokens.ts:144:7)
      at asyncGeneratorStep (node_modules/@babel/runtime/helpers/asyncToGenerator.js:3:17)
      at _next (node_modules/@babel/runtime/helpers/asyncToGenerator.js:17:9)
      at node_modules/@babel/runtime/helpers/asyncToGenerator.js:22:7
      at node_modules/@babel/runtime/helpers/asyncToGenerator.js:14:12
      at apply (src/features/auth/tokens.ts:141:25)
      at Object.<anonymous> (__tests__/summaryApi.test.ts:119:20)
      at asyncGeneratorStep (node_modules/@babel/runtime/helpers/asyncToGenerator.js:3:17)
      at _next (node_modules/@babel/runtime/helpers/asyncToGenerator.js:17:9)

PASS __tests__/CategoriesScreen.test.tsx
  ● Console

    console.warn
      [auth] Keychain no está enlazado en este binario; usando almacenamiento local hasta recompilar iOS.

      47 |   if (warnedMissingKeychain) return;
      48 |   warnedMissingKeychain = true;
    > 49 |   console.warn(
         |           ^
      50 |     '[auth] Keychain no está enlazado en este binario; usando almacenamiento local hasta recompilar iOS.',
      51 |   );
      52 | };

      at warn (src/features/auth/tokens.ts:49:11)
      at warnMissingKeychain (src/features/auth/tokens.ts:107:31)
      at asyncGeneratorStep (node_modules/@babel/runtime/helpers/asyncToGenerator.js:3:17)
      at _next (node_modules/@babel/runtime/helpers/asyncToGenerator.js:17:9)
      at node_modules/@babel/runtime/helpers/asyncToGenerator.js:22:7
      at node_modules/@babel/runtime/helpers/asyncToGenerator.js:14:12
      at apply (src/features/auth/tokens.ts:95:24)
      at src/features/profile/accountApi.ts:15:35
      at asyncGeneratorStep (node_modules/@babel/runtime/helpers/asyncToGenerator.js:3:17)
      at _next (node_modules/@babel/runtime/helpers/asyncToGenerator.js:17:9)
      at node_modules/@babel/runtime/helpers/asyncToGenerator.js:22:7
      at node_modules/@babel/runtime/helpers/asyncToGenerator.js:14:12
      at apply (src/features/profile/accountApi.ts:14:20)
      at authorization (src/features/profile/accountApi.ts:131:22)
      at asyncGeneratorStep (node_modules/@babel/runtime/helpers/asyncToGenerator.js:3:17)
      at _next (node_modules/@babel/runtime/helpers/asyncToGenerator.js:17:9)
      at node_modules/@babel/runtime/helpers/asyncToGenerator.js:22:7
      at node_modules/@babel/runtime/helpers/asyncToGenerator.js:14:12
      at apply (src/features/profile/accountApi.ts:130:30)
      at src/shared/hooks/useProfile.ts:30:44
      at asyncGeneratorStep (node_modules/@babel/runtime/helpers/asyncToGenerator.js:3:17)
      at _next (node_modules/@babel/runtime/helpers/asyncToGenerator.js:17:9)

PASS __tests__/expenseSync.test.ts
PASS __tests__/AssociateWalletName.test.tsx
  ● Console

    console.error
      An update to AssociateWalletNameSheet inside a test was not wrapped in act(...).
      
      When testing, code that causes React state updates should be wrapped into act(...):
      
      act(() => {
        /* fire events that update state */
      });
      /* assert on the output */
      
      This ensures that you're testing the behavior the user would see in the browser. Learn more at https://react.dev/link/wrap-tests-with-act

      150 |     const result = await associateWalletName(card.id, name);
      151 |     if (!result.ok) {
    > 152 |       setError(result.message);
          |       ^
      153 |       setIsSaving(false);
      154 |       return;
      155 |     }

      at node_modules/react-test-renderer/cjs/react-test-renderer.development.js:14402:19
      at runWithFiberInDEV (node_modules/react-test-renderer/cjs/react-test-renderer.development.js:2315:13)
      at warnIfUpdatesNotWrappedWithActDEV (node_modules/react-test-renderer/cjs/react-test-renderer.development.js:14401:9)
      at scheduleUpdateOnFiber (node_modules/react-test-renderer/cjs/react-test-renderer.development.js:12086:9)
      at dispatchSetStateInternal (node_modules/react-test-renderer/cjs/react-test-renderer.development.js:6208:13)
      at dispatchSetState (node_modules/react-test-renderer/cjs/react-test-renderer.development.js:6165:7)
      at setError (src/features/wallet/screens/AssociateWalletNameSheet.tsx:152:7)
      at asyncGeneratorStep (node_modules/@babel/runtime/helpers/asyncToGenerator.js:3:17)
      at _next (node_modules/@babel/runtime/helpers/asyncToGenerator.js:17:9)

    console.error
      An update to AssociateWalletNameSheet inside a test was not wrapped in act(...).
      
      When testing, code that causes React state updates should be wrapped into act(...):
      
      act(() => {
        /* fire events that update state */
      });
      /* assert on the output */
      
      This ensures that you're testing the behavior the user would see in the browser. Learn more at https://react.dev/link/wrap-tests-with-act

      151 |     if (!result.ok) {
      152 |       setError(result.message);
    > 153 |       setIsSaving(false);
          |       ^
      154 |       return;
      155 |     }
      156 |

      at node_modules/react-test-renderer/cjs/react-test-renderer.development.js:14402:19
      at runWithFiberInDEV (node_modules/react-test-renderer/cjs/react-test-renderer.development.js:2315:13)
      at warnIfUpdatesNotWrappedWithActDEV (node_modules/react-test-renderer/cjs/react-test-renderer.development.js:14401:9)
      at scheduleUpdateOnFiber (node_modules/react-test-renderer/cjs/react-test-renderer.development.js:12086:9)
      at dispatchSetStateInternal (node_modules/react-test-renderer/cjs/react-test-renderer.development.js:6208:13)
      at dispatchSetState (node_modules/react-test-renderer/cjs/react-test-renderer.development.js:6165:7)
      at setIsSaving (src/features/wallet/screens/AssociateWalletNameSheet.tsx:153:7)
      at asyncGeneratorStep (node_modules/@babel/runtime/helpers/asyncToGenerator.js:3:17)
      at _next (node_modules/@babel/runtime/helpers/asyncToGenerator.js:17:9)

PASS __tests__/monthlySummary.test.ts
PASS __tests__/authApi.test.ts
  ● Console

    console.info
      [http][auth] POST /api/v1/auth/login · iniciando

      at info (src/features/auth/api.ts:196:13)

    console.info
      [http][auth] POST /api/v1/auth/login · completado · status=200

      at info (src/features/auth/api.ts:238:13)

    console.info
      [http][auth] POST /api/v1/auth/register · iniciando

      at info (src/features/auth/api.ts:196:13)

    console.info
      [http][auth] POST /api/v1/auth/register · completado · status=201

      at info (src/features/auth/api.ts:238:13)

    console.info
      [http][auth] POST /api/v1/auth/login · iniciando

      at info (src/features/auth/api.ts:196:13)

    console.info
      [http][auth] POST /api/v1/auth/register · iniciando

      at info (src/features/auth/api.ts:196:13)

    console.info
      [http][auth] POST /api/v1/auth/register · iniciando

      at info (src/features/auth/api.ts:196:13)

    console.info
      [http][auth] POST /api/v1/auth/register · iniciando

      at info (src/features/auth/api.ts:196:13)

    console.info
      [http][auth] POST /api/v1/auth/login · iniciando

      at info (src/features/auth/api.ts:196:13)

    console.error
      [http][auth] POST /api/v1/auth/login · error de red · Network request failed

      246 |     if (!isTimeout) {
      247 |       const detail = error instanceof Error ? error.message : 'error desconocido';
    > 248 |       console.error(`[http][auth] POST ${path} · error de red · ${detail}`);
          |               ^
      249 |     } else {
      250 |       console.warn(`[http][auth] POST ${path} · timeout`);
      251 |     }

      at error (src/features/auth/api.ts:248:15)
          at Generator.throw (<anonymous>)
      at asyncGeneratorStep (node_modules/@babel/runtime/helpers/asyncToGenerator.js:3:17)
      at _throw (node_modules/@babel/runtime/helpers/asyncToGenerator.js:20:9)

    console.info
      [http][auth] POST /api/v1/auth/login · iniciando

      at info (src/features/auth/api.ts:196:13)

    console.info
      [http][auth] POST /api/v1/auth/login · iniciando

      at info (src/features/auth/api.ts:196:13)

    console.info
      [http][auth] POST /api/v1/auth/login · iniciando

      at info (src/features/auth/api.ts:196:13)

    console.info
      [http][auth] POST /api/v1/auth/login · iniciando

      at info (src/features/auth/api.ts:196:13)

PASS __tests__/categoryMerge.test.ts
PASS __tests__/profileContext.test.ts
PASS __tests__/DeleteAccountScreen.test.tsx
PASS __tests__/authValidate.test.ts
PASS __tests__/FirstDayScreens.test.tsx
PASS __tests__/manualPendingExpense.test.ts
PASS __tests__/ProfileScreen.test.tsx
  ● Console

    console.warn
      [auth] Keychain no está enlazado en este binario; usando almacenamiento local hasta recompilar iOS.

      47 |   if (warnedMissingKeychain) return;
      48 |   warnedMissingKeychain = true;
    > 49 |   console.warn(
         |           ^
      50 |     '[auth] Keychain no está enlazado en este binario; usando almacenamiento local hasta recompilar iOS.',
      51 |   );
      52 | };

      at warn (src/features/auth/tokens.ts:49:11)
      at warnMissingKeychain (src/features/auth/tokens.ts:107:31)
      at asyncGeneratorStep (node_modules/@babel/runtime/helpers/asyncToGenerator.js:3:17)
      at _next (node_modules/@babel/runtime/helpers/asyncToGenerator.js:17:9)
      at node_modules/@babel/runtime/helpers/asyncToGenerator.js:22:7
      at node_modules/@babel/runtime/helpers/asyncToGenerator.js:14:12
      at apply (src/features/auth/tokens.ts:95:24)
      at src/features/expenses/categoryApi.ts:15:35
      at asyncGeneratorStep (node_modules/@babel/runtime/helpers/asyncToGenerator.js:3:17)
      at _next (node_modules/@babel/runtime/helpers/asyncToGenerator.js:17:9)
      at node_modules/@babel/runtime/helpers/asyncToGenerator.js:22:7
      at node_modules/@babel/runtime/helpers/asyncToGenerator.js:14:12
      at apply (src/features/expenses/categoryApi.ts:14:14)
      at request (src/features/expenses/categoryApi.ts:41:76)
      at src/features/profile/screens/ProfileScreen.tsx:164:28
      at Object.react_stack_bottom_frame (node_modules/react-test-renderer/cjs/react-test-renderer.development.js:15755:20)
      at runWithFiberInDEV (node_modules/react-test-renderer/cjs/react-test-renderer.development.js:2315:13)
      at commitHookEffectListMount (node_modules/react-test-renderer/cjs/react-test-renderer.development.js:9530:29)
      at commitHookPassiveMountEffects (node_modules/react-test-renderer/cjs/react-test-renderer.development.js:9617:11)
      at commitPassiveMountOnFiber (node_modules/react-test-renderer/cjs/react-test-renderer.development.js:11205:13)
      at recursivelyTraversePassiveMountEffects (node_modules/react-test-renderer/cjs/react-test-renderer.development.js:11160:11)
      at commitPassiveMountOnFiber (node_modules/react-test-renderer/cjs/react-test-renderer.development.js:11240:11)
      at flushPendingEffects (node_modules/react-test-renderer/cjs/react-test-renderer.development.js:14086:11)
      at performWorkOnRootViaSchedulerTask (node_modules/react-test-renderer/cjs/react-test-renderer.development.js:2896:11)
      at flushActQueue (node_modules/react/cjs/react.development.js:590:34)
      at Object.<anonymous>.process.env.NODE_ENV.exports.act (node_modules/react/cjs/react.development.js:884:10)
      at act (__tests__/ProfileScreen.test.tsx:48:27)
      at asyncGeneratorStep (node_modules/@babel/runtime/helpers/asyncToGenerator.js:3:17)
      at _next (node_modules/@babel/runtime/helpers/asyncToGenerator.js:17:9)
      at node_modules/@babel/runtime/helpers/asyncToGenerator.js:22:7
      at node_modules/@babel/runtime/helpers/asyncToGenerator.js:14:12
      at apply (__tests__/ProfileScreen.test.tsx:43:20)
      at Object.renderProfile (__tests__/ProfileScreen.test.tsx:101:22)
      at asyncGeneratorStep (node_modules/@babel/runtime/helpers/asyncToGenerator.js:3:17)
      at _next (node_modules/@babel/runtime/helpers/asyncToGenerator.js:17:9)
      at node_modules/@babel/runtime/helpers/asyncToGenerator.js:22:7
      at Object.<anonymous> (node_modules/@babel/runtime/helpers/asyncToGenerator.js:14:12)

PASS __tests__/AnimatedSplash.test.tsx
PASS __tests__/expenseApi.test.ts
  ● Console

    console.warn
      [auth] Keychain no está enlazado en este binario; usando almacenamiento local hasta recompilar iOS.

      47 |   if (warnedMissingKeychain) return;
      48 |   warnedMissingKeychain = true;
    > 49 |   console.warn(
         |           ^
      50 |     '[auth] Keychain no está enlazado en este binario; usando almacenamiento local hasta recompilar iOS.',
      51 |   );
      52 | };

      at warn (src/features/auth/tokens.ts:49:11)
      at warnMissingKeychain (src/features/auth/tokens.ts:144:7)
      at asyncGeneratorStep (node_modules/@babel/runtime/helpers/asyncToGenerator.js:3:17)
      at _next (node_modules/@babel/runtime/helpers/asyncToGenerator.js:17:9)
      at node_modules/@babel/runtime/helpers/asyncToGenerator.js:22:7
      at node_modules/@babel/runtime/helpers/asyncToGenerator.js:14:12
      at apply (src/features/auth/tokens.ts:141:25)
      at Object.<anonymous> (__tests__/expenseApi.test.ts:47:20)
      at asyncGeneratorStep (node_modules/@babel/runtime/helpers/asyncToGenerator.js:3:17)
      at _next (node_modules/@babel/runtime/helpers/asyncToGenerator.js:17:9)

PASS __tests__/notificationContext.test.ts
PASS __tests__/format.test.ts
PASS __tests__/passwordApi.test.ts
PASS __tests__/App.test.tsx (8.617 s)
  ● Console

    console.warn
      [auth] Keychain no está enlazado en este binario; usando almacenamiento local hasta recompilar iOS.

      47 |   if (warnedMissingKeychain) return;
      48 |   warnedMissingKeychain = true;
    > 49 |   console.warn(
         |           ^
      50 |     '[auth] Keychain no está enlazado en este binario; usando almacenamiento local hasta recompilar iOS.',
      51 |   );
      52 | };

      at warn (src/features/auth/tokens.ts:49:11)
      at warnMissingKeychain (src/features/auth/tokens.ts:144:7)
      at asyncGeneratorStep (node_modules/@babel/runtime/helpers/asyncToGenerator.js:3:17)
      at _next (node_modules/@babel/runtime/helpers/asyncToGenerator.js:17:9)
      at node_modules/@babel/runtime/helpers/asyncToGenerator.js:22:7
      at node_modules/@babel/runtime/helpers/asyncToGenerator.js:14:12
      at apply (src/features/auth/tokens.ts:141:25)
      at Object.<anonymous> (__tests__/App.test.tsx:160:20)
      at asyncGeneratorStep (node_modules/@babel/runtime/helpers/asyncToGenerator.js:3:17)
      at _next (node_modules/@babel/runtime/helpers/asyncToGenerator.js:17:9)

    console.error
      An update to SplashProvider inside a test was not wrapped in act(...).
      
      When testing, code that causes React state updates should be wrapped into act(...):
      
      act(() => {
        /* fire events that update state */
      });
      /* assert on the output */
      
      This ensures that you're testing the behavior the user would see in the browser. Learn more at https://react.dev/link/wrap-tests-with-act

      88 |           }
      89 |         });
    > 90 |         if (!cancelled) setConnectionFailed(!healthy);
         |                         ^
      91 |         if (healthy) await bootstrapRef.current?.();
      92 |       } catch (error) {
      93 |         // Un fallo de arranque no debe dejar al usuario atrapado en el splash:

      at node_modules/react-test-renderer/cjs/react-test-renderer.development.js:14402:19
      at runWithFiberInDEV (node_modules/react-test-renderer/cjs/react-test-renderer.development.js:2315:13)
      at warnIfUpdatesNotWrappedWithActDEV (node_modules/react-test-renderer/cjs/react-test-renderer.development.js:14401:9)
      at scheduleUpdateOnFiber (node_modules/react-test-renderer/cjs/react-test-renderer.development.js:12086:9)
      at dispatchSetStateInternal (node_modules/react-test-renderer/cjs/react-test-renderer.development.js:6208:13)
      at dispatchSetState (node_modules/react-test-renderer/cjs/react-test-renderer.development.js:6165:7)
      at setConnectionFailed (src/app/providers/SplashProvider.tsx:90:25)
      at asyncGeneratorStep (node_modules/@babel/runtime/helpers/asyncToGenerator.js:3:17)
      at _next (node_modules/@babel/runtime/helpers/asyncToGenerator.js:17:9)

    console.info
      [http][keycloak] POST /realms/paktay/protocol/openid-connect/token · renovando sesión

      at info (src/features/auth/restoreSession.ts:36:11)

    console.error
      [http][keycloak] POST /realms/paktay/protocol/openid-connect/token · error de red · Una prueba intentó salir a la red: https://keycloak.rocketsoftwarecore.com/realms/paktay/protocol/openid-connect/token. Usa fakeAuthServer() para programar la respuesta.

      79 |     // para volver a intentarlo en el siguiente arranque, pero no se entra al Home.
      80 |     const detail = error instanceof Error ? error.message : 'error desconocido';
    > 81 |     console.error(`[http][keycloak] POST ${refreshPath} · error de red · ${detail}`);
         |             ^
      82 |     return 'signed-out';
      83 |   }
      84 | };

      at error (src/features/auth/restoreSession.ts:81:13)
          at Generator.throw (<anonymous>)
      at asyncGeneratorStep (node_modules/@babel/runtime/helpers/asyncToGenerator.js:3:17)
      at _throw (node_modules/@babel/runtime/helpers/asyncToGenerator.js:20:9)

    console.info
      [http][business] GET /api/v1/user/profile · consultando perfil

      at info (src/features/profile/accountApi.ts:135:13)

    console.error
      [http][business] GET /api/v1/user/profile · error de red · Una prueba intentó salir a la red: https://paktay.rocketsoftwarecore.com/api/v1/user/profile. Usa fakeAuthServer() para programar la respuesta.

      171 |   } catch (error) {
      172 |     const detail = error instanceof Error ? error.message : 'error desconocido';
    > 173 |     console.error(`[http][business] GET ${path} · error de red · ${detail}`);
          |             ^
      174 |     return {ok: false, message: 'No pudimos conectar con el servicio de perfil.'};
      175 |   }
      176 | };

      at error (src/features/profile/accountApi.ts:173:13)
          at Generator.throw (<anonymous>)
      at asyncGeneratorStep (node_modules/@babel/runtime/helpers/asyncToGenerator.js:3:17)
      at _throw (node_modules/@babel/runtime/helpers/asyncToGenerator.js:20:9)

    console.error
      An update to SplashProvider inside a test was not wrapped in act(...).
      
      When testing, code that causes React state updates should be wrapped into act(...):
      
      act(() => {
        /* fire events that update state */
      });
      /* assert on the output */
      
      This ensures that you're testing the behavior the user would see in the browser. Learn more at https://react.dev/link/wrap-tests-with-act

      88 |           }
      89 |         });
    > 90 |         if (!cancelled) setConnectionFailed(!healthy);
         |                         ^
      91 |         if (healthy) await bootstrapRef.current?.();
      92 |       } catch (error) {
      93 |         // Un fallo de arranque no debe dejar al usuario atrapado en el splash:

      at node_modules/react-test-renderer/cjs/react-test-renderer.development.js:14402:19
      at runWithFiberInDEV (node_modules/react-test-renderer/cjs/react-test-renderer.development.js:2315:13)
      at warnIfUpdatesNotWrappedWithActDEV (node_modules/react-test-renderer/cjs/react-test-renderer.development.js:14401:9)
      at scheduleUpdateOnFiber (node_modules/react-test-renderer/cjs/react-test-renderer.development.js:12086:9)
      at dispatchSetStateInternal (node_modules/react-test-renderer/cjs/react-test-renderer.development.js:6208:13)
      at dispatchSetState (node_modules/react-test-renderer/cjs/react-test-renderer.development.js:6165:7)
      at setConnectionFailed (src/app/providers/SplashProvider.tsx:90:25)
      at asyncGeneratorStep (node_modules/@babel/runtime/helpers/asyncToGenerator.js:3:17)
      at _next (node_modules/@babel/runtime/helpers/asyncToGenerator.js:17:9)

    console.info
      [http][keycloak] POST /realms/paktay/protocol/openid-connect/token · renovando sesión

      at info (src/features/auth/restoreSession.ts:36:11)

    console.error
      [http][keycloak] POST /realms/paktay/protocol/openid-connect/token · error de red · Una prueba intentó salir a la red: https://keycloak.rocketsoftwarecore.com/realms/paktay/protocol/openid-connect/token. Usa fakeAuthServer() para programar la respuesta.

      79 |     // para volver a intentarlo en el siguiente arranque, pero no se entra al Home.
      80 |     const detail = error instanceof Error ? error.message : 'error desconocido';
    > 81 |     console.error(`[http][keycloak] POST ${refreshPath} · error de red · ${detail}`);
         |             ^
      82 |     return 'signed-out';
      83 |   }
      84 | };

      at error (src/features/auth/restoreSession.ts:81:13)
          at Generator.throw (<anonymous>)
      at asyncGeneratorStep (node_modules/@babel/runtime/helpers/asyncToGenerator.js:3:17)
      at _throw (node_modules/@babel/runtime/helpers/asyncToGenerator.js:20:9)

    console.info
      [http][business] GET /api/v1/user/profile · consultando perfil

      at info (src/features/profile/accountApi.ts:135:13)

    console.error
      [http][business] GET /api/v1/user/profile · error de red · Una prueba intentó salir a la red: https://paktay.rocketsoftwarecore.com/api/v1/user/profile. Usa fakeAuthServer() para programar la respuesta.

      171 |   } catch (error) {
      172 |     const detail = error instanceof Error ? error.message : 'error desconocido';
    > 173 |     console.error(`[http][business] GET ${path} · error de red · ${detail}`);
          |             ^
      174 |     return {ok: false, message: 'No pudimos conectar con el servicio de perfil.'};
      175 |   }
      176 | };

      at error (src/features/profile/accountApi.ts:173:13)
          at Generator.throw (<anonymous>)
      at asyncGeneratorStep (node_modules/@babel/runtime/helpers/asyncToGenerator.js:3:17)
      at _throw (node_modules/@babel/runtime/helpers/asyncToGenerator.js:20:9)

    console.info
      [http][business] GET /api/v1/user/profile · consultando perfil

      at info (src/features/profile/accountApi.ts:135:13)

    console.info
      [http][business] GET /api/v1/user/profile · consultando perfil

      at info (src/features/profile/accountApi.ts:135:13)

    console.error
      [http][business] GET /api/v1/user/profile · error de red · Una prueba intentó salir a la red: https://paktay.rocketsoftwarecore.com/api/v1/user/profile. Usa fakeAuthServer() para programar la respuesta.

      171 |   } catch (error) {
      172 |     const detail = error instanceof Error ? error.message : 'error desconocido';
    > 173 |     console.error(`[http][business] GET ${path} · error de red · ${detail}`);
          |             ^
      174 |     return {ok: false, message: 'No pudimos conectar con el servicio de perfil.'};
      175 |   }
      176 | };

      at error (src/features/profile/accountApi.ts:173:13)
          at Generator.throw (<anonymous>)
      at asyncGeneratorStep (node_modules/@babel/runtime/helpers/asyncToGenerator.js:3:17)
      at _throw (node_modules/@babel/runtime/helpers/asyncToGenerator.js:20:9)

    console.error
      [http][business] GET /api/v1/user/profile · error de red · Una prueba intentó salir a la red: https://paktay.rocketsoftwarecore.com/api/v1/user/profile. Usa fakeAuthServer() para programar la respuesta.

      171 |   } catch (error) {
      172 |     const detail = error instanceof Error ? error.message : 'error desconocido';
    > 173 |     console.error(`[http][business] GET ${path} · error de red · ${detail}`);
          |             ^
      174 |     return {ok: false, message: 'No pudimos conectar con el servicio de perfil.'};
      175 |   }
      176 | };

      at error (src/features/profile/accountApi.ts:173:13)
          at Generator.throw (<anonymous>)
      at asyncGeneratorStep (node_modules/@babel/runtime/helpers/asyncToGenerator.js:3:17)
      at _throw (node_modules/@babel/runtime/helpers/asyncToGenerator.js:20:9)

    console.error
      An update to SplashProvider inside a test was not wrapped in act(...).
      
      When testing, code that causes React state updates should be wrapped into act(...):
      
      act(() => {
        /* fire events that update state */
      });
      /* assert on the output */
      
      This ensures that you're testing the behavior the user would see in the browser. Learn more at https://react.dev/link/wrap-tests-with-act

      88 |           }
      89 |         });
    > 90 |         if (!cancelled) setConnectionFailed(!healthy);
         |                         ^
      91 |         if (healthy) await bootstrapRef.current?.();
      92 |       } catch (error) {
      93 |         // Un fallo de arranque no debe dejar al usuario atrapado en el splash:

      at node_modules/react-test-renderer/cjs/react-test-renderer.development.js:14402:19
      at runWithFiberInDEV (node_modules/react-test-renderer/cjs/react-test-renderer.development.js:2315:13)
      at warnIfUpdatesNotWrappedWithActDEV (node_modules/react-test-renderer/cjs/react-test-renderer.development.js:14401:9)
      at scheduleUpdateOnFiber (node_modules/react-test-renderer/cjs/react-test-renderer.development.js:12086:9)
      at dispatchSetStateInternal (node_modules/react-test-renderer/cjs/react-test-renderer.development.js:6208:13)
      at dispatchSetState (node_modules/react-test-renderer/cjs/react-test-renderer.development.js:6165:7)
      at setConnectionFailed (src/app/providers/SplashProvider.tsx:90:25)
      at asyncGeneratorStep (node_modules/@babel/runtime/helpers/asyncToGenerator.js:3:17)
      at _next (node_modules/@babel/runtime/helpers/asyncToGenerator.js:17:9)

    console.info
      [http][keycloak] POST /realms/paktay/protocol/openid-connect/token · renovando sesión

      at info (src/features/auth/restoreSession.ts:36:11)

    console.error
      [http][keycloak] POST /realms/paktay/protocol/openid-connect/token · error de red · Una prueba intentó salir a la red: https://keycloak.rocketsoftwarecore.com/realms/paktay/protocol/openid-connect/token. Usa fakeAuthServer() para programar la respuesta.

      79 |     // para volver a intentarlo en el siguiente arranque, pero no se entra al Home.
      80 |     const detail = error instanceof Error ? error.message : 'error desconocido';
    > 81 |     console.error(`[http][keycloak] POST ${refreshPath} · error de red · ${detail}`);
         |             ^
      82 |     return 'signed-out';
      83 |   }
      84 | };

      at error (src/features/auth/restoreSession.ts:81:13)
          at Generator.throw (<anonymous>)
      at asyncGeneratorStep (node_modules/@babel/runtime/helpers/asyncToGenerator.js:3:17)
      at _throw (node_modules/@babel/runtime/helpers/asyncToGenerator.js:20:9)

    console.info
      [http][business] GET /api/v1/user/profile · consultando perfil

      at info (src/features/profile/accountApi.ts:135:13)

    console.error
      [http][business] GET /api/v1/user/profile · error de red · Una prueba intentó salir a la red: https://paktay.rocketsoftwarecore.com/api/v1/user/profile. Usa fakeAuthServer() para programar la respuesta.

      171 |   } catch (error) {
      172 |     const detail = error instanceof Error ? error.message : 'error desconocido';
    > 173 |     console.error(`[http][business] GET ${path} · error de red · ${detail}`);
          |             ^
      174 |     return {ok: false, message: 'No pudimos conectar con el servicio de perfil.'};
      175 |   }
      176 | };

      at error (src/features/profile/accountApi.ts:173:13)
          at Generator.throw (<anonymous>)
      at asyncGeneratorStep (node_modules/@babel/runtime/helpers/asyncToGenerator.js:3:17)
      at _throw (node_modules/@babel/runtime/helpers/asyncToGenerator.js:20:9)

    console.info
      [http][business] GET /api/v1/user/profile · consultando perfil

      at info (src/features/profile/accountApi.ts:135:13)

    console.info
      [http][business] GET /api/v1/user/profile · consultando perfil

      at info (src/features/profile/accountApi.ts:135:13)

    console.error
      [http][business] GET /api/v1/user/profile · error de red · Una prueba intentó salir a la red: https://paktay.rocketsoftwarecore.com/api/v1/user/profile. Usa fakeAuthServer() para programar la respuesta.

      171 |   } catch (error) {
      172 |     const detail = error instanceof Error ? error.message : 'error desconocido';
    > 173 |     console.error(`[http][business] GET ${path} · error de red · ${detail}`);
          |             ^
      174 |     return {ok: false, message: 'No pudimos conectar con el servicio de perfil.'};
      175 |   }
      176 | };

      at error (src/features/profile/accountApi.ts:173:13)
          at Generator.throw (<anonymous>)
      at asyncGeneratorStep (node_modules/@babel/runtime/helpers/asyncToGenerator.js:3:17)
      at _throw (node_modules/@babel/runtime/helpers/asyncToGenerator.js:20:9)

    console.error
      [http][business] GET /api/v1/user/profile · error de red · Una prueba intentó salir a la red: https://paktay.rocketsoftwarecore.com/api/v1/user/profile. Usa fakeAuthServer() para programar la respuesta.

      171 |   } catch (error) {
      172 |     const detail = error instanceof Error ? error.message : 'error desconocido';
    > 173 |     console.error(`[http][business] GET ${path} · error de red · ${detail}`);
          |             ^
      174 |     return {ok: false, message: 'No pudimos conectar con el servicio de perfil.'};
      175 |   }
      176 | };

      at error (src/features/profile/accountApi.ts:173:13)
          at Generator.throw (<anonymous>)
      at asyncGeneratorStep (node_modules/@babel/runtime/helpers/asyncToGenerator.js:3:17)
      at _throw (node_modules/@babel/runtime/helpers/asyncToGenerator.js:20:9)

    console.error
      An update to SplashProvider inside a test was not wrapped in act(...).
      
      When testing, code that causes React state updates should be wrapped into act(...):
      
      act(() => {
        /* fire events that update state */
      });
      /* assert on the output */
      
      This ensures that you're testing the behavior the user would see in the browser. Learn more at https://react.dev/link/wrap-tests-with-act

      88 |           }
      89 |         });
    > 90 |         if (!cancelled) setConnectionFailed(!healthy);
         |                         ^
      91 |         if (healthy) await bootstrapRef.current?.();
      92 |       } catch (error) {
      93 |         // Un fallo de arranque no debe dejar al usuario atrapado en el splash:

      at node_modules/react-test-renderer/cjs/react-test-renderer.development.js:14402:19
      at runWithFiberInDEV (node_modules/react-test-renderer/cjs/react-test-renderer.development.js:2315:13)
      at warnIfUpdatesNotWrappedWithActDEV (node_modules/react-test-renderer/cjs/react-test-renderer.development.js:14401:9)
      at scheduleUpdateOnFiber (node_modules/react-test-renderer/cjs/react-test-renderer.development.js:12086:9)
      at dispatchSetStateInternal (node_modules/react-test-renderer/cjs/react-test-renderer.development.js:6208:13)
      at dispatchSetState (node_modules/react-test-renderer/cjs/react-test-renderer.development.js:6165:7)
      at setConnectionFailed (src/app/providers/SplashProvider.tsx:90:25)
      at asyncGeneratorStep (node_modules/@babel/runtime/helpers/asyncToGenerator.js:3:17)
      at _next (node_modules/@babel/runtime/helpers/asyncToGenerator.js:17:9)

    console.info
      [http][keycloak] POST /realms/paktay/protocol/openid-connect/token · renovando sesión

      at info (src/features/auth/restoreSession.ts:36:11)

    console.error
      [http][keycloak] POST /realms/paktay/protocol/openid-connect/token · error de red · Una prueba intentó salir a la red: https://keycloak.rocketsoftwarecore.com/realms/paktay/protocol/openid-connect/token. Usa fakeAuthServer() para programar la respuesta.

      79 |     // para volver a intentarlo en el siguiente arranque, pero no se entra al Home.
      80 |     const detail = error instanceof Error ? error.message : 'error desconocido';
    > 81 |     console.error(`[http][keycloak] POST ${refreshPath} · error de red · ${detail}`);
         |             ^
      82 |     return 'signed-out';
      83 |   }
      84 | };

      at error (src/features/auth/restoreSession.ts:81:13)
          at Generator.throw (<anonymous>)
      at asyncGeneratorStep (node_modules/@babel/runtime/helpers/asyncToGenerator.js:3:17)
      at _throw (node_modules/@babel/runtime/helpers/asyncToGenerator.js:20:9)

    console.info
      [http][business] GET /api/v1/user/profile · consultando perfil

      at info (src/features/profile/accountApi.ts:135:13)

    console.error
      [http][business] GET /api/v1/user/profile · error de red · Una prueba intentó salir a la red: https://paktay.rocketsoftwarecore.com/api/v1/user/profile. Usa fakeAuthServer() para programar la respuesta.

      171 |   } catch (error) {
      172 |     const detail = error instanceof Error ? error.message : 'error desconocido';
    > 173 |     console.error(`[http][business] GET ${path} · error de red · ${detail}`);
          |             ^
      174 |     return {ok: false, message: 'No pudimos conectar con el servicio de perfil.'};
      175 |   }
      176 | };

      at error (src/features/profile/accountApi.ts:173:13)
          at Generator.throw (<anonymous>)
      at asyncGeneratorStep (node_modules/@babel/runtime/helpers/asyncToGenerator.js:3:17)
      at _throw (node_modules/@babel/runtime/helpers/asyncToGenerator.js:20:9)

    console.info
      [http][business] GET /api/v1/user/profile · consultando perfil

      at info (src/features/profile/accountApi.ts:135:13)

    console.info
      [http][business] GET /api/v1/user/profile · consultando perfil

      at info (src/features/profile/accountApi.ts:135:13)

    console.error
      [http][business] GET /api/v1/user/profile · error de red · Una prueba intentó salir a la red: https://paktay.rocketsoftwarecore.com/api/v1/user/profile. Usa fakeAuthServer() para programar la respuesta.

      171 |   } catch (error) {
      172 |     const detail = error instanceof Error ? error.message : 'error desconocido';
    > 173 |     console.error(`[http][business] GET ${path} · error de red · ${detail}`);
          |             ^
      174 |     return {ok: false, message: 'No pudimos conectar con el servicio de perfil.'};
      175 |   }
      176 | };

      at error (src/features/profile/accountApi.ts:173:13)
          at Generator.throw (<anonymous>)
      at asyncGeneratorStep (node_modules/@babel/runtime/helpers/asyncToGenerator.js:3:17)
      at _throw (node_modules/@babel/runtime/helpers/asyncToGenerator.js:20:9)

    console.error
      [http][business] GET /api/v1/user/profile · error de red · Una prueba intentó salir a la red: https://paktay.rocketsoftwarecore.com/api/v1/user/profile. Usa fakeAuthServer() para programar la respuesta.

      171 |   } catch (error) {
      172 |     const detail = error instanceof Error ? error.message : 'error desconocido';
    > 173 |     console.error(`[http][business] GET ${path} · error de red · ${detail}`);
          |             ^
      174 |     return {ok: false, message: 'No pudimos conectar con el servicio de perfil.'};
      175 |   }
      176 | };

      at error (src/features/profile/accountApi.ts:173:13)
          at Generator.throw (<anonymous>)
      at asyncGeneratorStep (node_modules/@babel/runtime/helpers/asyncToGenerator.js:3:17)
      at _throw (node_modules/@babel/runtime/helpers/asyncToGenerator.js:20:9)

    console.error
      An update to SplashProvider inside a test was not wrapped in act(...).
      
      When testing, code that causes React state updates should be wrapped into act(...):
      
      act(() => {
        /* fire events that update state */
      });
      /* assert on the output */
      
      This ensures that you're testing the behavior the user would see in the browser. Learn more at https://react.dev/link/wrap-tests-with-act

      88 |           }
      89 |         });
    > 90 |         if (!cancelled) setConnectionFailed(!healthy);
         |                         ^
      91 |         if (healthy) await bootstrapRef.current?.();
      92 |       } catch (error) {
      93 |         // Un fallo de arranque no debe dejar al usuario atrapado en el splash:

      at node_modules/react-test-renderer/cjs/react-test-renderer.development.js:14402:19
      at runWithFiberInDEV (node_modules/react-test-renderer/cjs/react-test-renderer.development.js:2315:13)
      at warnIfUpdatesNotWrappedWithActDEV (node_modules/react-test-renderer/cjs/react-test-renderer.development.js:14401:9)
      at scheduleUpdateOnFiber (node_modules/react-test-renderer/cjs/react-test-renderer.development.js:12086:9)
      at dispatchSetStateInternal (node_modules/react-test-renderer/cjs/react-test-renderer.development.js:6208:13)
      at dispatchSetState (node_modules/react-test-renderer/cjs/react-test-renderer.development.js:6165:7)
      at setConnectionFailed (src/app/providers/SplashProvider.tsx:90:25)
      at asyncGeneratorStep (node_modules/@babel/runtime/helpers/asyncToGenerator.js:3:17)
      at _next (node_modules/@babel/runtime/helpers/asyncToGenerator.js:17:9)

    console.info
      [http][keycloak] POST /realms/paktay/protocol/openid-connect/token · renovando sesión

      at info (src/features/auth/restoreSession.ts:36:11)

    console.error
      [http][keycloak] POST /realms/paktay/protocol/openid-connect/token · error de red · Una prueba intentó salir a la red: https://keycloak.rocketsoftwarecore.com/realms/paktay/protocol/openid-connect/token. Usa fakeAuthServer() para programar la respuesta.

      79 |     // para volver a intentarlo en el siguiente arranque, pero no se entra al Home.
      80 |     const detail = error instanceof Error ? error.message : 'error desconocido';
    > 81 |     console.error(`[http][keycloak] POST ${refreshPath} · error de red · ${detail}`);
         |             ^
      82 |     return 'signed-out';
      83 |   }
      84 | };

      at error (src/features/auth/restoreSession.ts:81:13)
          at Generator.throw (<anonymous>)
      at asyncGeneratorStep (node_modules/@babel/runtime/helpers/asyncToGenerator.js:3:17)
      at _throw (node_modules/@babel/runtime/helpers/asyncToGenerator.js:20:9)

    console.info
      [http][business] GET /api/v1/user/profile · consultando perfil

      at info (src/features/profile/accountApi.ts:135:13)

    console.error
      [http][business] GET /api/v1/user/profile · error de red · Una prueba intentó salir a la red: https://paktay.rocketsoftwarecore.com/api/v1/user/profile. Usa fakeAuthServer() para programar la respuesta.

      171 |   } catch (error) {
      172 |     const detail = error instanceof Error ? error.message : 'error desconocido';
    > 173 |     console.error(`[http][business] GET ${path} · error de red · ${detail}`);
          |             ^
      174 |     return {ok: false, message: 'No pudimos conectar con el servicio de perfil.'};
      175 |   }
      176 | };

      at error (src/features/profile/accountApi.ts:173:13)
          at Generator.throw (<anonymous>)
      at asyncGeneratorStep (node_modules/@babel/runtime/helpers/asyncToGenerator.js:3:17)
      at _throw (node_modules/@babel/runtime/helpers/asyncToGenerator.js:20:9)

    console.info
      [http][business] GET /api/v1/user/profile · consultando perfil

      at info (src/features/profile/accountApi.ts:135:13)

    console.info
      [http][business] GET /api/v1/user/profile · consultando perfil

      at info (src/features/profile/accountApi.ts:135:13)

    console.error
      [http][business] GET /api/v1/user/profile · error de red · Una prueba intentó salir a la red: https://paktay.rocketsoftwarecore.com/api/v1/user/profile. Usa fakeAuthServer() para programar la respuesta.

      171 |   } catch (error) {
      172 |     const detail = error instanceof Error ? error.message : 'error desconocido';
    > 173 |     console.error(`[http][business] GET ${path} · error de red · ${detail}`);
          |             ^
      174 |     return {ok: false, message: 'No pudimos conectar con el servicio de perfil.'};
      175 |   }
      176 | };

      at error (src/features/profile/accountApi.ts:173:13)
          at Generator.throw (<anonymous>)
      at asyncGeneratorStep (node_modules/@babel/runtime/helpers/asyncToGenerator.js:3:17)
      at _throw (node_modules/@babel/runtime/helpers/asyncToGenerator.js:20:9)

    console.error
      [http][business] GET /api/v1/user/profile · error de red · Una prueba intentó salir a la red: https://paktay.rocketsoftwarecore.com/api/v1/user/profile. Usa fakeAuthServer() para programar la respuesta.

      171 |   } catch (error) {
      172 |     const detail = error instanceof Error ? error.message : 'error desconocido';
    > 173 |     console.error(`[http][business] GET ${path} · error de red · ${detail}`);
          |             ^
      174 |     return {ok: false, message: 'No pudimos conectar con el servicio de perfil.'};
      175 |   }
      176 | };

      at error (src/features/profile/accountApi.ts:173:13)
          at Generator.throw (<anonymous>)
      at asyncGeneratorStep (node_modules/@babel/runtime/helpers/asyncToGenerator.js:3:17)
      at _throw (node_modules/@babel/runtime/helpers/asyncToGenerator.js:20:9)

    console.info
      [http][business] GET /api/v1/user/profile · consultando perfil

      at info (src/features/profile/accountApi.ts:135:13)

    console.error
      [http][business] GET /api/v1/user/profile · error de red · Una prueba intentó salir a la red: https://paktay.rocketsoftwarecore.com/api/v1/user/profile. Usa fakeAuthServer() para programar la respuesta.

      171 |   } catch (error) {
      172 |     const detail = error instanceof Error ? error.message : 'error desconocido';
    > 173 |     console.error(`[http][business] GET ${path} · error de red · ${detail}`);
          |             ^
      174 |     return {ok: false, message: 'No pudimos conectar con el servicio de perfil.'};
      175 |   }
      176 | };

      at error (src/features/profile/accountApi.ts:173:13)
          at Generator.throw (<anonymous>)
      at asyncGeneratorStep (node_modules/@babel/runtime/helpers/asyncToGenerator.js:3:17)
      at _throw (node_modules/@babel/runtime/helpers/asyncToGenerator.js:20:9)

    console.error
      An update to SplashProvider inside a test was not wrapped in act(...).
      
      When testing, code that causes React state updates should be wrapped into act(...):
      
      act(() => {
        /* fire events that update state */
      });
      /* assert on the output */
      
      This ensures that you're testing the behavior the user would see in the browser. Learn more at https://react.dev/link/wrap-tests-with-act

      88 |           }
      89 |         });
    > 90 |         if (!cancelled) setConnectionFailed(!healthy);
         |                         ^
      91 |         if (healthy) await bootstrapRef.current?.();
      92 |       } catch (error) {
      93 |         // Un fallo de arranque no debe dejar al usuario atrapado en el splash:

      at node_modules/react-test-renderer/cjs/react-test-renderer.development.js:14402:19
      at runWithFiberInDEV (node_modules/react-test-renderer/cjs/react-test-renderer.development.js:2315:13)
      at warnIfUpdatesNotWrappedWithActDEV (node_modules/react-test-renderer/cjs/react-test-renderer.development.js:14401:9)
      at scheduleUpdateOnFiber (node_modules/react-test-renderer/cjs/react-test-renderer.development.js:12086:9)
      at dispatchSetStateInternal (node_modules/react-test-renderer/cjs/react-test-renderer.development.js:6208:13)
      at dispatchSetState (node_modules/react-test-renderer/cjs/react-test-renderer.development.js:6165:7)
      at setConnectionFailed (src/app/providers/SplashProvider.tsx:90:25)
      at asyncGeneratorStep (node_modules/@babel/runtime/helpers/asyncToGenerator.js:3:17)
      at _next (node_modules/@babel/runtime/helpers/asyncToGenerator.js:17:9)

    console.info
      [http][keycloak] POST /realms/paktay/protocol/openid-connect/token · renovando sesión

      at info (src/features/auth/restoreSession.ts:36:11)

    console.error
      [http][keycloak] POST /realms/paktay/protocol/openid-connect/token · error de red · Una prueba intentó salir a la red: https://keycloak.rocketsoftwarecore.com/realms/paktay/protocol/openid-connect/token. Usa fakeAuthServer() para programar la respuesta.

      79 |     // para volver a intentarlo en el siguiente arranque, pero no se entra al Home.
      80 |     const detail = error instanceof Error ? error.message : 'error desconocido';
    > 81 |     console.error(`[http][keycloak] POST ${refreshPath} · error de red · ${detail}`);
         |             ^
      82 |     return 'signed-out';
      83 |   }
      84 | };

      at error (src/features/auth/restoreSession.ts:81:13)
          at Generator.throw (<anonymous>)
      at asyncGeneratorStep (node_modules/@babel/runtime/helpers/asyncToGenerator.js:3:17)
      at _throw (node_modules/@babel/runtime/helpers/asyncToGenerator.js:20:9)

    console.info
      [http][business] GET /api/v1/user/profile · consultando perfil

      at info (src/features/profile/accountApi.ts:135:13)

    console.error
      [http][business] GET /api/v1/user/profile · error de red · Una prueba intentó salir a la red: https://paktay.rocketsoftwarecore.com/api/v1/user/profile. Usa fakeAuthServer() para programar la respuesta.

      171 |   } catch (error) {
      172 |     const detail = error instanceof Error ? error.message : 'error desconocido';
    > 173 |     console.error(`[http][business] GET ${path} · error de red · ${detail}`);
          |             ^
      174 |     return {ok: false, message: 'No pudimos conectar con el servicio de perfil.'};
      175 |   }
      176 | };

      at error (src/features/profile/accountApi.ts:173:13)
          at Generator.throw (<anonymous>)
      at asyncGeneratorStep (node_modules/@babel/runtime/helpers/asyncToGenerator.js:3:17)
      at _throw (node_modules/@babel/runtime/helpers/asyncToGenerator.js:20:9)

    console.info
      [http][business] GET /api/v1/user/profile · consultando perfil

      at info (src/features/profile/accountApi.ts:135:13)

    console.info
      [http][business] GET /api/v1/user/profile · consultando perfil

      at info (src/features/profile/accountApi.ts:135:13)

    console.error
      [http][business] GET /api/v1/user/profile · error de red · Una prueba intentó salir a la red: https://paktay.rocketsoftwarecore.com/api/v1/user/profile. Usa fakeAuthServer() para programar la respuesta.

      171 |   } catch (error) {
      172 |     const detail = error instanceof Error ? error.message : 'error desconocido';
    > 173 |     console.error(`[http][business] GET ${path} · error de red · ${detail}`);
          |             ^
      174 |     return {ok: false, message: 'No pudimos conectar con el servicio de perfil.'};
      175 |   }
      176 | };

      at error (src/features/profile/accountApi.ts:173:13)
          at Generator.throw (<anonymous>)
      at asyncGeneratorStep (node_modules/@babel/runtime/helpers/asyncToGenerator.js:3:17)
      at _throw (node_modules/@babel/runtime/helpers/asyncToGenerator.js:20:9)

    console.error
      [http][business] GET /api/v1/user/profile · error de red · Una prueba intentó salir a la red: https://paktay.rocketsoftwarecore.com/api/v1/user/profile. Usa fakeAuthServer() para programar la respuesta.

      171 |   } catch (error) {
      172 |     const detail = error instanceof Error ? error.message : 'error desconocido';
    > 173 |     console.error(`[http][business] GET ${path} · error de red · ${detail}`);
          |             ^
      174 |     return {ok: false, message: 'No pudimos conectar con el servicio de perfil.'};
      175 |   }
      176 | };

      at error (src/features/profile/accountApi.ts:173:13)
          at Generator.throw (<anonymous>)
      at asyncGeneratorStep (node_modules/@babel/runtime/helpers/asyncToGenerator.js:3:17)
      at _throw (node_modules/@babel/runtime/helpers/asyncToGenerator.js:20:9)

    console.error
      An update to SplashProvider inside a test was not wrapped in act(...).
      
      When testing, code that causes React state updates should be wrapped into act(...):
      
      act(() => {
        /* fire events that update state */
      });
      /* assert on the output */
      
      This ensures that you're testing the behavior the user would see in the browser. Learn more at https://react.dev/link/wrap-tests-with-act

      88 |           }
      89 |         });
    > 90 |         if (!cancelled) setConnectionFailed(!healthy);
         |                         ^
      91 |         if (healthy) await bootstrapRef.current?.();
      92 |       } catch (error) {
      93 |         // Un fallo de arranque no debe dejar al usuario atrapado en el splash:

      at node_modules/react-test-renderer/cjs/react-test-renderer.development.js:14402:19
      at runWithFiberInDEV (node_modules/react-test-renderer/cjs/react-test-renderer.development.js:2315:13)
      at warnIfUpdatesNotWrappedWithActDEV (node_modules/react-test-renderer/cjs/react-test-renderer.development.js:14401:9)
      at scheduleUpdateOnFiber (node_modules/react-test-renderer/cjs/react-test-renderer.development.js:12086:9)
      at dispatchSetStateInternal (node_modules/react-test-renderer/cjs/react-test-renderer.development.js:6208:13)
      at dispatchSetState (node_modules/react-test-renderer/cjs/react-test-renderer.development.js:6165:7)
      at setConnectionFailed (src/app/providers/SplashProvider.tsx:90:25)
      at asyncGeneratorStep (node_modules/@babel/runtime/helpers/asyncToGenerator.js:3:17)
      at _next (node_modules/@babel/runtime/helpers/asyncToGenerator.js:17:9)

    console.info
      [http][keycloak] POST /realms/paktay/protocol/openid-connect/token · renovando sesión

      at info (src/features/auth/restoreSession.ts:36:11)

    console.error
      [http][keycloak] POST /realms/paktay/protocol/openid-connect/token · error de red · Una prueba intentó salir a la red: https://keycloak.rocketsoftwarecore.com/realms/paktay/protocol/openid-connect/token. Usa fakeAuthServer() para programar la respuesta.

      79 |     // para volver a intentarlo en el siguiente arranque, pero no se entra al Home.
      80 |     const detail = error instanceof Error ? error.message : 'error desconocido';
    > 81 |     console.error(`[http][keycloak] POST ${refreshPath} · error de red · ${detail}`);
         |             ^
      82 |     return 'signed-out';
      83 |   }
      84 | };

      at error (src/features/auth/restoreSession.ts:81:13)
          at Generator.throw (<anonymous>)
      at asyncGeneratorStep (node_modules/@babel/runtime/helpers/asyncToGenerator.js:3:17)
      at _throw (node_modules/@babel/runtime/helpers/asyncToGenerator.js:20:9)

    console.info
      [http][business] GET /api/v1/user/profile · consultando perfil

      at info (src/features/profile/accountApi.ts:135:13)

    console.error
      [http][business] GET /api/v1/user/profile · error de red · Una prueba intentó salir a la red: https://paktay.rocketsoftwarecore.com/api/v1/user/profile. Usa fakeAuthServer() para programar la respuesta.

      171 |   } catch (error) {
      172 |     const detail = error instanceof Error ? error.message : 'error desconocido';
    > 173 |     console.error(`[http][business] GET ${path} · error de red · ${detail}`);
          |             ^
      174 |     return {ok: false, message: 'No pudimos conectar con el servicio de perfil.'};
      175 |   }
      176 | };

      at error (src/features/profile/accountApi.ts:173:13)
          at Generator.throw (<anonymous>)
      at asyncGeneratorStep (node_modules/@babel/runtime/helpers/asyncToGenerator.js:3:17)
      at _throw (node_modules/@babel/runtime/helpers/asyncToGenerator.js:20:9)

    console.info
      [http][business] GET /api/v1/user/profile · consultando perfil

      at info (src/features/profile/accountApi.ts:135:13)

    console.info
      [http][business] GET /api/v1/user/profile · consultando perfil

      at info (src/features/profile/accountApi.ts:135:13)

    console.error
      [http][business] GET /api/v1/user/profile · error de red · Una prueba intentó salir a la red: https://paktay.rocketsoftwarecore.com/api/v1/user/profile. Usa fakeAuthServer() para programar la respuesta.

      171 |   } catch (error) {
      172 |     const detail = error instanceof Error ? error.message : 'error desconocido';
    > 173 |     console.error(`[http][business] GET ${path} · error de red · ${detail}`);
          |             ^
      174 |     return {ok: false, message: 'No pudimos conectar con el servicio de perfil.'};
      175 |   }
      176 | };

      at error (src/features/profile/accountApi.ts:173:13)
          at Generator.throw (<anonymous>)
      at asyncGeneratorStep (node_modules/@babel/runtime/helpers/asyncToGenerator.js:3:17)
      at _throw (node_modules/@babel/runtime/helpers/asyncToGenerator.js:20:9)

    console.error
      [http][business] GET /api/v1/user/profile · error de red · Una prueba intentó salir a la red: https://paktay.rocketsoftwarecore.com/api/v1/user/profile. Usa fakeAuthServer() para programar la respuesta.

      171 |   } catch (error) {
      172 |     const detail = error instanceof Error ? error.message : 'error desconocido';
    > 173 |     console.error(`[http][business] GET ${path} · error de red · ${detail}`);
          |             ^
      174 |     return {ok: false, message: 'No pudimos conectar con el servicio de perfil.'};
      175 |   }
      176 | };

      at error (src/features/profile/accountApi.ts:173:13)
          at Generator.throw (<anonymous>)
      at asyncGeneratorStep (node_modules/@babel/runtime/helpers/asyncToGenerator.js:3:17)
      at _throw (node_modules/@babel/runtime/helpers/asyncToGenerator.js:20:9)

    console.error
      An update to SplashProvider inside a test was not wrapped in act(...).
      
      When testing, code that causes React state updates should be wrapped into act(...):
      
      act(() => {
        /* fire events that update state */
      });
      /* assert on the output */
      
      This ensures that you're testing the behavior the user would see in the browser. Learn more at https://react.dev/link/wrap-tests-with-act

      88 |           }
      89 |         });
    > 90 |         if (!cancelled) setConnectionFailed(!healthy);
         |                         ^
      91 |         if (healthy) await bootstrapRef.current?.();
      92 |       } catch (error) {
      93 |         // Un fallo de arranque no debe dejar al usuario atrapado en el splash:

      at node_modules/react-test-renderer/cjs/react-test-renderer.development.js:14402:19
      at runWithFiberInDEV (node_modules/react-test-renderer/cjs/react-test-renderer.development.js:2315:13)
      at warnIfUpdatesNotWrappedWithActDEV (node_modules/react-test-renderer/cjs/react-test-renderer.development.js:14401:9)
      at scheduleUpdateOnFiber (node_modules/react-test-renderer/cjs/react-test-renderer.development.js:12086:9)
      at dispatchSetStateInternal (node_modules/react-test-renderer/cjs/react-test-renderer.development.js:6208:13)
      at dispatchSetState (node_modules/react-test-renderer/cjs/react-test-renderer.development.js:6165:7)
      at setConnectionFailed (src/app/providers/SplashProvider.tsx:90:25)
      at asyncGeneratorStep (node_modules/@babel/runtime/helpers/asyncToGenerator.js:3:17)
      at _next (node_modules/@babel/runtime/helpers/asyncToGenerator.js:17:9)

    console.info
      [http][keycloak] POST /realms/paktay/protocol/openid-connect/token · renovando sesión

      at info (src/features/auth/restoreSession.ts:36:11)

    console.error
      [http][keycloak] POST /realms/paktay/protocol/openid-connect/token · error de red · Una prueba intentó salir a la red: https://keycloak.rocketsoftwarecore.com/realms/paktay/protocol/openid-connect/token. Usa fakeAuthServer() para programar la respuesta.

      79 |     // para volver a intentarlo en el siguiente arranque, pero no se entra al Home.
      80 |     const detail = error instanceof Error ? error.message : 'error desconocido';
    > 81 |     console.error(`[http][keycloak] POST ${refreshPath} · error de red · ${detail}`);
         |             ^
      82 |     return 'signed-out';
      83 |   }
      84 | };

      at error (src/features/auth/restoreSession.ts:81:13)
          at Generator.throw (<anonymous>)
      at asyncGeneratorStep (node_modules/@babel/runtime/helpers/asyncToGenerator.js:3:17)
      at _throw (node_modules/@babel/runtime/helpers/asyncToGenerator.js:20:9)

    console.info
      [http][business] GET /api/v1/user/profile · consultando perfil

      at info (src/features/profile/accountApi.ts:135:13)

    console.error
      [http][business] GET /api/v1/user/profile · error de red · Una prueba intentó salir a la red: https://paktay.rocketsoftwarecore.com/api/v1/user/profile. Usa fakeAuthServer() para programar la respuesta.

      171 |   } catch (error) {
      172 |     const detail = error instanceof Error ? error.message : 'error desconocido';
    > 173 |     console.error(`[http][business] GET ${path} · error de red · ${detail}`);
          |             ^
      174 |     return {ok: false, message: 'No pudimos conectar con el servicio de perfil.'};
      175 |   }
      176 | };

      at error (src/features/profile/accountApi.ts:173:13)
          at Generator.throw (<anonymous>)
      at asyncGeneratorStep (node_modules/@babel/runtime/helpers/asyncToGenerator.js:3:17)
      at _throw (node_modules/@babel/runtime/helpers/asyncToGenerator.js:20:9)

    console.info
      [http][business] GET /api/v1/user/profile · consultando perfil

      at info (src/features/profile/accountApi.ts:135:13)

    console.info
      [http][business] GET /api/v1/user/profile · consultando perfil

      at info (src/features/profile/accountApi.ts:135:13)

    console.error
      [http][business] GET /api/v1/user/profile · error de red · Una prueba intentó salir a la red: https://paktay.rocketsoftwarecore.com/api/v1/user/profile. Usa fakeAuthServer() para programar la respuesta.

      171 |   } catch (error) {
      172 |     const detail = error instanceof Error ? error.message : 'error desconocido';
    > 173 |     console.error(`[http][business] GET ${path} · error de red · ${detail}`);
          |             ^
      174 |     return {ok: false, message: 'No pudimos conectar con el servicio de perfil.'};
      175 |   }
      176 | };

      at error (src/features/profile/accountApi.ts:173:13)
          at Generator.throw (<anonymous>)
      at asyncGeneratorStep (node_modules/@babel/runtime/helpers/asyncToGenerator.js:3:17)
      at _throw (node_modules/@babel/runtime/helpers/asyncToGenerator.js:20:9)

    console.error
      [http][business] GET /api/v1/user/profile · error de red · Una prueba intentó salir a la red: https://paktay.rocketsoftwarecore.com/api/v1/user/profile. Usa fakeAuthServer() para programar la respuesta.

      171 |   } catch (error) {
      172 |     const detail = error instanceof Error ? error.message : 'error desconocido';
    > 173 |     console.error(`[http][business] GET ${path} · error de red · ${detail}`);
          |             ^
      174 |     return {ok: false, message: 'No pudimos conectar con el servicio de perfil.'};
      175 |   }
      176 | };

      at error (src/features/profile/accountApi.ts:173:13)
          at Generator.throw (<anonymous>)
      at asyncGeneratorStep (node_modules/@babel/runtime/helpers/asyncToGenerator.js:3:17)
      at _throw (node_modules/@babel/runtime/helpers/asyncToGenerator.js:20:9)

    console.error
      An update to SplashProvider inside a test was not wrapped in act(...).
      
      When testing, code that causes React state updates should be wrapped into act(...):
      
      act(() => {
        /* fire events that update state */
      });
      /* assert on the output */
      
      This ensures that you're testing the behavior the user would see in the browser. Learn more at https://react.dev/link/wrap-tests-with-act

      88 |           }
      89 |         });
    > 90 |         if (!cancelled) setConnectionFailed(!healthy);
         |                         ^
      91 |         if (healthy) await bootstrapRef.current?.();
      92 |       } catch (error) {
      93 |         // Un fallo de arranque no debe dejar al usuario atrapado en el splash:

      at node_modules/react-test-renderer/cjs/react-test-renderer.development.js:14402:19
      at runWithFiberInDEV (node_modules/react-test-renderer/cjs/react-test-renderer.development.js:2315:13)
      at warnIfUpdatesNotWrappedWithActDEV (node_modules/react-test-renderer/cjs/react-test-renderer.development.js:14401:9)
      at scheduleUpdateOnFiber (node_modules/react-test-renderer/cjs/react-test-renderer.development.js:12086:9)
      at dispatchSetStateInternal (node_modules/react-test-renderer/cjs/react-test-renderer.development.js:6208:13)
      at dispatchSetState (node_modules/react-test-renderer/cjs/react-test-renderer.development.js:6165:7)
      at setConnectionFailed (src/app/providers/SplashProvider.tsx:90:25)
      at asyncGeneratorStep (node_modules/@babel/runtime/helpers/asyncToGenerator.js:3:17)
      at _next (node_modules/@babel/runtime/helpers/asyncToGenerator.js:17:9)

    console.info
      [http][keycloak] POST /realms/paktay/protocol/openid-connect/token · renovando sesión

      at info (src/features/auth/restoreSession.ts:36:11)

    console.error
      [http][keycloak] POST /realms/paktay/protocol/openid-connect/token · error de red · Una prueba intentó salir a la red: https://keycloak.rocketsoftwarecore.com/realms/paktay/protocol/openid-connect/token. Usa fakeAuthServer() para programar la respuesta.

      79 |     // para volver a intentarlo en el siguiente arranque, pero no se entra al Home.
      80 |     const detail = error instanceof Error ? error.message : 'error desconocido';
    > 81 |     console.error(`[http][keycloak] POST ${refreshPath} · error de red · ${detail}`);
         |             ^
      82 |     return 'signed-out';
      83 |   }
      84 | };

      at error (src/features/auth/restoreSession.ts:81:13)
          at Generator.throw (<anonymous>)
      at asyncGeneratorStep (node_modules/@babel/runtime/helpers/asyncToGenerator.js:3:17)
      at _throw (node_modules/@babel/runtime/helpers/asyncToGenerator.js:20:9)

    console.info
      [http][business] GET /api/v1/user/profile · consultando perfil

      at info (src/features/profile/accountApi.ts:135:13)

    console.error
      [http][business] GET /api/v1/user/profile · error de red · Una prueba intentó salir a la red: https://paktay.rocketsoftwarecore.com/api/v1/user/profile. Usa fakeAuthServer() para programar la respuesta.

      171 |   } catch (error) {
      172 |     const detail = error instanceof Error ? error.message : 'error desconocido';
    > 173 |     console.error(`[http][business] GET ${path} · error de red · ${detail}`);
          |             ^
      174 |     return {ok: false, message: 'No pudimos conectar con el servicio de perfil.'};
      175 |   }
      176 | };

      at error (src/features/profile/accountApi.ts:173:13)
          at Generator.throw (<anonymous>)
      at asyncGeneratorStep (node_modules/@babel/runtime/helpers/asyncToGenerator.js:3:17)
      at _throw (node_modules/@babel/runtime/helpers/asyncToGenerator.js:20:9)

    console.info
      [http][business] GET /api/v1/user/profile · consultando perfil

      at info (src/features/profile/accountApi.ts:135:13)

    console.info
      [http][business] GET /api/v1/user/profile · consultando perfil

      at info (src/features/profile/accountApi.ts:135:13)

    console.error
      [http][business] GET /api/v1/user/profile · error de red · Una prueba intentó salir a la red: https://paktay.rocketsoftwarecore.com/api/v1/user/profile. Usa fakeAuthServer() para programar la respuesta.

      171 |   } catch (error) {
      172 |     const detail = error instanceof Error ? error.message : 'error desconocido';
    > 173 |     console.error(`[http][business] GET ${path} · error de red · ${detail}`);
          |             ^
      174 |     return {ok: false, message: 'No pudimos conectar con el servicio de perfil.'};
      175 |   }
      176 | };

      at error (src/features/profile/accountApi.ts:173:13)
          at Generator.throw (<anonymous>)
      at asyncGeneratorStep (node_modules/@babel/runtime/helpers/asyncToGenerator.js:3:17)
      at _throw (node_modules/@babel/runtime/helpers/asyncToGenerator.js:20:9)

    console.error
      [http][business] GET /api/v1/user/profile · error de red · Una prueba intentó salir a la red: https://paktay.rocketsoftwarecore.com/api/v1/user/profile. Usa fakeAuthServer() para programar la respuesta.

      171 |   } catch (error) {
      172 |     const detail = error instanceof Error ? error.message : 'error desconocido';
    > 173 |     console.error(`[http][business] GET ${path} · error de red · ${detail}`);
          |             ^
      174 |     return {ok: false, message: 'No pudimos conectar con el servicio de perfil.'};
      175 |   }
      176 | };

      at error (src/features/profile/accountApi.ts:173:13)
          at Generator.throw (<anonymous>)
      at asyncGeneratorStep (node_modules/@babel/runtime/helpers/asyncToGenerator.js:3:17)
      at _throw (node_modules/@babel/runtime/helpers/asyncToGenerator.js:20:9)

    console.error
      An update to SplashProvider inside a test was not wrapped in act(...).
      
      When testing, code that causes React state updates should be wrapped into act(...):
      
      act(() => {
        /* fire events that update state */
      });
      /* assert on the output */
      
      This ensures that you're testing the behavior the user would see in the browser. Learn more at https://react.dev/link/wrap-tests-with-act

      88 |           }
      89 |         });
    > 90 |         if (!cancelled) setConnectionFailed(!healthy);
         |                         ^
      91 |         if (healthy) await bootstrapRef.current?.();
      92 |       } catch (error) {
      93 |         // Un fallo de arranque no debe dejar al usuario atrapado en el splash:

      at node_modules/react-test-renderer/cjs/react-test-renderer.development.js:14402:19
      at runWithFiberInDEV (node_modules/react-test-renderer/cjs/react-test-renderer.development.js:2315:13)
      at warnIfUpdatesNotWrappedWithActDEV (node_modules/react-test-renderer/cjs/react-test-renderer.development.js:14401:9)
      at scheduleUpdateOnFiber (node_modules/react-test-renderer/cjs/react-test-renderer.development.js:12086:9)
      at dispatchSetStateInternal (node_modules/react-test-renderer/cjs/react-test-renderer.development.js:6208:13)
      at dispatchSetState (node_modules/react-test-renderer/cjs/react-test-renderer.development.js:6165:7)
      at setConnectionFailed (src/app/providers/SplashProvider.tsx:90:25)
      at asyncGeneratorStep (node_modules/@babel/runtime/helpers/asyncToGenerator.js:3:17)
      at _next (node_modules/@babel/runtime/helpers/asyncToGenerator.js:17:9)

    console.info
      [http][keycloak] POST /realms/paktay/protocol/openid-connect/token · renovando sesión

      at info (src/features/auth/restoreSession.ts:36:11)

    console.error
      [http][keycloak] POST /realms/paktay/protocol/openid-connect/token · error de red · Una prueba intentó salir a la red: https://keycloak.rocketsoftwarecore.com/realms/paktay/protocol/openid-connect/token. Usa fakeAuthServer() para programar la respuesta.

      79 |     // para volver a intentarlo en el siguiente arranque, pero no se entra al Home.
      80 |     const detail = error instanceof Error ? error.message : 'error desconocido';
    > 81 |     console.error(`[http][keycloak] POST ${refreshPath} · error de red · ${detail}`);
         |             ^
      82 |     return 'signed-out';
      83 |   }
      84 | };

      at error (src/features/auth/restoreSession.ts:81:13)
          at Generator.throw (<anonymous>)
      at asyncGeneratorStep (node_modules/@babel/runtime/helpers/asyncToGenerator.js:3:17)
      at _throw (node_modules/@babel/runtime/helpers/asyncToGenerator.js:20:9)

    console.info
      [http][business] GET /api/v1/user/profile · consultando perfil

      at info (src/features/profile/accountApi.ts:135:13)

    console.error
      [http][business] GET /api/v1/user/profile · error de red · Una prueba intentó salir a la red: https://paktay.rocketsoftwarecore.com/api/v1/user/profile. Usa fakeAuthServer() para programar la respuesta.

      171 |   } catch (error) {
      172 |     const detail = error instanceof Error ? error.message : 'error desconocido';
    > 173 |     console.error(`[http][business] GET ${path} · error de red · ${detail}`);
          |             ^
      174 |     return {ok: false, message: 'No pudimos conectar con el servicio de perfil.'};
      175 |   }
      176 | };

      at error (src/features/profile/accountApi.ts:173:13)
          at Generator.throw (<anonymous>)
      at asyncGeneratorStep (node_modules/@babel/runtime/helpers/asyncToGenerator.js:3:17)
      at _throw (node_modules/@babel/runtime/helpers/asyncToGenerator.js:20:9)

    console.info
      [http][business] GET /api/v1/user/profile · consultando perfil

      at info (src/features/profile/accountApi.ts:135:13)

    console.info
      [http][business] GET /api/v1/user/profile · consultando perfil

      at info (src/features/profile/accountApi.ts:135:13)

    console.error
      [http][business] GET /api/v1/user/profile · error de red · Una prueba intentó salir a la red: https://paktay.rocketsoftwarecore.com/api/v1/user/profile. Usa fakeAuthServer() para programar la respuesta.

      171 |   } catch (error) {
      172 |     const detail = error instanceof Error ? error.message : 'error desconocido';
    > 173 |     console.error(`[http][business] GET ${path} · error de red · ${detail}`);
          |             ^
      174 |     return {ok: false, message: 'No pudimos conectar con el servicio de perfil.'};
      175 |   }
      176 | };

      at error (src/features/profile/accountApi.ts:173:13)
          at Generator.throw (<anonymous>)
      at asyncGeneratorStep (node_modules/@babel/runtime/helpers/asyncToGenerator.js:3:17)
      at _throw (node_modules/@babel/runtime/helpers/asyncToGenerator.js:20:9)

    console.error
      [http][business] GET /api/v1/user/profile · error de red · Una prueba intentó salir a la red: https://paktay.rocketsoftwarecore.com/api/v1/user/profile. Usa fakeAuthServer() para programar la respuesta.

      171 |   } catch (error) {
      172 |     const detail = error instanceof Error ? error.message : 'error desconocido';
    > 173 |     console.error(`[http][business] GET ${path} · error de red · ${detail}`);
          |             ^
      174 |     return {ok: false, message: 'No pudimos conectar con el servicio de perfil.'};
      175 |   }
      176 | };

      at error (src/features/profile/accountApi.ts:173:13)
          at Generator.throw (<anonymous>)
      at asyncGeneratorStep (node_modules/@babel/runtime/helpers/asyncToGenerator.js:3:17)
      at _throw (node_modules/@babel/runtime/helpers/asyncToGenerator.js:20:9)

    console.error
      An update to SplashProvider inside a test was not wrapped in act(...).
      
      When testing, code that causes React state updates should be wrapped into act(...):
      
      act(() => {
        /* fire events that update state */
      });
      /* assert on the output */
      
      This ensures that you're testing the behavior the user would see in the browser. Learn more at https://react.dev/link/wrap-tests-with-act

      88 |           }
      89 |         });
    > 90 |         if (!cancelled) setConnectionFailed(!healthy);
         |                         ^
      91 |         if (healthy) await bootstrapRef.current?.();
      92 |       } catch (error) {
      93 |         // Un fallo de arranque no debe dejar al usuario atrapado en el splash:

      at node_modules/react-test-renderer/cjs/react-test-renderer.development.js:14402:19
      at runWithFiberInDEV (node_modules/react-test-renderer/cjs/react-test-renderer.development.js:2315:13)
      at warnIfUpdatesNotWrappedWithActDEV (node_modules/react-test-renderer/cjs/react-test-renderer.development.js:14401:9)
      at scheduleUpdateOnFiber (node_modules/react-test-renderer/cjs/react-test-renderer.development.js:12086:9)
      at dispatchSetStateInternal (node_modules/react-test-renderer/cjs/react-test-renderer.development.js:6208:13)
      at dispatchSetState (node_modules/react-test-renderer/cjs/react-test-renderer.development.js:6165:7)
      at setConnectionFailed (src/app/providers/SplashProvider.tsx:90:25)
      at asyncGeneratorStep (node_modules/@babel/runtime/helpers/asyncToGenerator.js:3:17)
      at _next (node_modules/@babel/runtime/helpers/asyncToGenerator.js:17:9)

    console.info
      [http][keycloak] POST /realms/paktay/protocol/openid-connect/token · renovando sesión

      at info (src/features/auth/restoreSession.ts:36:11)

    console.error
      [http][keycloak] POST /realms/paktay/protocol/openid-connect/token · error de red · Una prueba intentó salir a la red: https://keycloak.rocketsoftwarecore.com/realms/paktay/protocol/openid-connect/token. Usa fakeAuthServer() para programar la respuesta.

      79 |     // para volver a intentarlo en el siguiente arranque, pero no se entra al Home.
      80 |     const detail = error instanceof Error ? error.message : 'error desconocido';
    > 81 |     console.error(`[http][keycloak] POST ${refreshPath} · error de red · ${detail}`);
         |             ^
      82 |     return 'signed-out';
      83 |   }
      84 | };

      at error (src/features/auth/restoreSession.ts:81:13)
          at Generator.throw (<anonymous>)
      at asyncGeneratorStep (node_modules/@babel/runtime/helpers/asyncToGenerator.js:3:17)
      at _throw (node_modules/@babel/runtime/helpers/asyncToGenerator.js:20:9)

    console.info
      [http][business] GET /api/v1/user/profile · consultando perfil

      at info (src/features/profile/accountApi.ts:135:13)

    console.error
      [http][business] GET /api/v1/user/profile · error de red · Una prueba intentó salir a la red: https://paktay.rocketsoftwarecore.com/api/v1/user/profile. Usa fakeAuthServer() para programar la respuesta.

      171 |   } catch (error) {
      172 |     const detail = error instanceof Error ? error.message : 'error desconocido';
    > 173 |     console.error(`[http][business] GET ${path} · error de red · ${detail}`);
          |             ^
      174 |     return {ok: false, message: 'No pudimos conectar con el servicio de perfil.'};
      175 |   }
      176 | };

      at error (src/features/profile/accountApi.ts:173:13)
          at Generator.throw (<anonymous>)
      at asyncGeneratorStep (node_modules/@babel/runtime/helpers/asyncToGenerator.js:3:17)
      at _throw (node_modules/@babel/runtime/helpers/asyncToGenerator.js:20:9)

    console.info
      [http][business] GET /api/v1/user/profile · consultando perfil

      at info (src/features/profile/accountApi.ts:135:13)

    console.info
      [http][business] GET /api/v1/user/profile · consultando perfil

      at info (src/features/profile/accountApi.ts:135:13)

    console.error
      [http][business] GET /api/v1/user/profile · error de red · Una prueba intentó salir a la red: https://paktay.rocketsoftwarecore.com/api/v1/user/profile. Usa fakeAuthServer() para programar la respuesta.

      171 |   } catch (error) {
      172 |     const detail = error instanceof Error ? error.message : 'error desconocido';
    > 173 |     console.error(`[http][business] GET ${path} · error de red · ${detail}`);
          |             ^
      174 |     return {ok: false, message: 'No pudimos conectar con el servicio de perfil.'};
      175 |   }
      176 | };

      at error (src/features/profile/accountApi.ts:173:13)
          at Generator.throw (<anonymous>)
      at asyncGeneratorStep (node_modules/@babel/runtime/helpers/asyncToGenerator.js:3:17)
      at _throw (node_modules/@babel/runtime/helpers/asyncToGenerator.js:20:9)

    console.error
      [http][business] GET /api/v1/user/profile · error de red · Una prueba intentó salir a la red: https://paktay.rocketsoftwarecore.com/api/v1/user/profile. Usa fakeAuthServer() para programar la respuesta.

      171 |   } catch (error) {
      172 |     const detail = error instanceof Error ? error.message : 'error desconocido';
    > 173 |     console.error(`[http][business] GET ${path} · error de red · ${detail}`);
          |             ^
      174 |     return {ok: false, message: 'No pudimos conectar con el servicio de perfil.'};
      175 |   }
      176 | };

      at error (src/features/profile/accountApi.ts:173:13)
          at Generator.throw (<anonymous>)
      at asyncGeneratorStep (node_modules/@babel/runtime/helpers/asyncToGenerator.js:3:17)
      at _throw (node_modules/@babel/runtime/helpers/asyncToGenerator.js:20:9)

    console.error
      An update to SplashProvider inside a test was not wrapped in act(...).
      
      When testing, code that causes React state updates should be wrapped into act(...):
      
      act(() => {
        /* fire events that update state */
      });
      /* assert on the output */
      
      This ensures that you're testing the behavior the user would see in the browser. Learn more at https://react.dev/link/wrap-tests-with-act

      88 |           }
      89 |         });
    > 90 |         if (!cancelled) setConnectionFailed(!healthy);
         |                         ^
      91 |         if (healthy) await bootstrapRef.current?.();
      92 |       } catch (error) {
      93 |         // Un fallo de arranque no debe dejar al usuario atrapado en el splash:

      at node_modules/react-test-renderer/cjs/react-test-renderer.development.js:14402:19
      at runWithFiberInDEV (node_modules/react-test-renderer/cjs/react-test-renderer.development.js:2315:13)
      at warnIfUpdatesNotWrappedWithActDEV (node_modules/react-test-renderer/cjs/react-test-renderer.development.js:14401:9)
      at scheduleUpdateOnFiber (node_modules/react-test-renderer/cjs/react-test-renderer.development.js:12086:9)
      at dispatchSetStateInternal (node_modules/react-test-renderer/cjs/react-test-renderer.development.js:6208:13)
      at dispatchSetState (node_modules/react-test-renderer/cjs/react-test-renderer.development.js:6165:7)
      at setConnectionFailed (src/app/providers/SplashProvider.tsx:90:25)
      at asyncGeneratorStep (node_modules/@babel/runtime/helpers/asyncToGenerator.js:3:17)
      at _next (node_modules/@babel/runtime/helpers/asyncToGenerator.js:17:9)

    console.info
      [http][keycloak] POST /realms/paktay/protocol/openid-connect/token · renovando sesión

      at info (src/features/auth/restoreSession.ts:36:11)

    console.error
      [http][keycloak] POST /realms/paktay/protocol/openid-connect/token · error de red · Una prueba intentó salir a la red: https://keycloak.rocketsoftwarecore.com/realms/paktay/protocol/openid-connect/token. Usa fakeAuthServer() para programar la respuesta.

      79 |     // para volver a intentarlo en el siguiente arranque, pero no se entra al Home.
      80 |     const detail = error instanceof Error ? error.message : 'error desconocido';
    > 81 |     console.error(`[http][keycloak] POST ${refreshPath} · error de red · ${detail}`);
         |             ^
      82 |     return 'signed-out';
      83 |   }
      84 | };

      at error (src/features/auth/restoreSession.ts:81:13)
          at Generator.throw (<anonymous>)
      at asyncGeneratorStep (node_modules/@babel/runtime/helpers/asyncToGenerator.js:3:17)
      at _throw (node_modules/@babel/runtime/helpers/asyncToGenerator.js:20:9)

    console.info
      [http][business] GET /api/v1/user/profile · consultando perfil

      at info (src/features/profile/accountApi.ts:135:13)

    console.error
      [http][business] GET /api/v1/user/profile · error de red · Una prueba intentó salir a la red: https://paktay.rocketsoftwarecore.com/api/v1/user/profile. Usa fakeAuthServer() para programar la respuesta.

      171 |   } catch (error) {
      172 |     const detail = error instanceof Error ? error.message : 'error desconocido';
    > 173 |     console.error(`[http][business] GET ${path} · error de red · ${detail}`);
          |             ^
      174 |     return {ok: false, message: 'No pudimos conectar con el servicio de perfil.'};
      175 |   }
      176 | };

      at error (src/features/profile/accountApi.ts:173:13)
          at Generator.throw (<anonymous>)
      at asyncGeneratorStep (node_modules/@babel/runtime/helpers/asyncToGenerator.js:3:17)
      at _throw (node_modules/@babel/runtime/helpers/asyncToGenerator.js:20:9)

    console.info
      [http][business] GET /api/v1/user/profile · consultando perfil

      at info (src/features/profile/accountApi.ts:135:13)

    console.info
      [http][business] GET /api/v1/user/profile · consultando perfil

      at info (src/features/profile/accountApi.ts:135:13)

    console.error
      [http][business] GET /api/v1/user/profile · error de red · Una prueba intentó salir a la red: https://paktay.rocketsoftwarecore.com/api/v1/user/profile. Usa fakeAuthServer() para programar la respuesta.

      171 |   } catch (error) {
      172 |     const detail = error instanceof Error ? error.message : 'error desconocido';
    > 173 |     console.error(`[http][business] GET ${path} · error de red · ${detail}`);
          |             ^
      174 |     return {ok: false, message: 'No pudimos conectar con el servicio de perfil.'};
      175 |   }
      176 | };

      at error (src/features/profile/accountApi.ts:173:13)
          at Generator.throw (<anonymous>)
      at asyncGeneratorStep (node_modules/@babel/runtime/helpers/asyncToGenerator.js:3:17)
      at _throw (node_modules/@babel/runtime/helpers/asyncToGenerator.js:20:9)

    console.error
      [http][business] GET /api/v1/user/profile · error de red · Una prueba intentó salir a la red: https://paktay.rocketsoftwarecore.com/api/v1/user/profile. Usa fakeAuthServer() para programar la respuesta.

      171 |   } catch (error) {
      172 |     const detail = error instanceof Error ? error.message : 'error desconocido';
    > 173 |     console.error(`[http][business] GET ${path} · error de red · ${detail}`);
          |             ^
      174 |     return {ok: false, message: 'No pudimos conectar con el servicio de perfil.'};
      175 |   }
      176 | };

      at error (src/features/profile/accountApi.ts:173:13)
          at Generator.throw (<anonymous>)
      at asyncGeneratorStep (node_modules/@babel/runtime/helpers/asyncToGenerator.js:3:17)
      at _throw (node_modules/@babel/runtime/helpers/asyncToGenerator.js:20:9)

    console.error
      An update to SplashProvider inside a test was not wrapped in act(...).
      
      When testing, code that causes React state updates should be wrapped into act(...):
      
      act(() => {
        /* fire events that update state */
      });
      /* assert on the output */
      
      This ensures that you're testing the behavior the user would see in the browser. Learn more at https://react.dev/link/wrap-tests-with-act

      88 |           }
      89 |         });
    > 90 |         if (!cancelled) setConnectionFailed(!healthy);
         |                         ^
      91 |         if (healthy) await bootstrapRef.current?.();
      92 |       } catch (error) {
      93 |         // Un fallo de arranque no debe dejar al usuario atrapado en el splash:

      at node_modules/react-test-renderer/cjs/react-test-renderer.development.js:14402:19
      at runWithFiberInDEV (node_modules/react-test-renderer/cjs/react-test-renderer.development.js:2315:13)
      at warnIfUpdatesNotWrappedWithActDEV (node_modules/react-test-renderer/cjs/react-test-renderer.development.js:14401:9)
      at scheduleUpdateOnFiber (node_modules/react-test-renderer/cjs/react-test-renderer.development.js:12086:9)
      at dispatchSetStateInternal (node_modules/react-test-renderer/cjs/react-test-renderer.development.js:6208:13)
      at dispatchSetState (node_modules/react-test-renderer/cjs/react-test-renderer.development.js:6165:7)
      at setConnectionFailed (src/app/providers/SplashProvider.tsx:90:25)
      at asyncGeneratorStep (node_modules/@babel/runtime/helpers/asyncToGenerator.js:3:17)
      at _next (node_modules/@babel/runtime/helpers/asyncToGenerator.js:17:9)

    console.info
      [http][keycloak] POST /realms/paktay/protocol/openid-connect/token · renovando sesión

      at info (src/features/auth/restoreSession.ts:36:11)

    console.error
      [http][keycloak] POST /realms/paktay/protocol/openid-connect/token · error de red · Una prueba intentó salir a la red: https://keycloak.rocketsoftwarecore.com/realms/paktay/protocol/openid-connect/token. Usa fakeAuthServer() para programar la respuesta.

      79 |     // para volver a intentarlo en el siguiente arranque, pero no se entra al Home.
      80 |     const detail = error instanceof Error ? error.message : 'error desconocido';
    > 81 |     console.error(`[http][keycloak] POST ${refreshPath} · error de red · ${detail}`);
         |             ^
      82 |     return 'signed-out';
      83 |   }
      84 | };

      at error (src/features/auth/restoreSession.ts:81:13)
          at Generator.throw (<anonymous>)
      at asyncGeneratorStep (node_modules/@babel/runtime/helpers/asyncToGenerator.js:3:17)
      at _throw (node_modules/@babel/runtime/helpers/asyncToGenerator.js:20:9)

    console.info
      [http][business] GET /api/v1/user/profile · consultando perfil

      at info (src/features/profile/accountApi.ts:135:13)

    console.error
      [http][business] GET /api/v1/user/profile · error de red · Una prueba intentó salir a la red: https://paktay.rocketsoftwarecore.com/api/v1/user/profile. Usa fakeAuthServer() para programar la respuesta.

      171 |   } catch (error) {
      172 |     const detail = error instanceof Error ? error.message : 'error desconocido';
    > 173 |     console.error(`[http][business] GET ${path} · error de red · ${detail}`);
          |             ^
      174 |     return {ok: false, message: 'No pudimos conectar con el servicio de perfil.'};
      175 |   }
      176 | };

      at error (src/features/profile/accountApi.ts:173:13)
          at Generator.throw (<anonymous>)
      at asyncGeneratorStep (node_modules/@babel/runtime/helpers/asyncToGenerator.js:3:17)
      at _throw (node_modules/@babel/runtime/helpers/asyncToGenerator.js:20:9)

    console.info
      [http][business] GET /api/v1/user/profile · consultando perfil

      at info (src/features/profile/accountApi.ts:135:13)

    console.info
      [http][business] GET /api/v1/user/profile · consultando perfil

      at info (src/features/profile/accountApi.ts:135:13)

    console.error
      [http][business] GET /api/v1/user/profile · error de red · Una prueba intentó salir a la red: https://paktay.rocketsoftwarecore.com/api/v1/user/profile. Usa fakeAuthServer() para programar la respuesta.

      171 |   } catch (error) {
      172 |     const detail = error instanceof Error ? error.message : 'error desconocido';
    > 173 |     console.error(`[http][business] GET ${path} · error de red · ${detail}`);
          |             ^
      174 |     return {ok: false, message: 'No pudimos conectar con el servicio de perfil.'};
      175 |   }
      176 | };

      at error (src/features/profile/accountApi.ts:173:13)
          at Generator.throw (<anonymous>)
      at asyncGeneratorStep (node_modules/@babel/runtime/helpers/asyncToGenerator.js:3:17)
      at _throw (node_modules/@babel/runtime/helpers/asyncToGenerator.js:20:9)

    console.error
      [http][business] GET /api/v1/user/profile · error de red · Una prueba intentó salir a la red: https://paktay.rocketsoftwarecore.com/api/v1/user/profile. Usa fakeAuthServer() para programar la respuesta.

      171 |   } catch (error) {
      172 |     const detail = error instanceof Error ? error.message : 'error desconocido';
    > 173 |     console.error(`[http][business] GET ${path} · error de red · ${detail}`);
          |             ^
      174 |     return {ok: false, message: 'No pudimos conectar con el servicio de perfil.'};
      175 |   }
      176 | };

      at error (src/features/profile/accountApi.ts:173:13)
          at Generator.throw (<anonymous>)
      at asyncGeneratorStep (node_modules/@babel/runtime/helpers/asyncToGenerator.js:3:17)
      at _throw (node_modules/@babel/runtime/helpers/asyncToGenerator.js:20:9)

    console.error
      An update to EditBudgetsScreen inside a test was not wrapped in act(...).
      
      When testing, code that causes React state updates should be wrapped into act(...):
      
      act(() => {
        /* fire events that update state */
      });
      /* assert on the output */
      
      This ensures that you're testing the behavior the user would see in the browser. Learn more at https://react.dev/link/wrap-tests-with-act

      122 |     });
      123 |     void getCurrentBudget().then(result => {
    > 124 |       if (result.ok) setRecurrence(result.data.recurrence);
          |                      ^
      125 |     });
      126 |   }, []);
      127 |

      at node_modules/react-test-renderer/cjs/react-test-renderer.development.js:14402:19
      at runWithFiberInDEV (node_modules/react-test-renderer/cjs/react-test-renderer.development.js:2315:13)
      at warnIfUpdatesNotWrappedWithActDEV (node_modules/react-test-renderer/cjs/react-test-renderer.development.js:14401:9)
      at scheduleUpdateOnFiber (node_modules/react-test-renderer/cjs/react-test-renderer.development.js:12086:9)
      at dispatchSetStateInternal (node_modules/react-test-renderer/cjs/react-test-renderer.development.js:6208:13)
      at dispatchSetState (node_modules/react-test-renderer/cjs/react-test-renderer.development.js:6165:7)
      at setRecurrence (src/features/expenses/screens/EditBudgetsScreen.tsx:124:22)

    console.info
      [http][business] GET /api/v1/catalog/categories · iniciando

      at info (src/features/expenses/categoryApi.ts:21:13)

    console.error
      [http][business] GET /api/v1/catalog/categories · error de red · Una prueba intentó salir a la red: https://paktay.rocketsoftwarecore.com/api/v1/catalog/categories. Usa fakeAuthServer() para programar la respuesta.

      34 |   } catch (error) {
      35 |     const detail = error instanceof Error ? error.message : 'error desconocido';
    > 36 |     console.error(`[http][business] ${init?.method ?? 'GET'} ${path} · error de red · ${detail}`);
         |             ^
      37 |     return {ok: false, message: 'No pudimos conectar con el servicio de categorías.'};
      38 |   }
      39 | };

      at error (src/features/expenses/categoryApi.ts:36:13)
          at Generator.throw (<anonymous>)
      at asyncGeneratorStep (node_modules/@babel/runtime/helpers/asyncToGenerator.js:3:17)
      at _throw (node_modules/@babel/runtime/helpers/asyncToGenerator.js:20:9)

    console.error
      An update to SplashProvider inside a test was not wrapped in act(...).
      
      When testing, code that causes React state updates should be wrapped into act(...):
      
      act(() => {
        /* fire events that update state */
      });
      /* assert on the output */
      
      This ensures that you're testing the behavior the user would see in the browser. Learn more at https://react.dev/link/wrap-tests-with-act

      88 |           }
      89 |         });
    > 90 |         if (!cancelled) setConnectionFailed(!healthy);
         |                         ^
      91 |         if (healthy) await bootstrapRef.current?.();
      92 |       } catch (error) {
      93 |         // Un fallo de arranque no debe dejar al usuario atrapado en el splash:

      at node_modules/react-test-renderer/cjs/react-test-renderer.development.js:14402:19
      at runWithFiberInDEV (node_modules/react-test-renderer/cjs/react-test-renderer.development.js:2315:13)
      at warnIfUpdatesNotWrappedWithActDEV (node_modules/react-test-renderer/cjs/react-test-renderer.development.js:14401:9)
      at scheduleUpdateOnFiber (node_modules/react-test-renderer/cjs/react-test-renderer.development.js:12086:9)
      at dispatchSetStateInternal (node_modules/react-test-renderer/cjs/react-test-renderer.development.js:6208:13)
      at dispatchSetState (node_modules/react-test-renderer/cjs/react-test-renderer.development.js:6165:7)
      at setConnectionFailed (src/app/providers/SplashProvider.tsx:90:25)
      at asyncGeneratorStep (node_modules/@babel/runtime/helpers/asyncToGenerator.js:3:17)
      at _next (node_modules/@babel/runtime/helpers/asyncToGenerator.js:17:9)

    console.info
      [http][keycloak] POST /realms/paktay/protocol/openid-connect/token · renovando sesión

      at info (src/features/auth/restoreSession.ts:36:11)

    console.error
      [http][keycloak] POST /realms/paktay/protocol/openid-connect/token · error de red · Una prueba intentó salir a la red: https://keycloak.rocketsoftwarecore.com/realms/paktay/protocol/openid-connect/token. Usa fakeAuthServer() para programar la respuesta.

      79 |     // para volver a intentarlo en el siguiente arranque, pero no se entra al Home.
      80 |     const detail = error instanceof Error ? error.message : 'error desconocido';
    > 81 |     console.error(`[http][keycloak] POST ${refreshPath} · error de red · ${detail}`);
         |             ^
      82 |     return 'signed-out';
      83 |   }
      84 | };

      at error (src/features/auth/restoreSession.ts:81:13)
          at Generator.throw (<anonymous>)
      at asyncGeneratorStep (node_modules/@babel/runtime/helpers/asyncToGenerator.js:3:17)
      at _throw (node_modules/@babel/runtime/helpers/asyncToGenerator.js:20:9)

    console.info
      [http][business] GET /api/v1/user/profile · consultando perfil

      at info (src/features/profile/accountApi.ts:135:13)

    console.error
      [http][business] GET /api/v1/user/profile · error de red · Una prueba intentó salir a la red: https://paktay.rocketsoftwarecore.com/api/v1/user/profile. Usa fakeAuthServer() para programar la respuesta.

      171 |   } catch (error) {
      172 |     const detail = error instanceof Error ? error.message : 'error desconocido';
    > 173 |     console.error(`[http][business] GET ${path} · error de red · ${detail}`);
          |             ^
      174 |     return {ok: false, message: 'No pudimos conectar con el servicio de perfil.'};
      175 |   }
      176 | };

      at error (src/features/profile/accountApi.ts:173:13)
          at Generator.throw (<anonymous>)
      at asyncGeneratorStep (node_modules/@babel/runtime/helpers/asyncToGenerator.js:3:17)
      at _throw (node_modules/@babel/runtime/helpers/asyncToGenerator.js:20:9)

    console.info
      [http][business] GET /api/v1/user/profile · consultando perfil

      at info (src/features/profile/accountApi.ts:135:13)

    console.info
      [http][business] GET /api/v1/user/profile · consultando perfil

      at info (src/features/profile/accountApi.ts:135:13)

    console.error
      [http][business] GET /api/v1/user/profile · error de red · Una prueba intentó salir a la red: https://paktay.rocketsoftwarecore.com/api/v1/user/profile. Usa fakeAuthServer() para programar la respuesta.

      171 |   } catch (error) {
      172 |     const detail = error instanceof Error ? error.message : 'error desconocido';
    > 173 |     console.error(`[http][business] GET ${path} · error de red · ${detail}`);
          |             ^
      174 |     return {ok: false, message: 'No pudimos conectar con el servicio de perfil.'};
      175 |   }
      176 | };

      at error (src/features/profile/accountApi.ts:173:13)
          at Generator.throw (<anonymous>)
      at asyncGeneratorStep (node_modules/@babel/runtime/helpers/asyncToGenerator.js:3:17)
      at _throw (node_modules/@babel/runtime/helpers/asyncToGenerator.js:20:9)

    console.error
      [http][business] GET /api/v1/user/profile · error de red · Una prueba intentó salir a la red: https://paktay.rocketsoftwarecore.com/api/v1/user/profile. Usa fakeAuthServer() para programar la respuesta.

      171 |   } catch (error) {
      172 |     const detail = error instanceof Error ? error.message : 'error desconocido';
    > 173 |     console.error(`[http][business] GET ${path} · error de red · ${detail}`);
          |             ^
      174 |     return {ok: false, message: 'No pudimos conectar con el servicio de perfil.'};
      175 |   }
      176 | };

      at error (src/features/profile/accountApi.ts:173:13)
          at Generator.throw (<anonymous>)
      at asyncGeneratorStep (node_modules/@babel/runtime/helpers/asyncToGenerator.js:3:17)
      at _throw (node_modules/@babel/runtime/helpers/asyncToGenerator.js:20:9)

    console.info
      [http][business] GET /api/v1/user/categories · iniciando

      at info (src/features/expenses/categoryApi.ts:21:13)

    console.error
      [http][business] GET /api/v1/user/categories · error de red · Una prueba intentó salir a la red: https://paktay.rocketsoftwarecore.com/api/v1/user/categories. Usa fakeAuthServer() para programar la respuesta.

      34 |   } catch (error) {
      35 |     const detail = error instanceof Error ? error.message : 'error desconocido';
    > 36 |     console.error(`[http][business] ${init?.method ?? 'GET'} ${path} · error de red · ${detail}`);
         |             ^
      37 |     return {ok: false, message: 'No pudimos conectar con el servicio de categorías.'};
      38 |   }
      39 | };

      at error (src/features/expenses/categoryApi.ts:36:13)
          at Generator.throw (<anonymous>)
      at asyncGeneratorStep (node_modules/@babel/runtime/helpers/asyncToGenerator.js:3:17)
      at _throw (node_modules/@babel/runtime/helpers/asyncToGenerator.js:20:9)

    console.info
      [http][business] GET /api/v1/user/profile · consultando perfil

      at info (src/features/profile/accountApi.ts:135:13)

    console.error
      [http][business] GET /api/v1/user/profile · error de red · Una prueba intentó salir a la red: https://paktay.rocketsoftwarecore.com/api/v1/user/profile. Usa fakeAuthServer() para programar la respuesta.

      171 |   } catch (error) {
      172 |     const detail = error instanceof Error ? error.message : 'error desconocido';
    > 173 |     console.error(`[http][business] GET ${path} · error de red · ${detail}`);
          |             ^
      174 |     return {ok: false, message: 'No pudimos conectar con el servicio de perfil.'};
      175 |   }
      176 | };

      at error (src/features/profile/accountApi.ts:173:13)
          at Generator.throw (<anonymous>)
      at asyncGeneratorStep (node_modules/@babel/runtime/helpers/asyncToGenerator.js:3:17)
      at _throw (node_modules/@babel/runtime/helpers/asyncToGenerator.js:20:9)

    console.info
      [http][business] GET /api/v1/user/categories · iniciando

      at info (src/features/expenses/categoryApi.ts:21:13)

    console.error
      [http][business] GET /api/v1/user/categories · error de red · Una prueba intentó salir a la red: https://paktay.rocketsoftwarecore.com/api/v1/user/categories. Usa fakeAuthServer() para programar la respuesta.

      34 |   } catch (error) {
      35 |     const detail = error instanceof Error ? error.message : 'error desconocido';
    > 36 |     console.error(`[http][business] ${init?.method ?? 'GET'} ${path} · error de red · ${detail}`);
         |             ^
      37 |     return {ok: false, message: 'No pudimos conectar con el servicio de categorías.'};
      38 |   }
      39 | };

      at error (src/features/expenses/categoryApi.ts:36:13)
          at Generator.throw (<anonymous>)
      at asyncGeneratorStep (node_modules/@babel/runtime/helpers/asyncToGenerator.js:3:17)
      at _throw (node_modules/@babel/runtime/helpers/asyncToGenerator.js:20:9)

    console.info
      [http][business] GET /api/v1/user/profile · consultando perfil

      at info (src/features/profile/accountApi.ts:135:13)

    console.error
      [http][business] GET /api/v1/user/profile · error de red · Una prueba intentó salir a la red: https://paktay.rocketsoftwarecore.com/api/v1/user/profile. Usa fakeAuthServer() para programar la respuesta.

      171 |   } catch (error) {
      172 |     const detail = error instanceof Error ? error.message : 'error desconocido';
    > 173 |     console.error(`[http][business] GET ${path} · error de red · ${detail}`);
          |             ^
      174 |     return {ok: false, message: 'No pudimos conectar con el servicio de perfil.'};
      175 |   }
      176 | };

      at error (src/features/profile/accountApi.ts:173:13)
          at Generator.throw (<anonymous>)
      at asyncGeneratorStep (node_modules/@babel/runtime/helpers/asyncToGenerator.js:3:17)
      at _throw (node_modules/@babel/runtime/helpers/asyncToGenerator.js:20:9)

    console.info
      [http][business] GET /api/v1/user/categories · iniciando

      at info (src/features/expenses/categoryApi.ts:21:13)

    console.error
      [http][business] GET /api/v1/user/categories · error de red · Una prueba intentó salir a la red: https://paktay.rocketsoftwarecore.com/api/v1/user/categories. Usa fakeAuthServer() para programar la respuesta.

      34 |   } catch (error) {
      35 |     const detail = error instanceof Error ? error.message : 'error desconocido';
    > 36 |     console.error(`[http][business] ${init?.method ?? 'GET'} ${path} · error de red · ${detail}`);
         |             ^
      37 |     return {ok: false, message: 'No pudimos conectar con el servicio de categorías.'};
      38 |   }
      39 | };

      at error (src/features/expenses/categoryApi.ts:36:13)
          at Generator.throw (<anonymous>)
      at asyncGeneratorStep (node_modules/@babel/runtime/helpers/asyncToGenerator.js:3:17)
      at _throw (node_modules/@babel/runtime/helpers/asyncToGenerator.js:20:9)

    console.info
      [http][business] GET /api/v1/user/profile · consultando perfil

      at info (src/features/profile/accountApi.ts:135:13)

    console.error
      [http][business] GET /api/v1/user/profile · error de red · Una prueba intentó salir a la red: https://paktay.rocketsoftwarecore.com/api/v1/user/profile. Usa fakeAuthServer() para programar la respuesta.

      171 |   } catch (error) {
      172 |     const detail = error instanceof Error ? error.message : 'error desconocido';
    > 173 |     console.error(`[http][business] GET ${path} · error de red · ${detail}`);
          |             ^
      174 |     return {ok: false, message: 'No pudimos conectar con el servicio de perfil.'};
      175 |   }
      176 | };

      at error (src/features/profile/accountApi.ts:173:13)
          at Generator.throw (<anonymous>)
      at asyncGeneratorStep (node_modules/@babel/runtime/helpers/asyncToGenerator.js:3:17)
      at _throw (node_modules/@babel/runtime/helpers/asyncToGenerator.js:20:9)

    console.error
      An update to SplashProvider inside a test was not wrapped in act(...).
      
      When testing, code that causes React state updates should be wrapped into act(...):
      
      act(() => {
        /* fire events that update state */
      });
      /* assert on the output */
      
      This ensures that you're testing the behavior the user would see in the browser. Learn more at https://react.dev/link/wrap-tests-with-act

      88 |           }
      89 |         });
    > 90 |         if (!cancelled) setConnectionFailed(!healthy);
         |                         ^
      91 |         if (healthy) await bootstrapRef.current?.();
      92 |       } catch (error) {
      93 |         // Un fallo de arranque no debe dejar al usuario atrapado en el splash:

      at node_modules/react-test-renderer/cjs/react-test-renderer.development.js:14402:19
      at runWithFiberInDEV (node_modules/react-test-renderer/cjs/react-test-renderer.development.js:2315:13)
      at warnIfUpdatesNotWrappedWithActDEV (node_modules/react-test-renderer/cjs/react-test-renderer.development.js:14401:9)
      at scheduleUpdateOnFiber (node_modules/react-test-renderer/cjs/react-test-renderer.development.js:12086:9)
      at dispatchSetStateInternal (node_modules/react-test-renderer/cjs/react-test-renderer.development.js:6208:13)
      at dispatchSetState (node_modules/react-test-renderer/cjs/react-test-renderer.development.js:6165:7)
      at setConnectionFailed (src/app/providers/SplashProvider.tsx:90:25)
      at asyncGeneratorStep (node_modules/@babel/runtime/helpers/asyncToGenerator.js:3:17)
      at _next (node_modules/@babel/runtime/helpers/asyncToGenerator.js:17:9)

    console.info
      [http][keycloak] POST /realms/paktay/protocol/openid-connect/token · renovando sesión

      at info (src/features/auth/restoreSession.ts:36:11)

    console.error
      [http][keycloak] POST /realms/paktay/protocol/openid-connect/token · error de red · Una prueba intentó salir a la red: https://keycloak.rocketsoftwarecore.com/realms/paktay/protocol/openid-connect/token. Usa fakeAuthServer() para programar la respuesta.

      79 |     // para volver a intentarlo en el siguiente arranque, pero no se entra al Home.
      80 |     const detail = error instanceof Error ? error.message : 'error desconocido';
    > 81 |     console.error(`[http][keycloak] POST ${refreshPath} · error de red · ${detail}`);
         |             ^
      82 |     return 'signed-out';
      83 |   }
      84 | };

      at error (src/features/auth/restoreSession.ts:81:13)
          at Generator.throw (<anonymous>)
      at asyncGeneratorStep (node_modules/@babel/runtime/helpers/asyncToGenerator.js:3:17)
      at _throw (node_modules/@babel/runtime/helpers/asyncToGenerator.js:20:9)

    console.info
      [http][business] GET /api/v1/user/profile · consultando perfil

      at info (src/features/profile/accountApi.ts:135:13)

    console.error
      [http][business] GET /api/v1/user/profile · error de red · Una prueba intentó salir a la red: https://paktay.rocketsoftwarecore.com/api/v1/user/profile. Usa fakeAuthServer() para programar la respuesta.

      171 |   } catch (error) {
      172 |     const detail = error instanceof Error ? error.message : 'error desconocido';
    > 173 |     console.error(`[http][business] GET ${path} · error de red · ${detail}`);
          |             ^
      174 |     return {ok: false, message: 'No pudimos conectar con el servicio de perfil.'};
      175 |   }
      176 | };

      at error (src/features/profile/accountApi.ts:173:13)
          at Generator.throw (<anonymous>)
      at asyncGeneratorStep (node_modules/@babel/runtime/helpers/asyncToGenerator.js:3:17)
      at _throw (node_modules/@babel/runtime/helpers/asyncToGenerator.js:20:9)

    console.info
      [http][business] GET /api/v1/user/profile · consultando perfil

      at info (src/features/profile/accountApi.ts:135:13)

    console.info
      [http][business] GET /api/v1/user/profile · consultando perfil

      at info (src/features/profile/accountApi.ts:135:13)

    console.error
      [http][business] GET /api/v1/user/profile · error de red · Una prueba intentó salir a la red: https://paktay.rocketsoftwarecore.com/api/v1/user/profile. Usa fakeAuthServer() para programar la respuesta.

      171 |   } catch (error) {
      172 |     const detail = error instanceof Error ? error.message : 'error desconocido';
    > 173 |     console.error(`[http][business] GET ${path} · error de red · ${detail}`);
          |             ^
      174 |     return {ok: false, message: 'No pudimos conectar con el servicio de perfil.'};
      175 |   }
      176 | };

      at error (src/features/profile/accountApi.ts:173:13)
          at Generator.throw (<anonymous>)
      at asyncGeneratorStep (node_modules/@babel/runtime/helpers/asyncToGenerator.js:3:17)
      at _throw (node_modules/@babel/runtime/helpers/asyncToGenerator.js:20:9)

    console.error
      [http][business] GET /api/v1/user/profile · error de red · Una prueba intentó salir a la red: https://paktay.rocketsoftwarecore.com/api/v1/user/profile. Usa fakeAuthServer() para programar la respuesta.

      171 |   } catch (error) {
      172 |     const detail = error instanceof Error ? error.message : 'error desconocido';
    > 173 |     console.error(`[http][business] GET ${path} · error de red · ${detail}`);
          |             ^
      174 |     return {ok: false, message: 'No pudimos conectar con el servicio de perfil.'};
      175 |   }
      176 | };

      at error (src/features/profile/accountApi.ts:173:13)
          at Generator.throw (<anonymous>)
      at asyncGeneratorStep (node_modules/@babel/runtime/helpers/asyncToGenerator.js:3:17)
      at _throw (node_modules/@babel/runtime/helpers/asyncToGenerator.js:20:9)

PASS __tests__/cardFinishes.test.ts
PASS __tests__/resolveOnboarding.test.ts
  ● Console

    console.warn
      [auth] Keychain no está enlazado en este binario; usando almacenamiento local hasta recompilar iOS.

      47 |   if (warnedMissingKeychain) return;
      48 |   warnedMissingKeychain = true;
    > 49 |   console.warn(
         |           ^
      50 |     '[auth] Keychain no está enlazado en este binario; usando almacenamiento local hasta recompilar iOS.',
      51 |   );
      52 | };

      at warn (src/features/auth/tokens.ts:49:11)
      at warnMissingKeychain (src/features/auth/tokens.ts:107:31)
      at asyncGeneratorStep (node_modules/@babel/runtime/helpers/asyncToGenerator.js:3:17)
      at _next (node_modules/@babel/runtime/helpers/asyncToGenerator.js:17:9)
      at node_modules/@babel/runtime/helpers/asyncToGenerator.js:22:7
      at node_modules/@babel/runtime/helpers/asyncToGenerator.js:14:12
      at apply (src/features/auth/tokens.ts:95:24)
      at src/features/onboarding/resolveOnboarding.ts:42:35
      at asyncGeneratorStep (node_modules/@babel/runtime/helpers/asyncToGenerator.js:3:17)
      at _next (node_modules/@babel/runtime/helpers/asyncToGenerator.js:17:9)

PASS __tests__/shortcutStatus.test.ts
PASS __tests__/nativeWalletInbox.test.ts
PASS __tests__/theme.test.tsx
  ● Console

    console.warn
      [auth] Keychain no está enlazado en este binario; usando almacenamiento local hasta recompilar iOS.

      47 |   if (warnedMissingKeychain) return;
      48 |   warnedMissingKeychain = true;
    > 49 |   console.warn(
         |           ^
      50 |     '[auth] Keychain no está enlazado en este binario; usando almacenamiento local hasta recompilar iOS.',
      51 |   );
      52 | };

      at warn (src/features/auth/tokens.ts:49:11)
      at warnMissingKeychain (src/features/auth/tokens.ts:107:31)
      at asyncGeneratorStep (node_modules/@babel/runtime/helpers/asyncToGenerator.js:3:17)
      at _next (node_modules/@babel/runtime/helpers/asyncToGenerator.js:17:9)
      at node_modules/@babel/runtime/helpers/asyncToGenerator.js:22:7
      at node_modules/@babel/runtime/helpers/asyncToGenerator.js:14:12
      at apply (src/features/auth/tokens.ts:95:24)
      at src/features/expenses/categoryApi.ts:15:35
      at asyncGeneratorStep (node_modules/@babel/runtime/helpers/asyncToGenerator.js:3:17)
      at _next (node_modules/@babel/runtime/helpers/asyncToGenerator.js:17:9)
      at node_modules/@babel/runtime/helpers/asyncToGenerator.js:22:7
      at node_modules/@babel/runtime/helpers/asyncToGenerator.js:14:12
      at apply (src/features/expenses/categoryApi.ts:14:14)
      at request (src/features/expenses/categoryApi.ts:41:76)
      at src/features/profile/screens/ProfileScreen.tsx:164:28
      at Object.react_stack_bottom_frame (node_modules/react-test-renderer/cjs/react-test-renderer.development.js:15755:20)
      at runWithFiberInDEV (node_modules/react-test-renderer/cjs/react-test-renderer.development.js:2315:13)
      at commitHookEffectListMount (node_modules/react-test-renderer/cjs/react-test-renderer.development.js:9530:29)
      at commitHookPassiveMountEffects (node_modules/react-test-renderer/cjs/react-test-renderer.development.js:9617:11)
      at commitPassiveMountOnFiber (node_modules/react-test-renderer/cjs/react-test-renderer.development.js:11205:13)
      at recursivelyTraversePassiveMountEffects (node_modules/react-test-renderer/cjs/react-test-renderer.development.js:11160:11)
      at commitPassiveMountOnFiber (node_modules/react-test-renderer/cjs/react-test-renderer.development.js:11240:11)
      at flushPendingEffects (node_modules/react-test-renderer/cjs/react-test-renderer.development.js:14086:11)
      at performWorkOnRootViaSchedulerTask (node_modules/react-test-renderer/cjs/react-test-renderer.development.js:2896:11)
      at flushActQueue (node_modules/react/cjs/react.development.js:590:34)
      at Object.<anonymous>.process.env.NODE_ENV.exports.act (node_modules/react/cjs/react.development.js:884:10)
      at Object.act (__tests__/theme.test.tsx:162:27)
      at asyncGeneratorStep (node_modules/@babel/runtime/helpers/asyncToGenerator.js:3:17)
      at _next (node_modules/@babel/runtime/helpers/asyncToGenerator.js:17:9)
      at node_modules/@babel/runtime/helpers/asyncToGenerator.js:22:7
      at Object.<anonymous> (node_modules/@babel/runtime/helpers/asyncToGenerator.js:14:12)

PASS __tests__/WidgetTutorialScreen.test.tsx
PASS __tests__/manualExpense.test.ts
PASS __tests__/amountProtection.test.ts
PASS __tests__/sessionEvents.test.ts
PASS __tests__/pushTokenApi.test.ts
  ● Console

    console.warn
      [auth] Keychain no está enlazado en este binario; usando almacenamiento local hasta recompilar iOS.

      47 |   if (warnedMissingKeychain) return;
      48 |   warnedMissingKeychain = true;
    > 49 |   console.warn(
         |           ^
      50 |     '[auth] Keychain no está enlazado en este binario; usando almacenamiento local hasta recompilar iOS.',
      51 |   );
      52 | };

      at warn (src/features/auth/tokens.ts:49:11)
      at warnMissingKeychain (src/features/auth/tokens.ts:144:7)
      at asyncGeneratorStep (node_modules/@babel/runtime/helpers/asyncToGenerator.js:3:17)
      at _next (node_modules/@babel/runtime/helpers/asyncToGenerator.js:17:9)
      at node_modules/@babel/runtime/helpers/asyncToGenerator.js:22:7
      at node_modules/@babel/runtime/helpers/asyncToGenerator.js:14:12
      at apply (src/features/auth/tokens.ts:141:25)
      at Object.<anonymous> (__tests__/pushTokenApi.test.ts:22:20)
      at asyncGeneratorStep (node_modules/@babel/runtime/helpers/asyncToGenerator.js:3:17)
      at _next (node_modules/@babel/runtime/helpers/asyncToGenerator.js:17:9)

PASS __tests__/manualExpenseDate.test.ts
PASS __tests__/shortcutLink.test.ts
PASS __tests__/MovementScreens.test.tsx (8.768 s)
PASS __tests__/deleteAccountApi.test.ts
  ● Console

    console.warn
      [auth] Keychain no está enlazado en este binario; usando almacenamiento local hasta recompilar iOS.

      47 |   if (warnedMissingKeychain) return;
      48 |   warnedMissingKeychain = true;
    > 49 |   console.warn(
         |           ^
      50 |     '[auth] Keychain no está enlazado en este binario; usando almacenamiento local hasta recompilar iOS.',
      51 |   );
      52 | };

      at warn (src/features/auth/tokens.ts:49:11)
      at warnMissingKeychain (src/features/auth/tokens.ts:144:7)
      at asyncGeneratorStep (node_modules/@babel/runtime/helpers/asyncToGenerator.js:3:17)
      at _next (node_modules/@babel/runtime/helpers/asyncToGenerator.js:17:9)
      at node_modules/@babel/runtime/helpers/asyncToGenerator.js:22:7
      at node_modules/@babel/runtime/helpers/asyncToGenerator.js:14:12
      at apply (src/features/auth/tokens.ts:141:25)
      at Object.<anonymous> (__tests__/deleteAccountApi.test.ts:24:20)
      at asyncGeneratorStep (node_modules/@babel/runtime/helpers/asyncToGenerator.js:3:17)
      at _next (node_modules/@babel/runtime/helpers/asyncToGenerator.js:17:9)
      at node_modules/@babel/runtime/helpers/asyncToGenerator.js:22:7
      at Object.<anonymous> (node_modules/@babel/runtime/helpers/asyncToGenerator.js:14:12)

    console.info
      [http][auth] POST /api/v1/auth/account/delete · eliminando la cuenta

      at info (src/features/profile/accountApi.ts:287:13)

    console.info
      [http][auth] POST /api/v1/auth/account/delete · completado · status=200

      at info (src/features/profile/accountApi.ts:304:15)

    console.info
      [http][auth] POST /api/v1/auth/account/delete · eliminando la cuenta

      at info (src/features/profile/accountApi.ts:287:13)

    console.warn
      [http][auth] POST /api/v1/auth/account/delete · error HTTP · status=400

      305 |       return {ok: true};
      306 |     }
    > 307 |     console.warn(`[http][auth] POST ${path} · error HTTP · status=${response.status}`);
          |             ^
      308 |     if (response.status === 400) {
      309 |       return {
      310 |         ok: false,

      at warn (src/features/profile/accountApi.ts:307:13)
      at asyncGeneratorStep (node_modules/@babel/runtime/helpers/asyncToGenerator.js:3:17)
      at _next (node_modules/@babel/runtime/helpers/asyncToGenerator.js:17:9)

    console.info
      [http][auth] POST /api/v1/auth/account/delete · eliminando la cuenta

      at info (src/features/profile/accountApi.ts:287:13)

    console.warn
      [http][auth] POST /api/v1/auth/account/delete · error HTTP · status=502

      305 |       return {ok: true};
      306 |     }
    > 307 |     console.warn(`[http][auth] POST ${path} · error HTTP · status=${response.status}`);
          |             ^
      308 |     if (response.status === 400) {
      309 |       return {
      310 |         ok: false,

      at warn (src/features/profile/accountApi.ts:307:13)
      at asyncGeneratorStep (node_modules/@babel/runtime/helpers/asyncToGenerator.js:3:17)
      at _next (node_modules/@babel/runtime/helpers/asyncToGenerator.js:17:9)

    console.info
      [http][auth] POST /api/v1/auth/account/delete · eliminando la cuenta

      at info (src/features/profile/accountApi.ts:287:13)

    console.error
      [http][auth] POST /api/v1/auth/account/delete · error de red · Network request failed

      346 |       (error.name === 'AbortError' || error.message.includes('Aborted'));
      347 |     const detail = error instanceof Error ? error.message : 'error desconocido';
    > 348 |     console.error(`[http][auth] POST ${path} · error de red · ${detail}`);
          |             ^
      349 |     return {
      350 |       ok: false,
      351 |       reason: 'retry',

      at error (src/features/profile/accountApi.ts:348:13)
          at Generator.throw (<anonymous>)
      at asyncGeneratorStep (node_modules/@babel/runtime/helpers/asyncToGenerator.js:3:17)
      at _throw (node_modules/@babel/runtime/helpers/asyncToGenerator.js:20:9)

PASS __tests__/AutomatizacionesScreen.test.tsx
PASS __tests__/pendingExpenses.test.ts
PASS __tests__/restoreSession.test.ts
  ● Console

    console.info
      [http][keycloak] POST /realms/paktay/protocol/openid-connect/token · renovando sesión

      at info (src/features/auth/restoreSession.ts:36:11)

    console.info
      [http][keycloak] POST /realms/paktay/protocol/openid-connect/token · sesión renovada · status=200

      at info (src/features/auth/restoreSession.ts:73:13)

    console.info
      [http][keycloak] POST /realms/paktay/protocol/openid-connect/token · renovando sesión

      at info (src/features/auth/restoreSession.ts:36:11)

PASS __tests__/shortcutLinkPublished.test.ts
PASS __tests__/bankCatalog.test.ts
  ● Console

    console.warn
      [auth] Keychain no está enlazado en este binario; usando almacenamiento local hasta recompilar iOS.

      47 |   if (warnedMissingKeychain) return;
      48 |   warnedMissingKeychain = true;
    > 49 |   console.warn(
         |           ^
      50 |     '[auth] Keychain no está enlazado en este binario; usando almacenamiento local hasta recompilar iOS.',
      51 |   );
      52 | };

      at warn (src/features/auth/tokens.ts:49:11)
      at warnMissingKeychain (src/features/auth/tokens.ts:107:31)
      at asyncGeneratorStep (node_modules/@babel/runtime/helpers/asyncToGenerator.js:3:17)
      at _next (node_modules/@babel/runtime/helpers/asyncToGenerator.js:17:9)
      at node_modules/@babel/runtime/helpers/asyncToGenerator.js:22:7
      at node_modules/@babel/runtime/helpers/asyncToGenerator.js:14:12
      at apply (src/features/auth/tokens.ts:95:24)
      at src/features/expenses/bankCatalog.ts:51:35
      at asyncGeneratorStep (node_modules/@babel/runtime/helpers/asyncToGenerator.js:3:17)
      at _next (node_modules/@babel/runtime/helpers/asyncToGenerator.js:17:9)
      at node_modules/@babel/runtime/helpers/asyncToGenerator.js:22:7
      at node_modules/@babel/runtime/helpers/asyncToGenerator.js:14:12
      at apply (src/features/expenses/bankCatalog.ts:50:29)
      at Object.<anonymous> (__tests__/bankCatalog.test.ts:19:31)
      at asyncGeneratorStep (node_modules/@babel/runtime/helpers/asyncToGenerator.js:3:17)
      at _next (node_modules/@babel/runtime/helpers/asyncToGenerator.js:17:9)
      at node_modules/@babel/runtime/helpers/asyncToGenerator.js:22:7
      at Object.<anonymous> (node_modules/@babel/runtime/helpers/asyncToGenerator.js:14:12)

    console.info
      [http][business] GET /api/v1/catalog/banks · consultando catálogo

      at info (src/features/expenses/bankCatalog.ts:63:13)

    console.info
      [http][business] GET /api/v1/catalog/banks · completado · status=200 · items=1

      at info (src/features/expenses/bankCatalog.ts:112:13)

    console.info
      [http][business] GET /api/v1/catalog/banks · consultando catálogo

      at info (src/features/expenses/bankCatalog.ts:63:13)

    console.warn
      [http][business] GET /api/v1/catalog/banks · sesión rechazada · status=401

      71 |
      72 |     if (response.status === 401 || response.status === 403) {
    > 73 |       console.warn(`[http][business] GET ${path} · sesión rechazada · status=${response.status}`);
         |               ^
      74 |       notifyIfUnauthorized(response.status);
      75 |       return {
      76 |         ok: false,

      at warn (src/features/expenses/bankCatalog.ts:73:15)
      at asyncGeneratorStep (node_modules/@babel/runtime/helpers/asyncToGenerator.js:3:17)
      at _next (node_modules/@babel/runtime/helpers/asyncToGenerator.js:17:9)

PASS __tests__/WalletShortcutScreen.test.tsx
PASS __tests__/moneyInput.test.ts
PASS __tests__/startupHealth.test.ts
  ● Console

    console.info
      [http][startup] GET Keycloak healthcheck · iniciando

      at info (src/features/auth/startupHealth.ts:26:13)

    console.info
      [http][startup] GET Auth healthcheck · iniciando

      at info (src/features/auth/startupHealth.ts:26:13)

    console.info
      [http][startup] GET Business healthcheck · iniciando

      at info (src/features/auth/startupHealth.ts:26:13)

    console.info
      [http][startup] GET Keycloak healthcheck · disponible · status=200

      at info (src/features/auth/startupHealth.ts:29:15)

    console.info
      [http][startup] GET Auth healthcheck · disponible · status=200

      at info (src/features/auth/startupHealth.ts:29:15)

    console.info
      [http][startup] GET Business healthcheck · disponible · status=200

      at info (src/features/auth/startupHealth.ts:29:15)

    console.info
      [http][startup] GET Keycloak healthcheck · iniciando

      at info (src/features/auth/startupHealth.ts:26:13)

    console.info
      [http][startup] GET Auth healthcheck · iniciando

      at info (src/features/auth/startupHealth.ts:26:13)

    console.info
      [http][startup] GET Business healthcheck · iniciando

      at info (src/features/auth/startupHealth.ts:26:13)

    console.error
      [http][startup] GET Keycloak healthcheck · sin conexión · sin conexión

      39 |   } catch (error) {
      40 |     const detail = error instanceof Error ? error.message : String(error);
    > 41 |     console.error(`[http][startup] GET ${name} healthcheck · sin conexión · ${detail}`);
         |             ^
      42 |     return false;
      43 |   }
      44 | };

      at error (src/features/auth/startupHealth.ts:41:13)
          at Generator.throw (<anonymous>)
      at asyncGeneratorStep (node_modules/@babel/runtime/helpers/asyncToGenerator.js:3:17)
      at _throw (node_modules/@babel/runtime/helpers/asyncToGenerator.js:20:9)

    console.error
      [http][startup] GET Auth healthcheck · sin conexión · sin conexión

      39 |   } catch (error) {
      40 |     const detail = error instanceof Error ? error.message : String(error);
    > 41 |     console.error(`[http][startup] GET ${name} healthcheck · sin conexión · ${detail}`);
         |             ^
      42 |     return false;
      43 |   }
      44 | };

      at error (src/features/auth/startupHealth.ts:41:13)
          at Generator.throw (<anonymous>)
      at asyncGeneratorStep (node_modules/@babel/runtime/helpers/asyncToGenerator.js:3:17)
      at _throw (node_modules/@babel/runtime/helpers/asyncToGenerator.js:20:9)

    console.error
      [http][startup] GET Business healthcheck · sin conexión · sin conexión

      39 |   } catch (error) {
      40 |     const detail = error instanceof Error ? error.message : String(error);
    > 41 |     console.error(`[http][startup] GET ${name} healthcheck · sin conexión · ${detail}`);
         |             ^
      42 |     return false;
      43 |   }
      44 | };

      at error (src/features/auth/startupHealth.ts:41:13)
          at Generator.throw (<anonymous>)
      at asyncGeneratorStep (node_modules/@babel/runtime/helpers/asyncToGenerator.js:3:17)
      at _throw (node_modules/@babel/runtime/helpers/asyncToGenerator.js:20:9)

PASS __tests__/merchantRules.test.ts

Test Suites: 62 passed, 62 total
Tests:       728 passed, 728 total
Snapshots:   0 total
Time:        9.647 s
Ran all test suites.
exit=0
